code,company_name
13010,極洋
13320,ニッスイ
13330,Ｕｍｉｏｓ
135A0,ヴレインＳ
14170,ミライトワン
141A0,トライアル
14310,リブワーク
145A0,エルイズビー
147A0,ソラコム
14910,中外鉱
15140,住石ＨＤ
15180,三井松島ＨＤ
155A0,情報戦略テク
16050,ＩＮＰＥＸ
16620,石油資源
167A0,リョー菱ＨＤ
17210,コムシスＨＤ
173A0,ハンモック
175A0,ウィルスマ
18320,北海電工
18850,東亜建
18930,五洋建
19250,大和ハウス
19300,北陸電工
19420,関電工
19440,きんでん
19450,東京エネシス
19510,エクシオＧ
19520,新日本空調
19590,クラフティア
195A0,マスカットＧ
19610,三機工
19630,日揮ＨＤ
19660,高田工
19690,高砂熱
19750,朝日工
19800,ダイダン
19820,日比谷設
19920,神田通機
20010,ニップン
20020,日清粉Ｇ
20530,中部飼
20600,フィードワン
208A0,構造計画ＨＤ
21080,甜菜糖
21090,ＤＭ三井製糖
21300,メンバーズ
21340,北浜ＣＰ
21480,ＩＴメディア
21580,フロンテオ
21640,地域新聞社
21730,博展
21860,ソーバル
218A0,リベラウェア
228A0,オプロ
23150,ＣＡＩＣＡＤ
23170,システナ
23210,ソフトフロン
23270,ＮＳＳＯＬ
23300,フォーサイド
23340,イオレ
23350,キューブシス
23380,クオンタムＳ
23490,エヌアイデイ
23540,ＹＥデジタル
23750,ギグワークス
23760,サイネックス
23790,ディップ
23910,プラネット
24130,エムスリー
241A0,ＲＯＸＸ
24320,ディーエヌエ
24360,共同ＰＲ
244A0,グロースｘＰ
24590,アウン
246A0,アスア
247A0,Ａｉロボ
24800,シスロケ
24830,翻訳センター
24880,ＪＴＰ
25010,サッポロ
25020,アサヒ
25030,キリンＨＤ
254A0,ＡＩＦＣＧ
255A0,ＧＬテクノ
265A0,Ｈｍｃｏｍｍ
26670,イメージワン
26700,ＡＢＣマート
26760,高千穂交易
268A0,リガクＨＤ
26980,キャンドゥ
269A0,Ｓａｐｅｅｔ
27370,トーメンデバ
27600,東エレデバ
27680,双日
276A0,ククレブ
27760,新都ＨＤ
277A0,グロービング
27820,セリア
278A0,テラドローン
27910,大黒天
28020,味の素
280A0,ＴＭＨ
281A0,インフォメテ
28200,やまみ
285A0,キオクシア
286A0,ユカリア
28710,ニチレイ
287A0,黒田グループ
290A0,Ｓｙｎｓ
29140,ＪＴ
29620,テクニスコ
29800,ＳＲＥＨＤ
298A0,ＧＶＡテック
30360,アルコニクス
30380,神戸物産
303A0,ｖｉｓｕｍｏ
30400,ソリトン
304A0,フォルシア
30830,スターシーズ
30890,Ｔアルファ
31030,ユニチカ
31040,富士紡ＨＤ
31050,日清紡ＨＤ
31060,クラボウ
31100,日東紡
31310,シンデンハイ
31320,マクニカＨＤ
31390,ラクトＪ
31530,八洲電機
31560,レスター
31670,ＴＯＫＡＩ
31680,ＭＥＲＦ
31760,三洋貿易
31890,ＡＮＡＰＨＤ
32040,トーア紡
32890,東急不ＨＤ
33000,アンビＤＸ
330A0,タレントＸ
331A0,メディックス
33210,ミタチ産業
33230,レカム
33330,あさひ
336A0,ダイナマップ
33740,内外テック
33820,セブン＆アイ
34010,帝人
34020,東レ
34070,旭化成
34330,トーカロ
34360,ＳＵＭＣＯ
34410,山王
34430,川田テク
34440,菊池製作
34450,ＲＳテクノ
34460,Ｊテック・Ｃ
34490,テクノフレ
34910,ＧＡテクノ
35560,リネットＪ
35650,アセンテック
36220,ネットイヤー
36250,テックファム
36260,ＴＩＳＩ
36270,テクミラ
36340,ソケッツ
36360,三菱総研
36390,ボルテージ
36400,電算
36480,ＡＧＳ
36490,ファインデ
36520,ＤＭＰ
36530,モルフォ
36560,ＫＬａｂ
36570,ポールＨＤ
366A0,ウェルネス
36710,ソフトＭＡＸ
36730,ブロドリーフ
36740,オークファン
36760,デジハＨＤ
36800,ホットリンク
36830,サイバーリン
36870,Ｆスターズ
36900,イルグルム
36940,オプティム
36950,ＧＭＯ－ＰＰ
36980,ＣＲＩ
37080,特種東海
37190,ＡＩストーム
37410,セック
37440,サイオス
37470,インタートレ
37580,アエリア
37660,システムズＤ
37680,リスモン
37710,システムリサ
37730,ＡＭＩ
37740,ＩＩＪ
37760,ＢＢタワー
37770,環境フレンド
37780,さくらネット
37960,いい生活
37990,キーウェア
38080,ＯＫＷＥＢ
38170,ＳＲＡＨＤ
38260,ＳＩ
38350,ｅＢＡＳＥ
38360,アバントＧ
38390,ＯＤＫ
38400,パス
38410,ジーダット
38430,フリービット
38440,コムチュア
38500,ＮＴＴＤイン
38530,アステリア
38580,ユビＡＩ
38610,王子ＨＤ
38630,日本紙
38640,三菱紙
38650,北越コーポ
38770,中越パ
38780,巴川コーポ
387A0,フラー
38800,大王紙
38950,ハビックス
39000,クラウドＷ
39040,カヤック
39050,データセク
39070,シリコンスタ
39080,コラボス
39090,ショーケース
39130,ＧｒｅｅｎＢ
39140,ＪＩＧＳＡＷ
39150,テラスカイ
39160,ＤＩＴ
39170,アイリッジ
39180,ＰＣＩＨＤ
39200,アイビーシー
39210,ネオジャパン
39230,ラクス
39250,ダブスタ
39270,Ｆ－ブレイン
39280,マイネット
39370,Ｕｂｉｃｏｍ
39390,カナミックＮ
39410,レンゴー
39460,トーモク
39620,チェンジＨＤ
39650,キャピタルＡ
39670,エルテス
39770,フュージョン
39840,ユーザーロカ
39850,テモナ
39870,エコモット
39880,ＳＹＳＨＤ
39920,ニーズウェル
39930,パークシャ
39960,サインポスト
39970,Ｔワークス
40040,レゾナック
40050,住友化
40110,ヘッドウォ
40120,アクシス
40180,ジオロケ
40200,ビートレンド
40210,日産化
40220,ラサ工
40410,日曹達
40420,東ソー
40430,トクヤマ
40440,セ硝子
40470,関電化
40520,フィーチャ
40550,Ｔ＆Ｓ・Ｇ
40560,ニューラルＧ
40620,イビデン
40630,信越化
40640,カーバイド
40690,ブルーミーム
40710,ＰＡコンサル
40720,電算システム
40750,ブレインズ
40760,シイエヌエス
40820,稀元素
40880,エアウォータ
40910,日本酸素ＨＤ
40920,日本化
40990,四国化ＨＤ
41070,伊勢化
41090,ステラケミ
410A0,ＧＭＯコマス
41140,日触媒
41240,大阪油化
41250,三和油化工業
415A0,ＧＭＯテック
41650,プレイド
41660,かっこ
41670,ココペリ
41680,ヤプリ
41690,エネチェンジ
41700,カイゼン
41720,Ｈｉクラテス
41740,アピリッツ
41770,ｉ－ｐｌｕｇ
41780,Ｓイノベ
41790,ジーネクスト
41800,Ａｐｐｉｅｒ
41820,菱ガス化
41830,三井化学
41860,東応化
41870,大有機
41880,三菱ケミＧ
41890,ＫＨネオケム
41980,テンダ
42030,住友ベ
42050,ゼオン
42080,ＵＢＥ
42160,旭有機材
42210,大倉工
42290,群栄化
42380,ミライアル
42410,アテクト
42560,サインド
42580,網屋
42590,エクサＷｉｚ
42600,ハイブリッド
42610,アジアＱ
42630,サスメド
42640,セキュア
42650,ＩＧＳ
42700,ＢｅｅＸ
42720,日化薬
42750,カーリット
42840,ソルクシーズ
42930,セプテニＨＤ
429A0,テクセンド
43070,野村総研
43160,ビーマップ
431A0,ユーソナー
43200,ＣＥＨＤ
43260,インテージＨ
43350,ＩＰＳＨＤ
43470,ブロメディア
43560,応用技術
43660,ダイトーケミ
43680,扶桑化学
43690,トリケミカル
43700,モビルス
43710,ＣＣＴ
43730,シンプレクス
43780,ＣＩＮＣ
43790,フォトシンス
43810,ビープラッツ
43820,ＨＥＲＯＺ
43860,ＳＩＧＧ
43880,エーアイ
43920,ＦＩＧ
43950,アクリート
43960,システムサポ
44010,ＡＤＥＫＡ
44090,東邦化
44100,ハリマ化成Ｇ
44120,サイエンスＡ
44140,フレクト
44160,トゥルーＤ
44180,ＪＤＳＣ
44190,フィナＨＤ
44220,ＶＮＸ
44250,Ｋｕｄａｎ
44270,エデュラボ
44280,シノプス
44290,リックソフト
44300,東海ソフト
44320,ウイングアク
44340,サーバワクス
44360,ミンカブ
44400,ヴィッツ
44410,トビラシステ
44430,Ｓａｎｓａｎ
44440,インフォネ
44460,リンクユーＧ
44610,一工薬
44620,石原ケミ
44640,ソフト９９
446A0,ノースサンド
44710,三洋化
44760,ＡＩクロス
44830,ＪＭＤＣ
44880,ＡＩｉｎｓ
44930,サイバーセキ
44980,サイバトラス
44990,スピー
45020,武田
45240,仁丹
45310,有機薬
45680,第一三共
45720,カルナバイオ
45960,窪田製薬ＨＤ
460A0,ＢＲＡＮＵ
46260,太陽ＨＤ
46340,ａｒｔｉｅｎ
46620,フォーカス
46640,ＲＳＣ
46740,クレスコ
46850,菱友システム
46860,ジャスト
46870,ＴＤＣソフト
46890,ラインヤフー
47090,ＩＤＨＤ
47160,日本オラクル
47220,フューチャー
47250,ＣＡＣ
47360,日本ラッド
47460,東計電算
47510,サイバー
47610,さくらＫＣＳ
47630,Ｃ＆Ｒ
47840,ＧＭＯインタ
478A0,フツパー
479A0,ＰＲＯＮＩ
480A0,リブコンサル
48110,ドリムアーツ
48120,電通総研
48130,ＡＣＣＥＳＳ
48140,ネクスウェア
48250,ＷＮＩウェザ
48260,ＣＩＪ
48290,日エンター
48390,ＷＯＷＯＷ
48450,スカラ
48470,インテリＷ
48890,レナ
49010,富士フイルム
49020,コニカミノル
49660,上村工
49680,荒川化
49700,東洋合成
49730,日本高純度
49750,ＪＣＵ
49800,デクセリ
49970,日農薬
50160,ＪＸ金属
50190,出光興産
50200,ＥＮＥＯＳ
50210,コスモＨＤ
50250,マーキュリー
50260,トリプルアイ
50270,エニマインド
50280,セカンドＸ
50290,サークレイス
50330,ヌーラボ
50340,ウネリー
50350,ＨＯＵＳＥＩ
505A0,ギークリー
51210,藤コンポ
51290,ＦＩＸＥＲ
51310,リンカーズ
51320,プラスゼロ
51360,トリプラ
51370,スマートＤ
51390,オープンＷ
51860,ニッタ
519A0,ベーシック
52010,ＡＧＣ
52100,日山村硝
52160,倉元
52180,オハラ
52320,住友大阪
52400,ｍｏｎｏＡＩ
52430,ノート
52440,ｊｉｇ．ｊｐ
52460,エレメンツ
52470,ＢＴＭ
52480,テクノロジー
52500,ＧＭＯプラ
52550,モンラボ
52560,フュージック
52570,ノバシステム
53010,東海カーボン
53020,カーボン
53040,ＳＥＣカーボ
53100,東洋炭素
53310,ノリタケ
53320,ＴＯＴＯ
53330,ＮＧＫ
53340,特殊陶
53410,アサヒエイト
53440,ＭＡＲＵＷＡ
53510,品川リフラ
53670,ニッカトー
53810,マイポックス
53840,フジミインコ
53930,ニチアス
54010,日本製鉄
54060,神戸鋼
54110,ＪＦＥ
545A0,トランヴィア
546A0,ミライニＨＤ
54710,大同特鋼
54800,冶金工
54840,東北鋼
548A0,シスエグゼ
550A0,ソフトテック
55410,大平金
55420,報国マテリア
55630,新日本電工
55710,エキサイト
55720,リッジアイ
55740,ＡＢＥＪＡ
55750,グロービー
55780,ＡＲアドバン
55820,グリッド
55860,ラボロＡＩ
55880,ファーストＡ
55910,アヴィレン
56090,日鋳造
56120,鋳鉄管
56310,日製鋼
56590,日精線
56980,エンビプロ
57020,大紀ア
57030,日軽金ＨＤ
57060,三井金属
57070,東邦鉛
57110,三菱マ
57130,住友鉱
57140,ＤＯＷＡ
57150,古河機金
57240,アサカ理研
57260,大阪チタ
57290,日精鉱
57410,ＵＡＣＪ
57420,ＮＩＣ
58010,古河電
58020,住友電
58030,フジクラ
58050,ＳＷＣＣ
58170,ＪＭＡＣＳ
58210,平河ヒューテ
58300,いよぎんＨＤ
58310,しずおかＦＧ
58320,ちゅうぎんＦ
58440,京都ＦＧ
584A0,ＬｉＮＫＸ
58570,ＡＲＥＨＤ
58850,ジーデップ
593A0,ティアフォー
59420,フイルコン
59550,ワイズＨＤ
59850,サンコール
598A0,チャットプラ
59910,ニッパツ
60270,弁護士ＣＯＭ
60310,ＺＥＴＡ
60350,ＩＲジャパン
60380,イード
60500,イーガーディ
60550,Ｊマテリアル
60580,ベクトル
60810,アライドアキ
60870,アビスト
60880,シグマクシス
60900,ＨＭＴ
60940,フリークＨＤ
60980,リクルート
61030,オークマ
61250,岡本工
61340,ＦＵＪＩ
61350,牧野フ
61380,ダイジェト
61400,旭ダイヤ
61460,ディスコ
61470,ヤマザキ
61510,日東工器
61550,高松機械
61560,エーワン精密
61580,和井田
61660,中村超硬
61670,冨士ダイス
61770,アップバンク
61820,メタリアル
61850,ＳＭＮ
61910,エアトリ
61930,バーチャレク
61940,アトラエ
61990,セラク
62080,石川製
62090,リケンＮＰＲ
62270,ＡＩメカ
62280,ＪＥＴ
62310,木村工機
62320,ＡＣＳＬ
62350,オプトラン
62370,イワキポンプ
62540,野村マイクロ
62580,平田機工
62640,マルマエ
62650,コンバム
62660,タツモ
62680,ナブテスコ
62690,三井海洋
62730,ＳＭＣ
62760,シリウスＶ
62780,ユニオンツル
62980,ワイエイシイ
63020,住友重
63090,巴工業
63150,ＴＯＷＡ
63170,北川鉄
63220,タクミナ
63230,ローツェ
63240,ハーモニック
63300,東洋エンジ
63360,石井表記
63370,テセック
63380,タカトリ
63390,新東工
63400,渋谷工
63610,荏原
63670,ダイキン
63680,オルガノ
63700,栗田工
63830,ダイフク
63840,昭和真空
63870,サムコ
64070,ＣＫＤ
64330,ヒーハイスト
64480,ブラザー
64580,新晃工
64710,日精工
64790,ミネベア
64800,トムソン
64810,ＴＨＫ
64860,イーグル工
64900,ＰＩＬＬＡＲ
64940,ＮＦＫＨＤ
64970,ハマイ
64980,キッツ
65010,日立
65030,三菱電
65040,富士電機
65060,安川電
65070,シンフォニア
65130,オリジン
65160,山洋電
65180,三相電機
65210,オキサイド
65240,湖北工業
65250,コクサイエレ
65260,ソシオネクス
65540,エスユーエス
65550,ＭＳコンサル
65600,ＬＴＳ
65620,ジーニー
65680,神戸天然物化
65720,オープンＧ
65730,ＣＲＡＶＩＡ
65740,コンヴァノ
65790,ログリー
65800,ライトアップ
65840,三桜工
65900,芝浦
65940,ニデック
65970,ＨＰＣシス
65990,エブレン
66130,ＱＤレーザ
66140,シキノＨＴ
66150,ＵＭＣエレ
66160,ＴＯＲＥＸ
66170,東光高岳
66200,宮越ＨＤ
66220,ダイヘン
66260,ＳＥＭＴＥＣ
66270,テラプローブ
66290,Ｔホライゾン
66320,ＪＶＣケンウ
66440,大崎電
66450,オムロン
66480,かわでん
66510,日東工
66530,正興電
66560,インスペック
66630,太洋テクノ
66660,リバーエレク
66680,ＡＤプラズマ
66740,ＧＳユアサ
66960,トラースＯＰ
67010,ＮＥＣ
67020,富士通
67030,ＯＫＩ
67070,サンケン
67210,ウインテスト
67230,ルネサス
67240,エプソン
67280,アルバック
67300,アクセル
67420,京三
67530,シャープ
67540,アンリツ
67580,ソニーＧ
67620,ＴＤＫ
67690,ザイン
67700,アルプスアル
67770,ｓａｎｔｅｃ
67790,日電波
68000,ヨコオ
68030,ティアック
68100,マクセル
68230,リオン
68320,アオイ電子
68340,精工技研
68380,多摩川ＨＤ
68400,ＡＫＩＢＡ
68440,新電元
68460,中央製
68500,チノー
68550,電子材料
68560,堀場製
68570,アドテスト
68580,小野測器
68590,エスペック
68610,キーエンス
68620,ミナトＨＤ
68630,ニレコ
68640,エヌエフＨＤ
68700,フェンオール
68710,日本マイクロ
68740,協立電機
68750,メガチップス
68770,ＯＢＡＲＡＧ
68820,三社電機
68900,フェローテク
68980,トミタ電機
69020,デンソー
69050,コーセル
69070,ジオマテック
69080,イリソ電子
69180,アバール
69190,ケル
69200,レーザーテク
69250,ウシオ電
69280,エノモト
69410,山一電機
69420,ソフィア
69460,日本アビオ
69510,日電子
69520,カシオ
69540,ファナック
69610,エンプラス
69630,ローム
69650,ホトニクス
69660,三井ハイテク
69710,京セラ
69880,日東電
69940,指月電
69980,タングス
70030,三井Ｅ＆Ｓ
70110,三菱重
70120,川重
70210,ニッチツ
70340,プロレド
70390,ブリッジ－Ｇ
70410,ＣＲＧＨＤ
70440,ピアラ
70460,ＴＤＳＥ
70470,ポート
70680,ＦフォースＧ
70720,インテＭ
70730,ジェイック
70780,ＩＮＣＨＤ
70950,マクビープラ
71500,島根銀行
71610,じもとＨＤ
71670,めぶきＦＧ
71730,東京きらぼし
71800,九州ＦＧ
71840,富山第一銀
71860,横浜ＦＧ
71890,西日本ＦＨ
72030,トヨタ
72200,武蔵精密
72670,ホンダ
72710,安永
72720,ヤマハ発
72800,ミツバ
73220,三十三ＦＧ
73250,アイリック
73270,第四北越ＦＧ
73370,ひろぎんＨＤ
73500,おきなわＦＧ
73710,Ｚｅｎｋｅｎ
73730,アイドマＨＤ
73800,十六ＦＧ
73810,ＣＣＩＧ
73840,プロクレＨＤ
73890,あいちＦＧ
74170,南陽
74330,伯東
74560,松田産業
74850,岡谷鋼機
74880,ヤガミ
75100,たけびし
75160,コーナン
75250,リックス
75270,システムソフ
75370,丸文
75650,万世電機
75670,栄電子
75950,アルゴグラフ
76070,進和
76090,ダイトロン
76370,白銅
76940,いつも
77010,島津
77110,助川電気
77130,シグマ光機
77150,長野計器
77170,Ｖテク
77210,東京計器
77260,黒田精
77290,東京精
77310,ニコン
77350,スクリン
77410,ＨＯＹＡ
77450,Ａ＆Ｄホロン
77460,岡本硝子
77510,キヤノン
77690,リズム
77790,サイバダイン
77940,ＥＤＰ
78120,クレステック
78210,前田工繊
78260,フルヤ金属
78750,竹田ｉＰ
78850,タカノ
79080,ＫＩＭＯＴＯ
79110,ＴＯＰＰＡＮ
79120,大日印
79310,未来工業
79510,ヤマハ
79520,河合楽
79660,リンテック
79740,任天堂
79950,バルカー
80010,伊藤忠
80020,丸紅
80120,長瀬産
80150,豊田通商
80200,兼松
80230,ＤＡＩＫＯＸ
80310,三井物
80350,東エレク
80500,セイコーＧ
80530,住友商
80560,ビプロジー
80580,三菱商
80600,キヤノンＭＪ
80650,佐藤商
80780,阪和興
80790,正栄食
80840,ＲＹＯＤＥＮ
80850,ナラサキ
80880,岩谷産
80950,アステナＨＤ
80980,稲畑産
81010,クレオス
81030,明和産
81050,ＢＴＣＪＰＮ
81380,三京化
81410,新光商
81500,三信電
81540,加賀電子
81570,都築電
81590,立花エレ
82260,理経
82850,三谷産業
83060,三菱ＵＦＪ
83160,三井住友ＦＧ
83310,千葉銀
83340,群馬銀
83360,武蔵銀
83370,千葉興
83380,筑波銀
83410,七十七
83430,秋田銀
83440,山形銀
83450,岩手銀
83460,東邦銀
83490,東北銀
83540,ふくおかＦＧ
83580,スルガ銀
83590,八十二長野
83600,山梨銀
83610,大垣共立
83620,福井銀
83640,清水銀
83650,富山銀
83660,滋賀銀
83670,南都銀
83680,百五銀
83700,紀陽銀
83770,ほくほくＦＧ
83810,山陰合銀
83830,鳥取銀
83860,百十四
83870,四国銀
83880,阿波銀
83920,大分銀
83930,宮崎銀
83950,佐賀銀
83980,筑邦銀
83990,琉球銀
84110,みずほＦＧ
84160,高知銀
84180,山口ＦＧ
84390,東京センチュ
85220,名古屋銀
85240,北洋銀
85370,大光銀
85410,愛媛銀
85420,トマト銀
85440,京葉銀
85500,栃木銀
85510,北日銀
85540,南日銀
85580,東和銀
85590,豊和銀
85600,宮崎太銀
85620,福島銀
85630,大東銀
86000,トモニＨＤ
87130,フィデアＨＤ
87140,池田泉州ＨＤ
87660,東京海上
87830,ａｂｃ
88020,菱地所
88040,東建物
88180,京阪神ビル
91010,郵船
91650,クオルテック
92010,ＪＡＬ
92020,ＡＮＡＨＤ
92110,エフ・コード
92160,ビーウィズ
92190,ギックス
92250,ブリッジＧ
92270,マイクロ波
92350,売れるＧ
92400,デリバリコン
92410,ＦＬネット
92460,プロＨＤ
92490,エコシステム
92540,ラバブルＭＧ
92580,ＣＳ－Ｃ
93300,揚羽
93440,アクシスＣ
93480,アイスペース
93600,鈴与シンワ
93760,ユーラシア
94180,ＵＮＥＸＴ
94250,ＲｅＹｕｕ
94320,ＮＴＴ
94330,ＫＤＤＩ
94340,ＳＢ
94380,ＭＴＩ
94390,ＭＨグループ
94490,ＧＭＯ
94680,カドカワ
94740,ゼンリン
95010,東電ＨＤ
95020,中部電
95030,関西電
95040,中国電
95050,北陸電
95060,東北電
95070,四国電
95080,九州電
95090,北海電
95110,沖縄電
95310,東ガス
95320,大ガス
95330,邦ガス
95520,クオンツ総研
95530,マイクロアド
95580,ジャパニアス
95610,グラッドＣ
96030,ＨＩＳ
96510,日本プロセス
96820,ＤＴＳ
96850,ＫＹＣＯＭ
96870,ＫＳＫ
96910,両毛システム
96920,シーイーシー
96980,クレオ
97020,アイエスビー
97090,ＮＣＳ＆Ａ
97150,トランスコス
97260,ＫＮＴＣＴ
97350,セコム
97390,ＮＳＷ
97420,アイネス
97460,ＴＫＣ
97530,ＩＸナレッジ
97570,船井総研ＨＤ
97590,ＮＳＤ
97680,いであ
97990,旭情報
98430,ニトリＨＤ
98670,ソレキア
98800,イノテック
98880,ＵＥＸ
98890,ＪＢＣＣＨＤ
99130,日邦産業
99280,ミロク情報
99830,ファストリ
99840,ＳＢＧ
