code,sector_17_code,sector_33_code
13010,1,0050
13320,1,0050
13330,1,0050
13750,1,0050
13770,1,0050
13790,1,0050
14140,3,2050
14170,3,2050
14190,3,2050
14290,3,2050
14330,3,2050
15150,2,1050
15180,10,3800
16050,2,1050
16620,2,1050
16630,2,1050
167A0,13,6050
17190,3,2050
17200,3,2050
17210,3,2050
17260,3,2050
17620,3,2050
17660,3,2050
17730,3,2050
17800,3,2050
17860,3,2050
18010,3,2050
18020,3,2050
18030,3,2050
18080,3,2050
18120,3,2050
18130,3,2050
18140,3,2050
18150,3,2050
18200,3,2050
18330,3,2050
18350,3,2050
18520,3,2050
18600,3,2050
18610,3,2050
18700,3,2050
18710,3,2050
18730,3,2050
18780,17,8050
18790,3,2050
18820,3,2050
18850,3,2050
18870,3,2050
18880,3,2050
18930,3,2050
18980,3,2050
18990,3,2050
19110,3,2050
19250,3,2050
19260,3,2050
19280,3,2050
19290,3,2050
19300,3,2050
19340,3,2050
19380,3,2050
19390,3,2050
19410,3,2050
19420,3,2050
19440,3,2050
19450,3,2050
19460,3,2050
19500,3,2050
19510,3,2050
19520,3,2050
19590,3,2050
19610,3,2050
19630,3,2050
19640,3,2050
19680,3,2050
19690,3,2050
19750,3,2050
19760,3,2050
19790,3,2050
19800,3,2050
19820,3,2050
20010,1,3050
20020,1,3050
20040,1,3050
20530,1,3050
20600,1,3050
21080,1,3050
21090,1,3050
21170,1,3050
21200,10,9050
21210,10,5250
21240,10,9050
21270,10,9050
212A0,10,9050
21300,10,9050
21460,10,9050
21480,10,9050
21530,10,9050
21540,10,9050
21570,10,9050
21630,10,9050
21680,10,9050
21700,10,9050
21750,10,9050
21810,10,9050
21980,10,9050
22010,1,3050
22060,1,3050
22070,1,3050
22090,1,3050
22110,1,3050
22120,1,3050
22170,1,3050
22200,1,3050
22220,1,3050
22290,1,3050
22640,1,3050
22660,1,3050
22670,1,3050
22690,1,3050
22700,1,3050
22810,1,3050
22820,1,3050
22880,1,3050
22920,1,3050
22940,1,3050
22960,1,3050
23010,10,9050
23070,10,5250
23170,10,5250
23250,10,9050
23260,10,5250
23270,10,5250
23310,10,9050
23350,10,5250
23370,17,8050
23530,17,8050
23590,10,5250
23710,10,9050
23780,10,9050
23790,10,9050
23840,12,5050
23950,10,9050
24100,10,9050
24130,10,9050
24290,10,9050
24320,10,5250
24330,10,9050
24610,10,9050
24620,10,9050
24710,10,9050
24750,10,9050
24910,10,9050
24920,10,9050
25010,1,3050
25020,1,3050
25030,1,3050
25310,1,3050
25330,1,3050
25400,1,3050
256A0,3,2050
25790,1,3050
25850,1,3050
25870,1,3050
25900,1,3050
25930,1,3050
25940,1,3050
26020,1,3050
26070,1,3050
26130,1,3050
262A0,14,6100
26590,14,6100
26640,14,6100
26700,14,6100
26740,14,6100
26760,13,6050
26780,14,6100
26810,14,6100
26850,14,6100
268A0,9,3750
26920,13,6050
26950,14,6100
27260,14,6100
27300,14,6100
27330,13,6050
27340,14,6100
27370,13,6050
27420,14,6100
27490,10,9050
27520,14,6100
27530,14,6100
27600,13,6050
27670,13,6050
27680,13,6050
277A0,10,9050
27840,13,6050
27910,14,6100
27920,14,6100
28010,1,3050
28020,1,3050
28040,1,3050
28090,1,3050
28100,1,3050
28110,1,3050
28150,1,3050
285A0,9,3650
28710,1,3050
28740,13,6050
28750,1,3050
28820,1,3050
28840,1,3050
28970,1,3050
29080,1,3050
29100,1,3050
29140,1,3050
29150,1,3050
29180,1,3050
29220,1,3050
29290,1,3050
29300,4,3200
29310,1,3050
29330,1,3050
29350,1,3050
29750,17,8050
29800,17,8050
29820,17,8050
30020,4,3100
30030,17,8050
30280,14,6100
30310,10,5250
30340,14,6100
30360,13,6050
30380,13,6050
30400,10,5250
30460,14,6100
30480,14,6100
30500,14,6100
30640,14,6100
30760,13,6050
30860,14,6100
30870,14,6100
30880,14,6100
30910,14,6100
30920,14,6100
30930,14,6100
30970,14,6100
30990,14,6100
31010,4,3200
31040,4,3100
31050,9,3650
31060,4,3100
31070,13,6050
31090,4,3100
31100,3,3400
31160,6,3700
31320,13,6050
31390,13,6050
31480,14,6100
31500,11,4050
31510,13,6050
31530,13,6050
31540,13,6050
31560,13,6050
31670,13,6050
31760,13,6050
31790,14,6100
31800,13,6050
31820,14,6100
31830,13,6050
31860,14,6100
31910,14,6100
31930,14,6100
31960,14,6100
31970,14,6100
31980,14,6100
31990,14,6100
32010,4,3100
32210,14,6100
32310,17,8050
32320,17,8050
32450,17,8050
32520,17,8050
32760,17,8050
32840,17,8050
32880,17,8050
32890,17,8050
32910,17,8050
33020,4,3100
33150,2,3300
33330,14,6100
33490,14,6100
33600,13,6050
33710,10,5250
33820,14,6100
33870,14,6100
33880,13,6050
33910,14,6100
33930,13,6050
33950,14,6100
33970,14,6100
34010,4,3100
34020,4,3100
34050,4,3200
34070,4,3200
34150,14,6100
34310,3,3550
34330,3,3550
34360,3,3550
34430,3,3550
34450,3,3550
34570,17,8050
34650,17,8050
34750,17,8050
34800,17,8050
34820,17,8050
34860,17,8050
34960,17,8050
34980,17,8050
35010,4,3100
35390,14,6100
35430,13,6050
35460,14,6100
35480,14,6100
35490,14,6100
35610,14,6100
35630,14,6100
35690,4,3100
35800,4,3100
35910,4,3100
35930,4,3100
36080,4,3100
36120,4,3100
36260,10,5250
36320,10,5250
36350,10,5250
36360,10,5250
36490,10,5250
36560,10,5250
36570,10,5250
36590,10,5250
36600,10,5250
36610,10,5250
36620,10,5250
36630,10,5250
36650,10,5250
36680,10,5250
36730,10,5250
36760,10,5250
36780,10,5250
36790,10,5250
36810,10,5250
36870,10,5250
368A0,9,3750
36940,10,5250
36960,10,5250
36970,10,5250
37080,4,3150
37410,10,5250
37620,10,5250
37630,10,5250
37650,10,5250
37690,10,5250
37710,10,5250
37740,10,5250
37780,10,5250
37880,10,5250
38170,10,5250
38340,10,5250
38350,10,5250
38360,10,5250
38370,10,5250
38430,10,5250
38440,10,5250
38530,10,5250
38540,10,5250
38610,4,3150
38630,4,3150
38640,4,3150
38650,4,3150
38770,4,3150
38800,4,3150
39010,10,5250
39030,10,5250
39150,10,5250
39160,10,5250
39210,10,5250
39220,10,5250
39230,10,5250
39250,10,5250
39320,10,5250
39390,10,5250
39410,4,3150
39460,4,3150
39500,4,3150
39620,10,5250
39630,10,5250
39640,10,5250
39680,10,5250
39830,10,5250
39840,10,5250
39920,10,5250
39930,10,5250
39940,10,5250
40040,4,3200
40050,4,3200
40080,4,3200
40210,4,3200
40220,4,3200
40230,4,3200
40250,4,3200
40270,4,3200
40280,4,3200
40410,4,3200
40420,4,3200
40430,4,3200
40440,4,3200
40450,4,3200
40460,4,3200
40470,4,3200
40510,10,5250
40530,10,5250
40610,4,3200
40620,9,3650
40630,4,3200
40640,4,3200
40710,10,5250
40720,10,5250
40780,4,3200
40820,4,3200
40880,4,3200
40910,4,3200
40920,4,3200
40950,4,3200
40970,4,3200
40990,4,3200
409A0,1,3050
41090,4,3200
41120,4,3200
41140,4,3200
41160,4,3200
41180,4,3200
41510,5,3250
417A0,14,6100
41800,10,5250
41820,4,3200
41830,4,3200
41860,4,3200
41870,4,3200
41880,4,3200
41890,4,3200
41940,10,5250
42020,4,3200
42030,4,3200
42040,4,3200
42050,4,3200
42060,4,3200
42080,4,3200
42120,4,3200
42160,4,3200
42180,4,3200
42200,4,3200
42210,4,3200
42280,4,3200
42290,4,3200
42460,4,3200
42490,4,3200
42510,4,3200
42720,4,3200
42750,4,3200
42900,10,9050
429A0,10,3800
43010,10,9050
43070,10,5250
43100,10,9050
43180,10,9050
43230,10,5250
43240,10,9050
43260,10,5250
43310,10,9050
43370,10,9050
43430,10,9050
43440,10,5250
43450,10,9050
43620,4,3200
43680,4,3200
43690,4,3200
43730,10,5250
43840,10,5250
43850,10,5250
43900,10,5250
43920,10,5250
43960,10,5250
44010,4,3200
44030,4,3200
44100,4,3200
44130,10,5250
44320,10,5250
44330,10,9050
44430,10,5250
44460,10,5250
44490,10,5250
44520,4,3200
44610,4,3200
44620,4,3200
44710,4,3200
44800,10,5250
44810,10,5250
44830,10,5250
45020,5,3250
45030,5,3250
45060,5,3250
45070,5,3250
45160,5,3250
45190,5,3250
45210,5,3250
45230,5,3250
45260,1,3050
45270,5,3250
45280,5,3250
45300,5,3250
45340,5,3250
45360,5,3250
45380,5,3250
45400,5,3250
45430,9,3750
45440,10,9050
45470,5,3250
45480,5,3250
45490,5,3250
45520,5,3250
45530,5,3250
45540,5,3250
45590,5,3250
45650,5,3250
45680,5,3250
45690,5,3250
45740,5,3250
45770,5,3250
45780,5,3250
45870,5,3250
46110,4,3200
46120,4,3200
46130,4,3200
46170,4,3200
46260,4,3200
46310,4,3200
46330,4,3200
46340,4,3200
46410,10,9050
46580,10,9050
46610,10,9050
46620,10,5250
46650,10,9050
46660,17,8050
46680,10,9050
46740,10,5250
46760,10,5250
46800,10,9050
46810,10,9050
46840,10,5250
46860,10,5250
46870,10,5250
46890,10,5250
46940,10,9050
47040,10,5250
47090,10,5250
47140,10,9050
47180,10,9050
47190,10,5250
471A0,16,7200
47220,10,5250
47250,10,5250
47320,10,9050
47330,10,5250
47430,10,5250
47510,10,9050
47550,10,9050
47630,10,9050
47650,10,9050
47680,10,5250
47760,10,5250
47840,10,9050
47920,10,9050
48010,10,9050
48090,17,8050
48120,10,5250
48130,10,5250
48190,10,5250
48200,10,5250
48250,10,5250
48260,10,5250
48280,10,5250
48390,10,5250
48470,10,5250
48480,10,9050
48490,10,9050
48860,5,3250
48870,5,3250
49010,4,3200
49020,9,3650
49110,4,3200
49120,4,3200
49140,4,3200
49170,4,3200
49190,4,3200
49220,4,3200
49230,4,3200
49270,4,3200
49280,4,3200
49310,4,3200
49330,4,3200
49510,4,3200
49560,4,3200
49580,4,3200
49670,4,3200
49680,4,3200
49710,4,3200
49730,4,3200
49740,4,3200
49750,4,3200
49800,4,3200
49850,4,3200
49960,4,3200
49970,4,3200
50110,2,3300
50160,7,3500
50190,2,3300
50200,2,3300
50210,2,3300
50320,10,5250
50360,10,5250
50740,3,2050
50760,3,2050
51010,6,3350
51050,6,3350
51080,6,3350
51100,6,3350
51210,6,3350
51220,6,3350
51420,4,3200
51850,6,3350
51860,6,3350
51920,6,3350
51950,6,3350
52010,3,3400
52020,3,3400
52080,4,3200
52140,3,3400
52320,3,3400
52330,3,3400
52610,10,9050
52620,3,3400
52690,3,3400
52880,3,3400
53010,3,3400
53020,3,3400
53100,3,3400
53310,3,3400
53320,3,3400
53330,3,3400
53340,3,3400
53440,3,3400
53510,3,3400
53570,3,3400
53840,3,3400
53930,3,3400
54010,7,3450
54060,7,3450
54080,7,3450
54100,7,3450
54110,7,3450
54230,7,3450
543A0,6,3700
54400,7,3450
54440,7,3450
54450,7,3450
544A0,8,3600
54510,7,3450
545A0,10,5250
54610,7,3450
54630,7,3450
546A0,13,6050
54710,7,3450
547A0,16,7200
54800,7,3450
54820,7,3450
55350,17,8050
55410,7,3450
55630,7,3450
56020,7,3450
56310,8,3600
56320,7,3450
56590,7,3450
57020,7,3500
57030,7,3500
57060,7,3500
57070,7,3500
57110,7,3500
57130,7,3500
57140,7,3500
57150,7,3500
57260,7,3500
57270,7,3500
57410,7,3500
57570,7,3500
58010,7,3500
58020,7,3500
58030,7,3500
58050,7,3500
58210,7,3500
58300,15,7050
58310,15,7050
58320,15,7050
58380,15,7050
58440,15,7050
58510,7,3500
58520,7,3500
58570,7,3500
58890,14,6100
59010,3,3550
59020,3,3550
59110,3,3550
59290,3,3550
59300,3,3550
59320,3,3550
59330,3,3550
59380,3,3550
59430,3,3550
59460,3,3550
59470,3,3550
59490,6,3700
59570,3,3550
59590,3,3550
59700,3,3550
59750,3,3550
59760,3,3550
59810,3,3550
59880,3,3550
59890,3,3550
59910,3,3550
60050,8,3600
60130,8,3600
60270,10,9050
60360,10,9050
60470,10,9050
60500,10,9050
60550,10,9050
60580,10,9050
60620,10,9050
60700,10,9050
60710,10,9050
60730,10,9050
60780,10,9050
60800,10,9050
60880,10,9050
60890,10,9050
60980,10,9050
60990,10,9050
61010,8,3600
61030,8,3600
61040,8,3600
61130,8,3600
61180,8,3600
61340,8,3600
61350,8,3600
61360,8,3600
61400,8,3600
61410,8,3600
61430,8,3600
61460,8,3600
61510,8,3600
61670,8,3600
61780,10,9050
61830,10,9050
61840,10,9050
61910,10,9050
61940,10,9050
61960,10,9050
61970,10,9050
62000,10,9050
62010,6,3700
62090,8,3600
62220,8,3600
62350,8,3600
62370,8,3600
62380,8,3600
62400,8,3600
62470,8,3600
62500,8,3600
62540,8,3600
62580,8,3600
62640,8,3600
62660,8,3600
62680,8,3600
62690,8,3600
62720,8,3600
62730,8,3600
62770,8,3600
62780,8,3600
62790,8,3600
62820,8,3600
62840,8,3600
62870,8,3600
62890,8,3600
62940,8,3600
62980,8,3600
63010,8,3600
63020,8,3600
63050,8,3600
63060,8,3600
63090,8,3600
63100,8,3600
63150,8,3600
63230,8,3600
63240,8,3600
63260,8,3600
63280,8,3600
63300,3,2050
63310,8,3600
63320,8,3600
63330,8,3600
63390,8,3600
63400,8,3600
63450,8,3600
63490,8,3600
63510,8,3600
63580,8,3600
63610,8,3600
63630,8,3600
63640,8,3600
63670,8,3600
63680,8,3600
63690,8,3600
63700,8,3600
63710,8,3600
63760,9,3750
63790,3,2050
63810,8,3600
63830,8,3600
63870,8,3600
63900,8,3600
63950,8,3600
64070,8,3600
64120,8,3600
64130,8,3600
64170,8,3600
64180,8,3600
64190,8,3600
64200,8,3600
64300,8,3600
64320,8,3600
64360,8,3600
64400,8,3600
64450,8,3600
64480,9,3650
64540,8,3600
64550,6,3700
64570,8,3600
64580,8,3600
64590,8,3600
64600,8,3600
64630,8,3600
64640,8,3600
64650,8,3600
64710,8,3600
64720,8,3600
64730,8,3600
64740,8,3600
64790,9,3650
64800,8,3600
64810,8,3600
64860,8,3600
64900,8,3600
64980,8,3600
65010,9,3650
65030,9,3650
65040,9,3650
65060,9,3650
65070,9,3650
65080,9,3650
65160,9,3650
65170,9,3650
65230,9,3650
65250,9,3650
65260,9,3650
65320,10,9050
65330,10,9050
65350,10,9050
65390,10,9050
65440,10,9050
65600,10,9050
65640,10,9050
65710,10,9050
65720,10,9050
65840,6,3700
65860,8,3600
65880,9,3650
65900,9,3650
65920,9,3650
65940,9,3650
66150,9,3650
66160,9,3650
66170,9,3650
66190,9,3650
66200,17,8050
66220,9,3650
66300,9,3650
66320,9,3650
66380,9,3650
66440,9,3650
66450,9,3650
66510,9,3650
66520,9,3650
66530,9,3650
66740,9,3650
67010,9,3650
67020,9,3650
67030,9,3650
67060,9,3650
67070,9,3650
67180,9,3650
67230,9,3650
67240,9,3650
67270,9,3650
67280,9,3650
67370,9,3650
67400,9,3650
67410,9,3650
67420,9,3650
67440,9,3650
67450,9,3650
67500,9,3650
67520,9,3650
67530,9,3650
67540,9,3650
67580,9,3650
67620,9,3650
67630,9,3650
67680,9,3650
67700,9,3650
67790,9,3650
67850,9,3650
67870,9,3650
67880,9,3650
67940,9,3650
67980,9,3650
68000,9,3650
68040,9,3650
68060,9,3650
68070,9,3650
68090,9,3650
68100,9,3650
68140,9,3650
68170,9,3650
68200,9,3650
68230,9,3650
68410,9,3650
68440,9,3650
68450,9,3650
68490,9,3650
68500,9,3650
68560,9,3650
68570,9,3650
68590,9,3650
68610,9,3650
68660,9,3650
68690,9,3650
68710,9,3650
68750,9,3650
69020,6,3700
69050,9,3650
69080,9,3650
69140,9,3650
69200,9,3650
69230,9,3650
69250,9,3650
69290,9,3650
69410,9,3650
69470,9,3650
69510,9,3650
69520,9,3650
69540,9,3650
69580,9,3650
69610,9,3650
69620,9,3650
69630,9,3650
69650,9,3650
69660,9,3650
69710,9,3650
69760,9,3650
69810,9,3650
69860,9,3650
69880,4,3200
69950,6,3700
69960,9,3650
69970,9,3650
69990,9,3650
70030,8,3600
70040,8,3600
70110,8,3600
70120,6,3700
70130,8,3600
70330,10,9050
70340,10,9050
70380,10,9050
70590,10,9050
70710,10,9050
70850,10,9050
70880,10,9050
70950,10,9050
71020,6,3700
71280,13,6050
71300,13,6050
71480,16,7100
71570,16,7150
71640,16,7200
71670,15,7050
71720,16,7100
71730,15,7050
71800,15,7050
71810,16,7150
71820,15,7050
71840,15,7050
71860,15,7050
71870,16,7200
71890,15,7050
71980,16,7200
71990,16,7200
72010,6,3700
72020,6,3700
72030,6,3700
72110,6,3700
72200,6,3700
72240,6,3700
72260,6,3700
72310,6,3700
72360,6,3700
72380,6,3700
72390,6,3700
72400,6,3700
72410,6,3700
72420,6,3700
72440,9,3650
72450,6,3700
72460,6,3700
72590,6,3700
72610,6,3700
72670,6,3700
72690,6,3700
72700,6,3700
72720,6,3700
72760,9,3650
72780,6,3700
72800,9,3650
72820,6,3700
72830,6,3700
72940,6,3700
72960,6,3700
73090,6,3700
73130,6,3700
73220,15,7050
73270,15,7050
73370,15,7050
73470,16,7100
73500,15,7050
73660,10,9050
73800,15,7050
73810,15,7050
73830,16,7200
73840,15,7050
73880,16,7150
73890,15,7050
74140,13,6050
74190,14,6100
74210,14,6100
74330,13,6050
74380,13,6050
74470,13,6050
74530,14,6100
74560,13,6050
74580,13,6050
74590,13,6050
74660,13,6050
74750,14,6100
74760,13,6050
74820,13,6050
74830,13,6050
75040,13,6050
75080,14,6100
75100,13,6050
75130,14,6100
75160,14,6100
75200,14,6100
75220,14,6100
75250,13,6050
75320,14,6100
75370,13,6050
75450,14,6100
75500,14,6100
75520,13,6050
75540,14,6100
75750,13,6050
75810,14,6100
75930,14,6100
75950,10,5250
75960,14,6100
75990,13,6050
76000,9,3750
76060,14,6100
76070,13,6050
76090,13,6050
76110,14,6100
76130,13,6050
76160,14,6100
76280,13,6050
76300,14,6100
76370,13,6050
76490,14,6100
76790,14,6100
76830,14,6100
77010,9,3750
77150,9,3750
77170,9,3750
77210,9,3750
77230,9,3750
77250,9,3750
77290,9,3750
77300,9,3750
77310,9,3750
77330,9,3750
77340,9,3750
77350,9,3650
77400,9,3750
77410,9,3750
77440,9,3750
77450,9,3750
77470,9,3750
77510,9,3650
77520,9,3650
77620,9,3750
77690,9,3750
77800,9,3750
78180,10,3800
78200,10,3800
78210,10,3800
78260,10,3800
78320,10,3800
78390,10,3800
78400,10,3800
78440,10,5250
78460,10,3800
78560,10,3800
78600,10,5250
78640,10,3800
78670,10,3800
78680,10,3800
78740,4,3200
78880,4,3200
78930,10,3800
79110,10,3800
79120,10,3800
79140,10,3800
79150,10,3800
79170,4,3200
79210,10,3800
79250,4,3200
79310,4,3200
79360,10,3800
79420,4,3200
79430,3,3400
79440,10,3800
79470,4,3200
79490,10,3800
79510,10,3800
79520,10,3800
79550,10,3800
79560,10,3800
79620,10,3800
79650,9,3650
79660,10,3800
79700,4,3200
79720,10,3800
79740,10,3800
79760,10,3800
79790,9,3750
79810,10,3800
79840,10,3800
79880,4,3200
79890,3,3550
79900,10,3800
79940,10,3800
79950,4,3200
80010,13,6050
80020,13,6050
80050,14,6100
80070,13,6050
80080,14,6100
80110,4,3100
80120,13,6050
80140,13,6050
80150,13,6050
80160,4,3100
80200,13,6050
80220,10,3800
80310,13,6050
80320,13,6050
80350,9,3650
80370,13,6050
80430,13,6050
80500,9,3750
80510,13,6050
80520,13,6050
80530,13,6050
80560,10,5250
80570,13,6050
80580,13,6050
80590,13,6050
80600,13,6050
80610,13,6050
80650,13,6050
80700,13,6050
80740,13,6050
80750,13,6050
80780,13,6050
80790,13,6050
80810,13,6050
80840,13,6050
80860,9,3750
80880,13,6050
80910,13,6050
80930,13,6050
80950,13,6050
80970,13,6050
80980,13,6050
81010,13,6050
81030,13,6050
81110,4,3100
81130,4,3200
81250,13,6050
81290,13,6050
81300,13,6050
81320,13,6050
81330,13,6050
81360,13,6050
81370,13,6050
81410,13,6050
81420,13,6050
81500,13,6050
81510,13,6050
81530,13,6050
81540,13,6050
81570,10,5250
81580,13,6050
81590,13,6050
81600,14,6100
81630,14,6100
81670,14,6100
81730,14,6100
81740,14,6100
81790,14,6100
81850,14,6100
81940,14,6100
82000,14,6100
82030,14,6100
82140,14,6100
82170,14,6100
82180,14,6100
82190,14,6100
82270,14,6100
82330,14,6100
82370,14,6100
82420,14,6100
82520,14,6100
82530,16,7200
82550,14,6100
82670,14,6100
82730,14,6100
82760,14,6100
82780,14,6100
82810,14,6100
82820,14,6100
82830,13,6050
83030,15,7050
83040,15,7050
83060,15,7050
83080,15,7050
83090,15,7050
83160,15,7050
83310,15,7050
83340,15,7050
83360,15,7050
83370,15,7050
83380,15,7050
83410,15,7050
83430,15,7050
83440,15,7050
83450,15,7050
83460,15,7050
83540,15,7050
83580,15,7050
83590,15,7050
83600,15,7050
83610,15,7050
83620,15,7050
83640,15,7050
83660,15,7050
83670,15,7050
83680,15,7050
83700,15,7050
83770,15,7050
83810,15,7050
83860,15,7050
83870,15,7050
83880,15,7050
83920,15,7050
83930,15,7050
83950,15,7050
83990,15,7050
84100,15,7050
84110,15,7050
84180,15,7050
84240,16,7200
84250,16,7200
84390,16,7200
84730,16,7100
85110,16,7200
85220,15,7050
85240,15,7050
85410,15,7050
85440,15,7050
85500,15,7050
85510,15,7050
85580,15,7050
85660,16,7200
85700,16,7200
85840,16,7200
85850,16,7200
85910,16,7200
85930,16,7200
85950,16,7100
86000,15,7050
86010,16,7100
86040,16,7100
86090,16,7100
86130,16,7100
86140,16,7100
86160,16,7100
86220,16,7100
86240,16,7100
86280,16,7100
86300,16,7150
86970,16,7200
86980,16,7100
87060,16,7100
87070,16,7100
87080,16,7100
87130,15,7050
87140,15,7050
87150,16,7150
87250,16,7150
87290,16,7150
87390,16,7100
87500,16,7150
87660,16,7150
87710,16,7200
87930,16,7200
87950,16,7150
87980,16,7150
88010,17,8050
88020,17,8050
88030,17,8050
88040,17,8050
88180,17,8050
88300,17,8050
88480,17,8050
88500,17,8050
88600,17,8050
88760,10,9050
88770,17,8050
88810,17,8050
88920,17,8050
88970,17,8050
89190,17,8050
89230,17,8050
89340,17,8050
89350,17,8050
89990,17,8050
90010,12,5050
90030,12,5050
90050,12,5050
90060,12,5050
90070,12,5050
90080,12,5050
90090,12,5050
90100,12,5050
90200,12,5050
90210,12,5050
90220,12,5050
90230,12,5050
90240,12,5050
90250,12,5050
90310,12,5050
90370,12,5050
90390,12,5050
90410,12,5050
90420,12,5050
90440,12,5050
90450,12,5050
90460,12,5050
90480,12,5050
90520,12,5050
90640,12,5050
90650,12,5050
90680,12,5050
90690,12,5050
90720,12,5050
90750,12,5050
90760,12,5050
90810,12,5050
90900,12,5050
91010,12,5100
91040,12,5100
91070,12,5100
91100,12,5100
91190,12,5100
91420,12,5050
91430,12,5050
91470,12,5050
92010,12,5150
92020,12,5150
92160,10,9050
92290,10,9050
92470,10,9050
92670,14,6100
92730,13,6050
92740,13,6050
92780,14,6100
92790,14,6100
93010,12,5200
93020,12,5200
93030,12,5200
93040,12,5200
93050,13,6050
93100,12,5200
93190,12,5200
93240,12,5200
93320,10,9050
93360,10,9050
93410,10,9050
93470,10,9050
93640,12,5200
93810,12,5200
94010,10,5250
94040,10,5250
94050,10,5250
94090,10,5250
94120,10,5250
94130,10,5250
94160,10,5250
94180,10,5250
94240,10,5250
94320,10,5250
94330,10,5250
94340,10,5250
94350,10,5250
94380,10,5250
94490,10,5250
94680,10,5250
94700,10,5250
94740,10,5250
95010,11,4050
95020,11,4050
95030,11,4050
95040,11,4050
95050,11,4050
95060,11,4050
95070,11,4050
95080,11,4050
95090,11,4050
95110,11,4050
95130,11,4050
95170,11,4050
95190,11,4050
95310,11,4050
95320,11,4050
95330,11,4050
95340,11,4050
95350,11,4050
95360,11,4050
95430,11,4050
95510,11,4050
95520,10,9050
96010,10,5250
96020,10,5250
96030,10,9050
96050,10,5250
96120,10,9050
96160,10,9050
96190,10,9050
96210,10,9050
96220,10,9050
96270,14,6100
96280,10,9050
96290,10,5250
96440,10,9050
96580,10,5250
96630,10,9050
96720,10,9050
96780,10,9050
96820,10,5250
96840,10,5250
96920,10,5250
96970,10,5250
96990,10,9050
97020,10,5250
97060,17,8050
97150,10,9050
97160,10,9050
97220,10,9050
97290,10,9050
97350,10,9050
97390,10,5250
97400,10,9050
97420,10,5250
97430,10,9050
97440,10,9050
97460,10,5250
97550,10,9050
97570,10,9050
97590,10,5250
97650,10,9050
97660,10,5250
97690,10,9050
97880,10,9050
97900,10,5250
97930,10,9050
97950,10,9050
98240,13,6050
98300,13,6050
98310,14,6100
98320,13,6050
98370,13,6050
98420,14,6100
98430,14,6100
98500,14,6100
98610,14,6100
98690,13,6050
98800,9,3650
98820,13,6050
98870,14,6100
98890,10,5250
99000,14,6100
99020,13,6050
99280,10,5250
99320,13,6050
99340,13,6050
99360,14,6100
99460,14,6100
99480,14,6100
99560,14,6100
99600,13,6050
99620,13,6050
99740,14,6100
99830,14,6100
99840,10,5250
99870,13,6050
99890,14,6100
99900,14,6100
99910,13,6050
99970,14,6100
