ifis_rank,stock_code,company_name,best_theme,theme_relevance_score,catalyst_status,catalyst_direction,catalyst_type,catalyst_gate,catalyst_confidence,catalyst_summary,technical_status,discovery_market_date,discovery_price,latest_market_date,latest_close,technical_reasons,research_disposition,source_urls,actionability
1,6654,不二電機工業,電力設備投資関連,93.0,WEAK,MIXED,EARNINGS,CAUTION,A,中間経常124百万円は会社事前予想90百万円を37.8%上回った一方、前年同期比22.5%減で通期予想は据え置き。注目材料ではあるが明確な上昇カタリストとは判定しない。,WAIT_FIRST_PULLBACK,2026-09-03,1106.0,2026-09-04,1078.0,still not buyable and no valid first pullback yet,SECONDARY_WATCH,https://www.fujidk.co.jp/ir/;https://kabuyoho.jp/consNewsDetail?cat=1&nid=6654_20260903_act_20260903_153010_1,RESEARCH_ONLY
2,7066,ピアズ,デジタルトランスフォーメーション,76.0,VALID,POSITIVE,CAPITAL_RETURN,PASS,A,未定だった2026年9月期の期末配当を17円とし前期16円から増配。累進配当と配当性向30%以上を視野に入れる方針を示した。,PULLBACK_FORMING,2026-09-03,490.0,2026-09-04,465.0,pullback depth 6.2% is in prototype range | volume contracted | price remains above MA25,WATCH_FORMING,https://s.kabutan.jp/news/k202609020002/,RESEARCH_ONLY
3,5039,キットアライブ,クラウドコンピューティング,97.0,NONE,NEUTRAL,NONE,FAIL,B,確認できる直近適時開示は8月14日の中間決算で、9月2-3日に新規の会社固有材料を確認できない。IFIS上昇だけを材料として扱わない。,WAIT_FIRST_PULLBACK,2026-09-03,1075.0,2026-09-04,1100.0,still not buyable and no valid first pullback yet,HOLD_FOR_EVIDENCE,https://finance.yahoo.co.jp/quote/5039.S/disclosure,RESEARCH_ONLY
4,6904,原田工業,自動車部材・部品,93.0,WEAK,POSITIVE_THEME,THEME_SYMPATHY,CAUTION,B,9月3日に自動運転関連として一時ストップ高となったが、会社の新規適時開示は8月26日以降確認できない。テーマ連想による資金流入として扱い、会社固有材料より一段低く評価。,PULLBACK_FORMING,2026-09-03,631.0,2026-09-04,631.0,pullback depth 3.4% is in prototype range | volume contracted | price remains above MA25,SECONDARY_FORMING,https://finance.yahoo.co.jp/quote/6904.T/disclosure;https://finance.yahoo.co.jp/news/detail/fdcf2d104d75894b8722141f923530b633d4a503,RESEARCH_ONLY
5,3653,モルフォ,人工知能,95.0,VALID,POSITIVE,PARTNERSHIP_TECH,PASS,A,AstemoとSDVのカメラ技術領域で共同開発開始を公表。8月27日の屋内自律点検ドローン実証採択もあり、AI・自動運転・ドローンの事業材料が連続している。,WAIT_FIRST_PULLBACK,2026-09-03,1315.0,2026-09-04,1379.0,still not buyable and no valid first pullback yet,WATCH_WAIT,https://www.morphoinc.com/news/2026,RESEARCH_ONLY
6,603A,アイ・グリッド・ソリューションズ,再生可能エネルギー,97.0,VALID,POSITIVE,GX_PARTNER_SELECTION,PASS,A,神戸市のGX産業団地構想の事業推進パートナーに選定。再エネ・大型蓄電池・エネルギーマネジメントに直接関係し、直近IPO後の事業材料蓄積として有効。ただし発見時点で9日経過している。,WAIT_FIRST_PULLBACK,2026-09-03,1149.0,2026-09-04,1145.0,still not buyable and no valid first pullback yet,WATCH_WAIT,https://igrid.co.jp/2026/08/25/news-kobe202608/;https://igrid.co.jp/2026/,RESEARCH_ONLY
7,6745,ホーチキ,防災,96.0,NONE,NEUTRAL,NONE,FAIL,B,確認できる直近適時開示は8月5日の第1四半期決算。9月2-3日に防災テーマへ直接つながる新規会社固有材料を確認できない。,INVALIDATED,2026-09-03,1927.0,2026-09-04,1902.0,close is materially below MA25,TECHNICAL_REJECT,https://finance.yahoo.co.jp/quote/6745.T/disclosure,RESEARCH_ONLY
8,8746,unbanked,金,90.0,VALID,POSITIVE,BUSINESS_RESTART,PASS,A,銀行口座の出金停止措置解除を受け、一時停止していた主力の金地金販売・買取事業を再開。事業継続に直結する明確な会社固有材料。,INVALIDATED,2026-09-03,159.0,2026-09-04,134.0,price fell 15%+ below discovery price,TECHNICAL_REJECT,https://s.kabutan.jp/stocks/8746/news/?news_category_id=99;https://www.nsjournal.jp/unbanked8746%E3%83%BB%E6%9D%B1s%E3%80%80%E3%82%B9%E3%83%88%E3%83%83%E3%83%97%E9%AB%98%E3%80%81%E9%8A%80%E8%A1%8C%E5%8F%A3%E5%BA%A7%E3%81%AE%E5%87%BA%E9%87%91%E5%81%9C%E6%AD%A2%E3%81%AE%E8%A7%A3/,RESEARCH_ONLY
10,6996,ニチコン,蓄電池,88.0,VALID,NEGATIVE_MIXED,FINANCING_CAPITAL,FAIL,A,約220億円のCB発行と自己株式取得を同時に公表。潜在株式比率約9.54%の希薄化懸念が意識され9月3日は売られた。注目材料ではあるが、上昇カタリストのゲートは通さない。,INVALIDATED,2026-09-03,2497.0,2026-09-04,2600.0,close is materially below MA25,TECHNICAL_REJECT,https://finance.yahoo.co.jp/quote/6996.T/disclosure;https://minkabu.jp/stock/6996/news/4610427,RESEARCH_ONLY
