date,Open,High,Low,Close
2026-02-03 09:00:00+09:00,3577.54,3650.51,3575.0,3645.84
2026-02-04 09:00:00+09:00,3636.87,3659.17,3621.69,3655.58
2026-02-05 09:00:00+09:00,3668.08,3686.09,3638.62,3652.41
2026-02-06 09:00:00+09:00,3635.0,3699.0,3613.47,3699.0
2026-02-09 09:00:00+09:00,3756.21,3825.67,3752.74,3783.57
2026-02-10 09:00:00+09:00,3809.22,3863.9,3808.45,3855.28
2026-02-12 09:00:00+09:00,3855.98,3888.94,3850.02,3882.16
2026-02-13 09:00:00+09:00,3861.27,3871.83,3815.48,3818.85
2026-02-16 09:00:00+09:00,3824.12,3828.34,3784.53,3787.38
2026-02-17 09:00:00+09:00,3781.43,3794.94,3746.33,3761.55
2026-02-18 09:00:00+09:00,3783.75,3817.33,3783.32,3807.25
2026-02-19 09:00:00+09:00,3822.19,3858.5,3814.94,3852.09
2026-02-20 09:00:00+09:00,3821.0,3821.0,3794.9,3808.48
2026-02-24 09:00:00+09:00,3806.15,3824.46,3792.28,3815.98
2026-02-25 09:00:00+09:00,3829.76,3861.42,3808.16,3843.16
2026-02-26 09:00:00+09:00,3875.54,3903.35,3873.8,3880.34
2026-02-27 09:00:00+09:00,3878.86,3938.68,3876.87,3938.68
2026-03-02 09:00:00+09:00,3882.67,3898.42,3824.0,3898.42
2026-03-03 09:00:00+09:00,3867.37,3873.59,3763.43,3772.17
2026-03-04 09:00:00+09:00,3718.32,3723.37,3589.25,3633.67
2026-03-05 09:00:00+09:00,3695.75,3777.3,3681.9,3702.67
2026-03-06 09:00:00+09:00,3667.6,3721.11,3652.16,3716.93
2026-03-09 09:00:00+09:00,3649.48,3649.48,3492.76,3575.84
2026-03-10 09:00:00+09:00,3625.03,3691.92,3619.42,3664.28
2026-03-11 09:00:00+09:00,3703.57,3741.16,3694.34,3698.85
2026-03-12 09:00:00+09:00,3660.74,3666.53,3615.43,3649.85
2026-03-13 09:00:00+09:00,3597.42,3648.13,3586.78,3629.03
2026-03-16 09:00:00+09:00,3618.19,3638.92,3586.09,3610.73
2026-03-17 09:00:00+09:00,3647.32,3670.47,3612.72,3627.07
2026-03-18 09:00:00+09:00,3653.17,3717.58,3653.17,3717.41
2026-03-19 09:00:00+09:00,3657.25,3661.64,3608.99,3609.4
2026-03-23 09:00:00+09:00,3551.3,3551.3,3447.34,3486.44
2026-03-24 09:00:00+09:00,3544.42,3575.33,3524.01,3559.67
2026-03-25 09:00:00+09:00,3612.98,3660.47,3612.86,3650.99
2026-03-26 09:00:00+09:00,3658.72,3673.33,3611.09,3642.8
2026-03-27 09:00:00+09:00,3625.82,3664.05,3598.69,3649.69
2026-03-30 09:00:00+09:00,3551.23,3551.23,3474.49,3542.34
2026-03-31 09:00:00+09:00,3516.31,3576.7,3483.32,3497.86
2026-04-01 09:00:00+09:00,3556.43,3670.9,3553.38,3670.9
2026-04-02 09:00:00+09:00,3697.0,3716.99,3602.06,3611.67
2026-04-03 09:00:00+09:00,3642.12,3663.8,3630.93,3645.19
2026-04-06 09:00:00+09:00,3650.56,3682.22,3643.93,3644.8
2026-04-07 09:00:00+09:00,3658.56,3685.2,3637.06,3654.02
2026-04-08 09:00:00+09:00,3716.21,3780.95,3715.86,3775.3
2026-04-09 09:00:00+09:00,3776.0,3786.63,3737.57,3741.47
2026-04-10 09:00:00+09:00,3750.49,3761.8,3736.6,3739.85
2026-04-13 09:00:00+09:00,3719.83,3751.58,3707.08,3723.01
2026-04-14 09:00:00+09:00,3755.18,3770.0,3746.97,3755.27
2026-04-15 09:00:00+09:00,3783.06,3795.52,3763.63,3770.33
2026-04-16 09:00:00+09:00,3791.09,3824.07,3787.33,3814.46
2026-04-17 09:00:00+09:00,3798.03,3800.42,3760.81,3760.81
2026-04-20 09:00:00+09:00,3788.46,3794.39,3772.96,3777.02
2026-04-21 09:00:00+09:00,3780.06,3789.13,3768.31,3770.38
2026-04-22 09:00:00+09:00,3755.6,3757.87,3732.04,3744.99
2026-04-23 09:00:00+09:00,3737.24,3747.49,3682.72,3716.38
2026-04-24 09:00:00+09:00,3730.89,3732.18,3704.37,3716.59
2026-04-27 09:00:00+09:00,3710.88,3753.65,3689.75,3735.28
2026-04-28 09:00:00+09:00,3753.09,3772.19,3741.0,3772.19
2026-04-30 09:00:00+09:00,3742.25,3747.33,3702.31,3727.21
2026-05-01 09:00:00+09:00,3718.74,3741.19,3691.63,3728.73
2026-05-07 09:00:00+09:00,3761.52,3860.97,3759.14,3840.49
2026-05-08 09:00:00+09:00,3828.19,3831.29,3801.35,3829.48
2026-05-11 09:00:00+09:00,3840.3,3867.43,3827.87,3840.93
2026-05-12 09:00:00+09:00,3856.17,3891.67,3837.93,3872.9
2026-05-13 09:00:00+09:00,3869.51,3926.65,3869.41,3919.48
2026-05-14 09:00:00+09:00,3913.9,3919.72,3877.44,3879.27
2026-05-15 09:00:00+09:00,3891.81,3927.98,3830.54,3863.97
2026-05-18 09:00:00+09:00,3859.85,3870.65,3814.22,3826.51
2026-05-19 09:00:00+09:00,3856.77,3877.84,3833.64,3850.67
2026-05-20 09:00:00+09:00,3851.76,3852.29,3764.5,3791.65
2026-05-21 09:00:00+09:00,3825.33,3878.24,3816.66,3853.81
2026-05-22 09:00:00+09:00,3866.61,3905.13,3855.77,3892.46
2026-05-25 09:00:00+09:00,3903.54,3953.89,3891.62,3942.57
2026-05-26 09:00:00+09:00,3938.98,3951.62,3917.45,3938.46
2026-05-27 09:00:00+09:00,3951.71,3971.77,3917.49,3918.01
2026-05-28 09:00:00+09:00,3905.04,3915.5,3864.22,3902.01
2026-05-29 09:00:00+09:00,3917.83,3984.58,3914.77,3957.17
2026-06-01 09:00:00+09:00,3946.07,3971.78,3929.19,3940.7
2026-06-02 09:00:00+09:00,3913.4,3924.26,3874.88,3924.24
2026-06-03 09:00:00+09:00,3944.96,4015.72,3943.25,3996.2
2026-06-04 09:00:00+09:00,3968.05,3970.82,3932.81,3951.85
2026-06-05 09:00:00+09:00,3961.8,3966.32,3931.13,3949.09
2026-06-08 09:00:00+09:00,3910.54,3923.62,3820.06,3852.38
2026-06-09 09:00:00+09:00,3887.87,3900.69,3856.35,3896.11
2026-06-10 09:00:00+09:00,3891.31,3894.24,3828.49,3847.6
2026-06-11 09:00:00+09:00,3807.07,3836.12,3766.0,3830.35
2026-06-12 09:00:00+09:00,3872.43,3924.34,3859.97,3881.96
2026-06-15 09:00:00+09:00,3928.06,4032.39,3927.17,3999.6
2026-06-16 09:00:00+09:00,3984.4,4008.81,3980.34,3991.14
2026-06-17 09:00:00+09:00,3997.71,4035.32,3989.06,4013.23
2026-06-18 09:00:00+09:00,4031.1,4088.25,4028.43,4068.18
2026-06-19 09:00:00+09:00,4067.98,4086.96,4018.69,4044.96
2026-06-22 09:00:00+09:00,4030.01,4103.76,4028.61,4095.05
2026-06-23 09:00:00+09:00,4097.01,4097.01,3990.38,3990.38
2026-06-24 09:00:00+09:00,3987.88,4007.63,3938.94,3963.76
2026-06-25 09:00:00+09:00,4001.59,4032.66,3987.08,4016.47
2026-06-26 09:00:00+09:00,4001.48,4016.25,3931.13,3963.36
2026-06-29 09:00:00+09:00,3976.82,3995.57,3940.45,3982.0
2026-06-30 09:00:00+09:00,3999.16,4020.32,3972.49,3994.76
2026-07-01 09:00:00+09:00,4019.65,4050.33,3998.13,4011.5
2026-07-02 09:00:00+09:00,4025.32,4052.98,4001.69,4014.98
2026-07-03 09:00:00+09:00,4034.86,4064.6,4002.27,4064.6
2026-07-06 09:00:00+09:00,4075.11,4109.61,4067.71,4101.96
2026-07-07 09:00:00+09:00,4107.65,4137.62,4055.32,4062.26
2026-07-08 09:00:00+09:00,4041.75,4065.09,4006.43,4006.43
2026-07-09 09:00:00+09:00,3998.07,4035.46,3995.49,4020.37
2026-07-10 09:00:00+09:00,4042.65,4061.0,4030.28,4036.08
2026-07-13 09:00:00+09:00,4050.36,4073.79,3986.18,4007.49
2026-07-14 09:00:00+09:00,4012.78,4047.12,3984.49,4038.98
2026-07-15 09:00:00+09:00,4064.96,4088.12,4035.73,4088.12
2026-07-16 09:00:00+09:00,4056.24,4065.7,4021.5,4028.79
2026-07-17 09:00:00+09:00,4010.01,4017.29,3859.13,3919.21
2026-07-21 09:00:00+09:00,3944.79,4014.95,3930.17,4014.95
2026-07-22 09:00:00+09:00,4019.06,4070.43,4017.02,4033.13
2026-07-23 09:00:00+09:00,4035.57,4066.98,4033.39,4053.88
2026-07-24 09:00:00+09:00,4015.03,4019.57,3993.3,4011.31
2026-07-27 09:00:00+09:00,4039.73,4066.26,4018.73,4066.07
2026-07-28 09:00:00+09:00,4040.49,4042.49,3944.71,3963.59
2026-07-29 09:00:00+09:00,3976.44,3990.49,3931.58,3974.03
2026-07-30 09:00:00+09:00,3950.21,3982.7,3918.87,3952.5
2026-07-31 09:00:00+09:00,3954.12,4052.27,3951.22,4003.3
2026-08-03 09:00:00+09:00,3965.39,3965.39,3880.3,3960.03
2026-08-04 09:00:00+09:00,3960.28,3969.23,3926.33,3961.78
2026-08-05 09:00:00+09:00,3985.63,4047.77,3980.38,4046.17
2026-08-06 09:00:00+09:00,4041.15,4065.66,4026.39,4055.85
2026-08-07 09:00:00+09:00,4063.74,4079.15,4045.34,4074.93
2026-08-10 09:00:00+09:00,4078.8,4111.35,4063.49,4100.61
2026-08-12 09:00:00+09:00,4120.04,4139.24,4101.4,4139.0
2026-08-13 09:00:00+09:00,4158.97,4185.68,4149.78,4176.04
2026-08-14 09:00:00+09:00,4181.44,4220.31,4177.03,4197.2
2026-08-17 09:00:00+09:00,4204.36,4207.16,4169.75,4184.11
2026-08-18 09:00:00+09:00,4169.89,4192.6,4134.56,4140.22
2026-08-19 09:00:00+09:00,4107.74,4107.74,4005.45,4012.31
2026-08-20 09:00:00+09:00,4033.85,4060.55,4031.56,4059.73
2026-08-21 09:00:00+09:00,4038.04,4071.77,4034.78,4067.29
2026-08-24 09:00:00+09:00,4074.83,4083.44,4064.9,4073.29
2026-08-25 09:00:00+09:00,4073.89,4096.05,4060.97,4093.67
2026-08-26 09:00:00+09:00,4096.35,4118.44,4090.39,4111.02
2026-08-27 09:00:00+09:00,4124.59,4130.91,4109.57,4117.22
2026-08-28 09:00:00+09:00,4116.82,4162.36,4114.38,4146.71
2026-08-31 09:00:00+09:00,4118.95,4158.72,4097.76,4156.29
2026-09-01 09:00:00+09:00,4137.12,4196.87,4132.24,4181.86
2026-09-02 09:00:00+09:00,4128.97,4131.51,4078.61,4081.6
2026-09-03 09:00:00+09:00,4109.67,4131.17,4089.89,4102.04
2026-09-04 09:00:00+09:00,4116.63,4116.63,4070.64,4103.23
2026-09-07 09:00:00+09:00,4116.98,4140.93,4111.25,4125.8
2026-09-08 09:00:00+09:00,4087.91,4115.54,4050.33,4050.33
2026-09-09 09:00:00+09:00,4032.46,4075.97,4030.34,4046.64
2026-09-10 09:00:00+09:00,4031.4,4054.58,4016.58,4054.58
2026-09-11 09:00:00+09:00,3998.58,4031.57,3967.18,4028.3
