Date,Open,High,Low,Close,Adj Close,Volume,Dividends,Stock Splits
2026-03-20,4.303999900817871,4.394000053405762,4.296000003814697,4.390999794006348,4.390999794006348,0,0.0,0.0
2026-03-23,4.375999927520752,4.395999908447266,4.311999797821045,4.334000110626221,4.334000110626221,0,0.0,0.0
2026-03-24,4.375999927520752,4.426000118255615,4.360000133514404,4.392000198364258,4.392000198364258,0,0.0,0.0
2026-03-25,4.334000110626221,4.349999904632568,4.314000129699707,4.328000068664551,4.328000068664551,0,0.0,0.0
2026-03-26,4.377999782562256,4.421999931335449,4.354000091552734,4.415999889373779,4.415999889373779,0,0.0,0.0
2026-03-27,4.461999893188477,4.484000205993652,4.409999847412109,4.440000057220459,4.440000057220459,0,0.0,0.0
2026-03-30,4.374000072479248,4.380000114440918,4.323999881744385,4.3420000076293945,4.3420000076293945,0,0.0,0.0
2026-03-31,4.307000160217285,4.331999778747559,4.2870001792907715,4.310999870300293,4.310999870300293,0,0.0,0.0
2026-04-01,4.293000221252441,4.334000110626221,4.293000221252441,4.318999767303467,4.318999767303467,0,0.0,0.0
2026-04-02,4.354000091552734,4.361999988555908,4.289000034332275,4.313000202178955,4.313000202178955,0,0.0,0.0
2026-04-06,4.360000133514404,4.366000175476074,4.316999912261963,4.335000038146973,4.335000038146973,0,0.0,0.0
2026-04-07,4.34499979019165,4.380000114440918,4.324999809265137,4.3429999351501465,4.3429999351501465,0,0.0,0.0
2026-04-08,4.248000144958496,4.296999931335449,4.234000205993652,4.290999889373779,4.290999889373779,0,0.0,0.0
2026-04-09,4.296999931335449,4.321000099182129,4.260000228881836,4.293000221252441,4.293000221252441,0,0.0,0.0
2026-04-10,4.284999847412109,4.322999954223633,4.2769999504089355,4.316999912261963,4.316999912261963,0,0.0,0.0
2026-04-13,4.348999977111816,4.35099983215332,4.296999931335449,4.296999931335449,4.296999931335449,0,0.0,0.0
2026-04-14,4.296999931335449,4.304999828338623,4.251999855041504,4.25600004196167,4.25600004196167,0,0.0,0.0
2026-04-15,4.271999835968018,4.293000221252441,4.263999938964844,4.2820000648498535,4.2820000648498535,0,0.0,0.0
2026-04-16,4.276000022888184,4.316999912261963,4.265999794006348,4.309000015258789,4.309000015258789,0,0.0,0.0
2026-04-17,4.296999931335449,4.296999931335449,4.22599983215332,4.245999813079834,4.245999813079834,0,0.0,0.0
2026-04-20,4.26200008392334,4.27400016784668,4.24399995803833,4.25,4.25,0,0.0,0.0
2026-04-21,4.271999835968018,4.309000015258789,4.26200008392334,4.291999816894531,4.291999816894531,0,0.0,0.0
2026-04-22,4.265999794006348,4.303999900817871,4.263999938964844,4.294000148773193,4.294000148773193,0,0.0,0.0
2026-04-23,4.306000232696533,4.35099983215332,4.285999774932861,4.322999954223633,4.322999954223633,0,0.0,0.0
2026-04-24,4.311999797821045,4.353000164031982,4.300000190734863,4.309999942779541,4.309999942779541,0,0.0,0.0
2026-04-27,4.311999797821045,4.349999904632568,4.309999942779541,4.335999965667725,4.335999965667725,0,0.0,0.0
2026-04-28,4.370999813079834,4.377999782562256,4.35099983215332,4.354000091552734,4.354000091552734,0,0.0,0.0
2026-04-29,4.361999988555908,4.432000160217285,4.361999988555908,4.418000221252441,4.418000221252441,0,0.0,0.0
2026-04-30,4.392000198364258,4.409999847412109,4.381999969482422,4.389999866485596,4.389999866485596,0,0.0,0.0
2026-05-01,4.368000030517578,4.4039998054504395,4.3420000076293945,4.377999782562256,4.377999782562256,0,0.0,0.0
2026-05-04,4.400000095367432,4.464000225067139,4.389999866485596,4.446000099182129,4.446000099182129,0,0.0,0.0
2026-05-05,4.426000118255615,4.429999828338623,4.406000137329102,4.415999889373779,4.415999889373779,0,0.0,0.0
2026-05-06,4.366000175476074,4.372000217437744,4.3480000495910645,4.355999946594238,4.355999946594238,0,0.0,0.0
2026-05-07,4.334000110626221,4.395999908447266,4.314000129699707,4.392000198364258,4.392000198364258,0,0.0,0.0
2026-05-08,4.372000217437744,4.388000011444092,4.3460001945495605,4.363999843597412,4.363999843597412,0,0.0,0.0
2026-05-11,4.392000198364258,4.409999847412109,4.377999782562256,4.409999847412109,4.409999847412109,0,0.0,0.0
2026-05-12,4.436999797821045,4.4670000076293945,4.422999858856201,4.4629998207092285,4.4629998207092285,0,0.0,0.0
2026-05-13,4.465000152587891,4.5,4.460999965667725,4.480999946594238,4.480999946594238,0,0.0,0.0
2026-05-14,4.439000129699707,4.460999965667725,4.435999870300293,4.460999965667725,4.460999965667725,0,0.0,0.0
2026-05-15,4.547999858856201,4.598999977111816,4.546000003814697,4.59499979019165,4.59499979019165,0,0.0,0.0
2026-05-18,4.598999977111816,4.626999855041504,4.564000129699707,4.623000144958496,4.623000144958496,0,0.0,0.0
2026-05-19,4.617000102996826,4.686999797821045,4.61299991607666,4.666999816894531,4.666999816894531,0,0.0,0.0
2026-05-20,4.64300012588501,4.658999919891357,4.565999984741211,4.572000026702881,4.572000026702881,0,0.0,0.0
2026-05-21,4.609000205993652,4.635000228881836,4.553999900817871,4.585999965667725,4.585999965667725,0,0.0,0.0
2026-05-22,4.541999816894531,4.585999965667725,4.5279998779296875,4.558000087738037,4.558000087738037,0,0.0,0.0
2026-05-26,4.488999843597412,4.51200008392334,4.479000091552734,4.493000030517578,4.493000030517578,0,0.0,0.0
2026-05-27,4.4710001945495605,4.488999843597412,4.448999881744385,4.480999946594238,4.480999946594238,0,0.0,0.0
2026-05-28,4.507999897003174,4.510000228881836,4.436999797821045,4.454999923706055,4.454999923706055,0,0.0,0.0
2026-05-29,4.440999984741211,4.456999778747559,4.426000118255615,4.453000068664551,4.453000068664551,0,0.0,0.0
2026-06-01,4.456999778747559,4.515999794006348,4.445000171661377,4.474999904632568,4.474999904632568,0,0.0,0.0
2026-06-02,4.429999828338623,4.4629998207092285,4.427999973297119,4.454999923706055,4.454999923706055,0,0.0,0.0
2026-06-03,4.485000133514404,4.502999782562256,4.474999904632568,4.491000175476074,4.491000175476074,0,0.0,0.0
2026-06-04,4.456999778747559,4.479000091552734,4.448999881744385,4.4770002365112305,4.4770002365112305,0,0.0,0.0
2026-06-05,4.4670000076293945,4.553999900817871,4.465000152587891,4.535999774932861,4.535999774932861,0,0.0,0.0
2026-06-08,4.539999961853027,4.558000087738037,4.515999794006348,4.552000045776367,4.552000045776367,0,0.0,0.0
2026-06-09,4.546000003814697,4.556000232696533,4.519999980926514,4.5279998779296875,4.5279998779296875,0,0.0,0.0
2026-06-10,4.533999919891357,4.559999942779541,4.513000011444092,4.541999816894531,4.541999816894531,0,0.0,0.0
2026-06-11,4.520999908447266,4.550000190734863,4.456999778747559,4.4629998207092285,4.4629998207092285,0,0.0,0.0
2026-06-12,4.4730000495910645,4.506999969482422,4.468999862670898,4.486999988555908,4.486999988555908,0,0.0,0.0
2026-06-15,4.454999923706055,4.4730000495910645,4.440999984741211,4.468999862670898,4.468999862670898,0,0.0,0.0
2026-06-16,4.442999839782715,4.459000110626221,4.420000076293945,4.427999973297119,4.427999973297119,0,0.0,0.0
2026-06-17,4.442999839782715,4.479000091552734,4.426000118255615,4.4629998207092285,4.4629998207092285,0,0.0,0.0
2026-06-18,4.453000068664551,4.453000068664551,4.420000076293945,4.451000213623047,4.451000213623047,0,0.0,0.0
2026-06-22,4.494999885559082,4.514999866485596,4.480999946594238,4.508999824523926,4.508999824523926,0,0.0,0.0
2026-06-23,4.486999988555908,4.497000217437744,4.4770002365112305,4.493000030517578,4.493000030517578,0,0.0,0.0
2026-06-24,4.453000068664551,4.454999923706055,4.3979997634887695,4.4019999504089355,4.4019999504089355,0,0.0,0.0
2026-06-25,4.4120001792907715,4.414000034332275,4.36299991607666,4.392000198364258,4.392000198364258,0,0.0,0.0
2026-06-26,4.388000011444092,4.409999847412109,4.367000102996826,4.372000217437744,4.372000217437744,0,0.0,0.0
2026-06-29,4.377999782562256,4.389999866485596,4.367000102996826,4.374000072479248,4.374000072479248,0,0.0,0.0
2026-06-30,4.392000198364258,4.421999931335449,4.388000011444092,4.418000221252441,4.418000221252441,0,0.0,0.0
2026-07-01,4.482999801635742,4.500999927520752,4.456999778747559,4.474999904632568,4.474999904632568,0,0.0,0.0
2026-07-02,4.502999782562256,4.505000114440918,4.453000068664551,4.485000133514404,4.485000133514404,0,0.0,0.0
2026-07-06,4.456999778747559,4.491000175476074,4.456999778747559,4.479000091552734,4.479000091552734,0,0.0,0.0
2026-07-07,4.497000217437744,4.5329999923706055,4.485000133514404,4.5289998054504395,4.5289998054504395,0,0.0,0.0
2026-07-08,4.560999870300293,4.5970001220703125,4.557000160217285,4.568999767303467,4.568999767303467,0,0.0,0.0
2026-07-09,4.577000141143799,4.580999851226807,4.5289998054504395,4.539000034332275,4.539000034332275,0,0.0,0.0
2026-07-10,4.540999889373779,4.571000099182129,4.539000034332275,4.568999767303467,4.568999767303467,0,0.0,0.0
2026-07-13,4.585000038146973,4.618000030517578,4.572999954223633,4.609000205993652,4.609000205993652,0,0.0,0.0
2026-07-14,4.613999843597412,4.613999843597412,4.525000095367432,4.585000038146973,4.585000038146973,0,0.0,0.0
2026-07-15,4.607999801635742,4.610000133514404,4.539000034332275,4.545000076293945,4.545000076293945,0,0.0,0.0
2026-07-16,4.581999778747559,4.5960001945495605,4.560999870300293,4.568999767303467,4.568999767303467,0,0.0,0.0
2026-07-17,4.520999908447266,4.550000190734863,4.511000156402588,4.540999889373779,4.540999889373779,0,0.0,0.0
2026-07-20,4.565999984741211,4.607999801635742,4.559999942779541,4.5980000495910645,4.5980000495910645,0,0.0,0.0
2026-07-21,4.599999904632568,4.639999866485596,4.5980000495910645,4.627999782562256,4.627999782562256,0,0.0,0.0
2026-07-22,4.639999866485596,4.660999774932861,4.631999969482422,4.6570000648498535,4.6570000648498535,0,0.0,0.0
2026-07-23,4.698999881744385,4.714000225067139,4.692999839782715,4.703000068664551,4.703000068664551,0,0.0,0.0
2026-07-24,4.683000087738037,4.690999984741211,4.651000022888184,4.678999900817871,4.678999900817871,0,0.0,0.0
2026-07-27,4.646999835968018,4.664999961853027,4.630000114440918,4.640999794006348,4.640999794006348,0,0.0,0.0
2026-07-28,4.630000114440918,4.635000228881836,4.5879998207092285,4.604000091552734,4.604000091552734,0,0.0,0.0
2026-07-29,4.63700008392334,4.65500020980835,4.610000133514404,4.622000217437744,4.622000217437744,0,0.0,0.0
2026-07-30,4.669000148773193,4.685999870300293,4.651000022888184,4.663000106811523,4.663000106811523,0,0.0,0.0
2026-07-31,4.684000015258789,4.747000217437744,4.682000160217285,4.744999885559082,4.744999885559082,0,0.0,0.0
2026-08-03,4.671000003814697,4.702000141143799,4.671000003814697,4.685999870300293,4.685999870300293,0,0.0,0.0
2026-08-04,4.664999961853027,4.668000221252441,4.61899995803833,4.626999855041504,4.626999855041504,0,0.0,0.0
2026-08-05,4.609000205993652,4.638999938964844,4.60699987411499,4.617000102996826,4.617000102996826,0,0.0,0.0
2026-08-06,4.64300012588501,4.676000118255615,4.635000228881836,4.670000076293945,4.670000076293945,0,0.0,0.0
2026-08-07,4.664000034332275,4.671999931335449,4.603000164031982,4.659999847412109,4.659999847412109,0,0.0,0.0
2026-08-10,4.6620001792907715,4.703000068664551,4.6620001792907715,4.698999881744385,4.698999881744385,0,0.0,0.0
2026-08-11,4.691999912261963,4.703000068664551,4.668000221252441,4.684000015258789,4.684000015258789,0,0.0,0.0
2026-08-12,4.659999847412109,4.688000202178955,4.645999908447266,4.682000160217285,4.682000160217285,0,0.0,0.0
2026-08-13,4.673999786376953,4.676000118255615,4.61299991607666,4.640999794006348,4.640999794006348,0,0.0,0.0
2026-08-14,4.644999980926514,4.699999809265137,4.625,4.696000099182129,4.696000099182129,0,0.0,0.0
2026-08-17,4.693999767303467,4.728000164031982,4.691999912261963,4.723999977111816,4.723999977111816,0,0.0,0.0
2026-08-18,4.73199987411499,4.745999813079834,4.703999996185303,4.705999851226807,4.705999851226807,0,0.0,0.0
2026-08-19,4.684000015258789,4.684000015258789,4.63700008392334,4.6529998779296875,4.6529998779296875,0,0.0,0.0
2026-08-20,4.705999851226807,4.714000225067139,4.673999786376953,4.696000099182129,4.696000099182129,0,0.0,0.0
2026-08-21,4.691999912261963,4.74399995803833,4.691999912261963,4.73799991607666,4.73799991607666,0,0.0,0.0
2026-08-24,4.714000225067139,4.71999979019165,4.679999828338623,4.703999996185303,4.703999996185303,0,0.0,0.0
2026-08-25,4.664000034332275,4.671999931335449,4.63700008392334,4.638999938964844,4.638999938964844,0,0.0,0.0
2026-08-26,4.632999897003174,4.670000076293945,4.620999813079834,4.664000034332275,4.664000034332275,0,0.0,0.0
2026-08-27,4.6579999923706055,4.679999828338623,4.64900016784668,4.671999931335449,4.671999931335449,0,0.0,0.0
2026-08-28,4.688000202178955,4.730000019073486,4.6539998054504395,4.71999979019165,4.71999979019165,0,0.0,0.0
2026-08-31,4.728000164031982,4.76800012588501,4.72599983215332,4.757999897003174,4.757999897003174,0,0.0,0.0
2026-09-01,4.788000106811523,4.800000190734863,4.751999855041504,4.796000003814697,4.796000003814697,0,0.0,0.0
2026-09-02,4.776000022888184,4.806000232696533,4.76800012588501,4.796000003814697,4.796000003814697,0,0.0,0.0
2026-09-03,4.765999794006348,4.76800012588501,4.73199987411499,4.76200008392334,4.76200008392334,0,0.0,0.0
2026-09-04,4.754000186920166,4.811999797821045,4.748000144958496,4.783999919891357,4.783999919891357,0,0.0,0.0
2026-09-08,4.794000148773193,4.811999797821045,4.760000228881836,4.806000232696533,4.806000232696533,0,0.0,0.0
2026-09-09,4.808000087738037,4.85699987411499,4.794000148773193,4.836999893188477,4.836999893188477,0,0.0,0.0
2026-09-10,4.88100004196167,4.952000141143799,4.879000186920166,4.943999767303467,4.943999767303467,0,0.0,0.0
