date,ticker,open,high,low,close,volume,adj_close,adj_open,adj_high,adj_low,dividends,stock_splits
2026-03-19,3683.T,1026.0,1054.0,1000.0,1004.0,88500,1004.0,1026.0,1054.0,1000.0,0.0,0.0
2026-03-23,3683.T,987.0,987.0,940.0,951.0,160300,951.0,987.0,987.0,940.0,0.0,0.0
2026-03-24,3683.T,981.0,999.0,974.0,998.0,57900,998.0,981.0,999.0,974.0,0.0,0.0
2026-03-25,3683.T,1012.0,1012.0,990.0,998.0,38800,998.0,1012.0,1012.0,990.0,0.0,0.0
2026-03-26,3683.T,998.0,999.0,977.0,985.0,32900,985.0,998.0,999.0,977.0,0.0,0.0
2026-03-27,3683.T,984.0,1003.0,979.0,999.0,28200,999.0,984.0,1003.0,979.0,0.0,0.0
2026-03-30,3683.T,969.0,969.0,941.0,957.0,47600,957.0,969.0,969.0,941.0,0.0,0.0
2026-03-31,3683.T,955.0,980.0,955.0,973.0,24400,973.0,955.0,980.0,955.0,0.0,0.0
2026-04-01,3683.T,988.0,1007.0,988.0,1004.0,38000,1004.0,988.0,1007.0,988.0,0.0,0.0
2026-04-02,3683.T,1003.0,1017.0,986.0,995.0,25000,995.0,1003.0,1017.0,986.0,0.0,0.0
2026-04-03,3683.T,999.0,1009.0,994.0,996.0,17800,996.0,999.0,1009.0,994.0,0.0,0.0
2026-04-06,3683.T,1006.0,1012.0,1003.0,1004.0,8400,1004.0,1006.0,1012.0,1003.0,0.0,0.0
2026-04-07,3683.T,1008.0,1026.0,1003.0,1011.0,23000,1011.0,1008.0,1026.0,1003.0,0.0,0.0
2026-04-08,3683.T,1025.0,1036.0,1024.0,1030.0,19100,1030.0,1025.0,1036.0,1024.0,0.0,0.0
2026-04-09,3683.T,1049.0,1065.0,1015.0,1024.0,37200,1024.0,1049.0,1065.0,1015.0,0.0,0.0
2026-04-10,3683.T,1024.0,1027.0,1004.0,1004.0,16100,1004.0,1024.0,1027.0,1004.0,0.0,0.0
2026-04-13,3683.T,995.0,1008.0,986.0,995.0,41700,995.0,995.0,1008.0,986.0,0.0,0.0
2026-04-14,3683.T,1002.0,1020.0,1002.0,1005.0,28100,1005.0,1002.0,1020.0,1002.0,0.0,0.0
2026-04-15,3683.T,1030.0,1054.0,1026.0,1034.0,33400,1034.0,1030.0,1054.0,1026.0,0.0,0.0
2026-04-16,3683.T,1036.0,1050.0,1028.0,1031.0,26200,1031.0,1036.0,1050.0,1028.0,0.0,0.0
2026-04-17,3683.T,1030.0,1037.0,1030.0,1034.0,8100,1034.0,1030.0,1037.0,1030.0,0.0,0.0
2026-04-20,3683.T,1034.0,1039.0,1029.0,1031.0,10500,1031.0,1034.0,1039.0,1029.0,0.0,0.0
2026-04-21,3683.T,1026.0,1032.0,1016.0,1016.0,19300,1016.0,1026.0,1032.0,1016.0,0.0,0.0
2026-04-22,3683.T,1016.0,1022.0,1000.0,1000.0,25000,1000.0,1016.0,1022.0,1000.0,0.0,0.0
2026-04-23,3683.T,1001.0,1004.0,991.0,1004.0,28200,1004.0,1001.0,1004.0,991.0,0.0,0.0
2026-04-24,3683.T,1007.0,1007.0,993.0,997.0,31900,997.0,1007.0,1007.0,993.0,0.0,0.0
2026-04-27,3683.T,998.0,1001.0,983.0,986.0,30900,986.0,998.0,1001.0,983.0,0.0,0.0
2026-04-28,3683.T,976.0,991.0,976.0,986.0,17200,986.0,976.0,991.0,976.0,0.0,0.0
2026-04-30,3683.T,989.0,989.0,975.0,975.0,23900,975.0,989.0,989.0,975.0,0.0,0.0
2026-05-01,3683.T,975.0,984.0,972.0,980.0,9300,980.0,975.0,984.0,972.0,0.0,0.0
2026-05-07,3683.T,985.0,997.0,980.0,989.0,29400,989.0,985.0,997.0,980.0,0.0,0.0
2026-05-08,3683.T,988.0,995.0,985.0,992.0,16700,992.0,988.0,995.0,985.0,0.0,0.0
2026-05-11,3683.T,1002.0,1014.0,998.0,1000.0,23700,1000.0,1002.0,1014.0,998.0,0.0,0.0
2026-05-12,3683.T,1000.0,1006.0,990.0,995.0,15300,995.0,1000.0,1006.0,990.0,0.0,0.0
2026-05-13,3683.T,991.0,1010.0,991.0,1004.0,8500,1004.0,991.0,1010.0,991.0,0.0,0.0
2026-05-14,3683.T,1000.0,1001.0,978.0,982.0,26400,982.0,1000.0,1001.0,978.0,0.0,0.0
2026-05-15,3683.T,982.0,1099.0,980.0,1066.0,194900,1066.0,982.0,1099.0,980.0,0.0,0.0
2026-05-18,3683.T,1073.0,1106.0,1067.0,1100.0,87900,1100.0,1073.0,1106.0,1067.0,0.0,0.0
2026-05-19,3683.T,1104.0,1154.0,1104.0,1141.0,70900,1141.0,1104.0,1154.0,1104.0,0.0,0.0
2026-05-20,3683.T,1135.0,1135.0,1069.0,1078.0,60900,1078.0,1135.0,1135.0,1069.0,0.0,0.0
2026-05-21,3683.T,1090.0,1109.0,1070.0,1070.0,33200,1070.0,1090.0,1109.0,1070.0,0.0,0.0
2026-05-22,3683.T,1077.0,1078.0,1062.0,1078.0,26600,1078.0,1077.0,1078.0,1062.0,0.0,0.0
2026-05-25,3683.T,1097.0,1105.0,1070.0,1085.0,39200,1085.0,1097.0,1105.0,1070.0,0.0,0.0
2026-05-26,3683.T,1087.0,1087.0,1067.0,1072.0,19500,1072.0,1087.0,1087.0,1067.0,0.0,0.0
2026-05-27,3683.T,1076.0,1098.0,1070.0,1098.0,27800,1098.0,1076.0,1098.0,1070.0,0.0,0.0
2026-05-28,3683.T,1088.0,1110.0,1071.0,1092.0,29800,1092.0,1088.0,1110.0,1071.0,0.0,0.0
2026-05-29,3683.T,1082.0,1109.0,1082.0,1088.0,27400,1088.0,1082.0,1109.0,1082.0,0.0,0.0
2026-06-01,3683.T,1089.0,1101.0,1080.0,1095.0,12400,1095.0,1089.0,1101.0,1080.0,0.0,0.0
2026-06-02,3683.T,1090.0,1090.0,1060.0,1072.0,35500,1072.0,1090.0,1090.0,1060.0,0.0,0.0
2026-06-03,3683.T,1072.0,1073.0,1048.0,1059.0,14300,1059.0,1072.0,1073.0,1048.0,0.0,0.0
2026-06-04,3683.T,1059.0,1059.0,1035.0,1051.0,43000,1051.0,1059.0,1059.0,1035.0,0.0,0.0
2026-06-05,3683.T,1054.0,1075.0,1054.0,1056.0,21900,1056.0,1054.0,1075.0,1054.0,0.0,0.0
2026-06-08,3683.T,1036.0,1050.0,1013.0,1030.0,38400,1030.0,1036.0,1050.0,1013.0,0.0,0.0
2026-06-09,3683.T,1035.0,1050.0,1022.0,1022.0,10900,1022.0,1035.0,1050.0,1022.0,0.0,0.0
2026-06-10,3683.T,1027.0,1028.0,1011.0,1015.0,20500,1015.0,1027.0,1028.0,1011.0,0.0,0.0
2026-06-11,3683.T,1005.0,1013.0,994.0,1010.0,22000,1010.0,1005.0,1013.0,994.0,0.0,0.0
2026-06-12,3683.T,1026.0,1026.0,984.0,1005.0,49800,1005.0,1026.0,1026.0,984.0,0.0,0.0
2026-06-15,3683.T,1029.0,1029.0,1002.0,1003.0,15600,1003.0,1029.0,1029.0,1002.0,0.0,0.0
2026-06-16,3683.T,1010.0,1010.0,984.0,996.0,40000,996.0,1010.0,1010.0,984.0,0.0,0.0
2026-06-17,3683.T,990.0,1023.0,990.0,1009.0,33300,1009.0,990.0,1023.0,990.0,0.0,0.0
2026-06-18,3683.T,1009.0,1030.0,1009.0,1018.0,17200,1018.0,1009.0,1030.0,1009.0,0.0,0.0
2026-06-19,3683.T,1018.0,1018.0,1004.0,1015.0,22400,1015.0,1018.0,1018.0,1004.0,0.0,0.0
2026-06-22,3683.T,1015.0,1040.0,1015.0,1016.0,17200,1016.0,1015.0,1040.0,1015.0,0.0,0.0
2026-06-23,3683.T,1017.0,1017.0,989.0,990.0,18300,990.0,1017.0,1017.0,989.0,0.0,0.0
2026-06-24,3683.T,990.0,1007.0,989.0,993.0,17000,993.0,990.0,1007.0,989.0,0.0,0.0
2026-06-25,3683.T,1017.0,1022.0,995.0,1001.0,20800,1001.0,1017.0,1022.0,995.0,0.0,0.0
2026-06-26,3683.T,1001.0,1007.0,990.0,990.0,29400,990.0,1001.0,1007.0,990.0,0.0,0.0
2026-06-29,3683.T,999.0,1031.0,999.0,1013.0,39500,1013.0,999.0,1031.0,999.0,0.0,0.0
2026-06-30,3683.T,1007.0,1025.0,1004.0,1025.0,15500,1025.0,1007.0,1025.0,1004.0,0.0,0.0
2026-07-01,3683.T,1029.0,1040.0,1014.0,1017.0,19700,1017.0,1029.0,1040.0,1014.0,0.0,0.0
2026-07-02,3683.T,1029.0,1059.0,1028.0,1049.0,35200,1049.0,1029.0,1059.0,1028.0,0.0,0.0
2026-07-03,3683.T,1040.0,1057.0,1040.0,1057.0,31500,1057.0,1040.0,1057.0,1040.0,0.0,0.0
2026-07-06,3683.T,1070.0,1073.0,1051.0,1056.0,19700,1056.0,1070.0,1073.0,1051.0,0.0,0.0
2026-07-07,3683.T,1060.0,1065.0,1050.0,1050.0,8300,1050.0,1060.0,1065.0,1050.0,0.0,0.0
2026-07-08,3683.T,1049.0,1050.0,1025.0,1025.0,22800,1025.0,1049.0,1050.0,1025.0,0.0,0.0
2026-07-09,3683.T,1038.0,1038.0,1022.0,1025.0,10500,1025.0,1038.0,1038.0,1022.0,0.0,0.0
2026-07-10,3683.T,1026.0,1043.0,1026.0,1039.0,9300,1039.0,1026.0,1043.0,1026.0,0.0,0.0
2026-07-13,3683.T,1030.0,1041.0,1023.0,1031.0,14000,1031.0,1030.0,1041.0,1023.0,0.0,0.0
2026-07-14,3683.T,1033.0,1036.0,1026.0,1032.0,4700,1032.0,1033.0,1036.0,1026.0,0.0,0.0
2026-07-15,3683.T,1037.0,1060.0,1037.0,1043.0,20700,1043.0,1037.0,1060.0,1037.0,0.0,0.0
2026-07-16,3683.T,1043.0,1072.0,1042.0,1051.0,31400,1051.0,1043.0,1072.0,1042.0,0.0,0.0
2026-07-17,3683.T,1042.0,1058.0,1042.0,1051.0,37800,1051.0,1042.0,1058.0,1042.0,0.0,0.0
2026-07-21,3683.T,1064.0,1101.0,1015.0,1077.0,99300,1077.0,1064.0,1101.0,1015.0,0.0,0.0
2026-07-22,3683.T,1068.0,1097.0,1061.0,1091.0,31000,1091.0,1068.0,1097.0,1061.0,0.0,0.0
2026-07-23,3683.T,1095.0,1095.0,1064.0,1076.0,21300,1076.0,1095.0,1095.0,1064.0,0.0,0.0
2026-07-24,3683.T,1078.0,1079.0,1049.0,1070.0,25800,1070.0,1078.0,1079.0,1049.0,0.0,0.0
2026-07-27,3683.T,1075.0,1080.0,1066.0,1074.0,13900,1074.0,1075.0,1080.0,1066.0,0.0,0.0
2026-07-28,3683.T,1074.0,1079.0,1056.0,1063.0,16000,1063.0,1074.0,1079.0,1056.0,0.0,0.0
2026-07-29,3683.T,1065.0,1079.0,1053.0,1060.0,31000,1060.0,1065.0,1079.0,1053.0,0.0,0.0
2026-07-30,3683.T,1060.0,1073.0,1051.0,1073.0,10600,1073.0,1060.0,1073.0,1051.0,0.0,0.0
2026-07-31,3683.T,1064.0,1079.0,1060.0,1060.0,11500,1060.0,1064.0,1079.0,1060.0,0.0,0.0
2026-08-03,3683.T,1066.0,1066.0,1046.0,1050.0,14500,1050.0,1066.0,1066.0,1046.0,0.0,0.0
2026-08-04,3683.T,1055.0,1080.0,1051.0,1066.0,7700,1066.0,1055.0,1080.0,1051.0,0.0,0.0
2026-08-05,3683.T,1069.0,1080.0,1062.0,1070.0,12700,1070.0,1069.0,1080.0,1062.0,0.0,0.0
2026-08-06,3683.T,1077.0,1079.0,1059.0,1062.0,16200,1062.0,1077.0,1079.0,1059.0,0.0,0.0
2026-08-07,3683.T,1062.0,1079.0,1061.0,1070.0,18500,1070.0,1062.0,1079.0,1061.0,0.0,0.0
2026-08-10,3683.T,1085.0,1103.0,1074.0,1100.0,51700,1100.0,1085.0,1103.0,1074.0,0.0,0.0
2026-08-12,3683.T,1122.0,1134.0,1041.0,1083.0,329900,1083.0,1122.0,1134.0,1041.0,0.0,0.0
2026-08-13,3683.T,1087.0,1104.0,1061.0,1068.0,201400,1068.0,1087.0,1104.0,1061.0,0.0,0.0
2026-08-14,3683.T,1068.0,1109.0,1065.0,1109.0,60000,1109.0,1068.0,1109.0,1065.0,0.0,0.0
2026-08-17,3683.T,1101.0,1130.0,1100.0,1122.0,78300,1122.0,1101.0,1130.0,1100.0,0.0,0.0
2026-08-18,3683.T,1133.0,1133.0,1101.0,1113.0,31900,1113.0,1133.0,1133.0,1101.0,0.0,0.0
2026-08-19,3683.T,1100.0,1112.0,1095.0,1104.0,19000,1104.0,1100.0,1112.0,1095.0,0.0,0.0
2026-08-20,3683.T,1101.0,1118.0,1098.0,1117.0,30500,1117.0,1101.0,1118.0,1098.0,0.0,0.0
2026-08-21,3683.T,1114.0,1123.0,1104.0,1121.0,23700,1121.0,1114.0,1123.0,1104.0,0.0,0.0
2026-08-24,3683.T,1121.0,1124.0,1110.0,1119.0,10000,1119.0,1121.0,1124.0,1110.0,0.0,0.0
2026-08-25,3683.T,1125.0,1125.0,1098.0,1101.0,19800,1101.0,1125.0,1125.0,1098.0,0.0,0.0
2026-08-26,3683.T,1101.0,1120.0,1100.0,1120.0,12000,1120.0,1101.0,1120.0,1100.0,0.0,0.0
2026-08-27,3683.T,1121.0,1130.0,1120.0,1130.0,23600,1130.0,1121.0,1130.0,1120.0,0.0,0.0
2026-08-28,3683.T,1129.0,1148.0,1127.0,1127.0,24100,1127.0,1129.0,1148.0,1127.0,0.0,0.0
2026-08-31,3683.T,1127.0,1162.0,1127.0,1162.0,21000,1162.0,1127.0,1162.0,1127.0,0.0,0.0
2026-09-01,3683.T,1162.0,1162.0,1142.0,1148.0,9300,1148.0,1162.0,1162.0,1142.0,0.0,0.0
2026-09-02,3683.T,1140.0,1140.0,1110.0,1112.0,20800,1112.0,1140.0,1140.0,1110.0,0.0,0.0
2026-09-03,3683.T,1118.0,1130.0,1105.0,1105.0,15800,1105.0,1118.0,1130.0,1105.0,0.0,0.0
2026-09-04,3683.T,1105.0,1126.0,1105.0,1125.0,18200,1125.0,1105.0,1126.0,1105.0,0.0,0.0
2026-09-07,3683.T,1145.0,1145.0,1116.0,1121.0,9500,1121.0,1145.0,1145.0,1116.0,0.0,0.0
2026-09-08,3683.T,1121.0,1121.0,1108.0,1110.0,9100,1110.0,1121.0,1121.0,1108.0,0.0,0.0
2026-09-09,3683.T,1115.0,1120.0,1095.0,1112.0,20300,1112.0,1115.0,1120.0,1095.0,0.0,0.0
2026-09-10,3683.T,1112.0,1119.0,1093.0,1112.0,9300,1112.0,1112.0,1119.0,1093.0,0.0,0.0
2026-09-11,3683.T,1096.0,1109.0,1094.0,1109.0,7200,1109.0,1096.0,1109.0,1094.0,0.0,0.0
