ifis_rank,stock_code,company_name,best_theme,theme_relevance_score,material_class,material_continuity,catalyst_type,catalyst_summary,technical_status,attention_price_sequence_proxy,entry_class,entry_label_ja,entry_reasons,latest_market_date,latest_close,rsi14,volume_ratio20,ma25_deviation_pct,atr14_pct,return_1d_pct,return_5d_pct,return_10d_pct,return_20d_pct,upper_wick_ratio,distance_from_20d_high_pct,float_turnover_pct,overheat_score,actionability,timing_rank
2,7066,ピアズ,デジタルトランスフォーメーション,76.0,STRONG,EVENT_SPECIFIC,CAPITAL_RETURN,未定だった2026年9月期の期末配当を17円とし前期16円から増配。累進配当と配当性向30%以上を視野に入れる方針を示した。,PULLBACK_FORMING,PRICE_MOVE_PRECEDED_ATTENTION_OR_LATE,WAIT_FIRST_PULLBACK,初押し待ち,"stock/material can remain valid, but current entry timing or required evidence is not clean enough | technical state PULLBACK_FORMING is not actionable | attention may be late relative to the price move",2026-09-04,465.0,57.575758,3.762643,3.498932,3.456221,-5.102041,8.139535,7.3903,0.867679,0.1,-6.25,,25.021399,RESEARCH_ONLY,1
7,6745,ホーチキ,防災,96.0,NONE,NONE,NONE,確認できる直近適時開示は8月5日の第1四半期決算。9月2-3日に防災テーマへ直接つながる新規会社固有材料を確認できない。,INVALIDATED,ATTENTION_BEFORE_PRICE_OVERHEAT,OVERHEAT_SKIP,過熱・見送り,material class NONE does not support a long entry,2026-09-04,1902.0,35.658915,0.92059,-5.012086,4.018327,-1.297353,-4.374057,-5.60794,-11.287313,0.742857,-10.787992,,0.0,RESEARCH_ONLY,2
10,6996,ニチコン,蓄電池,88.0,NEGATIVE,NONE,FINANCING_CAPITAL,約220億円のCB発行と自己株式取得を同時に公表。潜在株式比率約9.54%の希薄化懸念が意識され9月3日は売られた。注目材料ではあるが、上昇カタリストのゲートは通さない。,INVALIDATED,ATTENTION_BEFORE_PRICE_OVERHEAT,OVERHEAT_SKIP,過熱・見送り,material class NEGATIVE does not support a long entry,2026-09-04,2600.0,28.308026,1.466717,-7.654714,5.101648,4.12495,-4.97076,-3.596589,-12.868633,0.172662,-17.460317,,0.0,RESEARCH_ONLY,3
9,7864,フジシールインターナショナル,機械,51.0,NONE,NONE,NONE,9月4日未明のIFISスナップショットまでに新規の会社固有材料を確認できない。直近の適時開示は8月6日の第1四半期決算であり、IFISアクセス増だけを上昇材料として扱わない。,WAIT_FIRST_PULLBACK,ATTENTION_BEFORE_PRICE_OVERHEAT,OVERHEAT_SKIP,過熱・見送り,material class NONE does not support a long entry,2026-09-04,3300.0,52.5,0.961076,1.707452,1.504329,-0.60241,-0.75188,0.609756,2.964119,0.875,-1.931649,,3.189512,RESEARCH_ONLY,4
1,6654,不二電機工業,電力設備投資関連,93.0,WEAK,EVENT_SPECIFIC,EARNINGS,中間経常124百万円は会社事前予想90百万円を37.8%上回った一方、前年同期比22.5%減で通期予想は据え置き。注目材料ではあるが明確な上昇カタリストとは判定しない。,WAIT_FIRST_PULLBACK,PRICE_MOVE_PRECEDED_ATTENTION_OR_LATE,OVERHEAT_SKIP,過熱・見送り,material class WEAK does not support a long entry,2026-09-04,1078.0,40.625,4.360672,-1.494938,1.219189,-2.531646,-1.731996,-1.100917,-1.552511,0.652174,-3.491495,,9.44269,RESEARCH_ONLY,5
3,5039,キットアライブ,クラウドコンピューティング,97.0,NONE,NONE,NONE,確認できる直近適時開示は8月14日の中間決算で、9月2-3日に新規の会社固有材料を確認できない。IFIS上昇だけを材料として扱わない。,WAIT_FIRST_PULLBACK,ATTENTION_BEFORE_PRICE_OVERHEAT,OVERHEAT_SKIP,過熱・見送り,material class NONE does not support a long entry,2026-09-04,1100.0,63.986014,0.47619,4.150886,1.954545,2.325581,2.61194,4.761905,6.382979,0.0,-2.568645,,24.086322,RESEARCH_ONLY,6
4,6904,原田工業,自動車部材・部品,93.0,WEAK,LOW,THEME_SYMPATHY,9月3日に自動運転関連として一時ストップ高となったが、会社の新規適時開示は8月26日以降確認できない。テーマ連想による資金流入として扱い、会社固有材料より一段低く評価。,PULLBACK_FORMING,PRICE_MOVE_PRECEDED_ATTENTION_OR_LATE,OVERHEAT_SKIP,過熱・見送り,material class WEAK does not support a long entry,2026-09-04,631.0,71.698113,1.831921,20.144707,3.350691,0.0,12.678571,10.314685,40.222222,0.15,-3.369066,,75.895384,RESEARCH_ONLY,7
8,8746,unbanked,金,90.0,STRONG,STRUCTURAL_OR_SPECIFIC,BUSINESS_RESTART,銀行口座の出金停止措置解除を受け、一時停止していた主力の金地金販売・買取事業を再開。事業継続に直結する明確な会社固有材料。,INVALIDATED,PRICE_MOVE_PRECEDED_ATTENTION_OR_LATE,OVERHEAT_SKIP,過熱・見送り,technical state INVALIDATED is a hard reject,2026-09-04,134.0,65.714286,2.314932,30.502532,8.422175,-15.72327,35.353535,38.14433,39.583333,0.038462,-22.093023,,77.122825,RESEARCH_ONLY,8
6,603A,アイ・グリッド・ソリューションズ,再生可能エネルギー,97.0,STRONG,STRUCTURAL_OR_SPECIFIC,GX_PARTNER_SELECTION,神戸市のGX産業団地構想の事業推進パートナーに選定。再エネ・大型蓄電池・エネルギーマネジメントに直接関係し、直近IPO後の事業材料蓄積として有効。ただし発見時点で9日経過している。,WAIT_FIRST_PULLBACK,PRICE_MOVE_PRECEDED_ATTENTION_OR_LATE,OVERHEAT_SKIP,過熱・見送り,25MA deviation >= 15% | 10-day return >= 25% | 20-day return >= 40% | volume >= 8x 20-day average,2026-09-04,1145.0,71.134021,8.098752,31.120883,10.012477,-0.348129,10.308285,30.707763,52.058433,0.369231,-20.979986,,82.086387,RESEARCH_ONLY,9
5,3653,モルフォ,人工知能,95.0,STRONG,STRUCTURAL_OR_SPECIFIC,PARTNERSHIP_TECH,AstemoとSDVのカメラ技術領域で共同開発開始を公表。8月27日の屋内自律点検ドローン実証採択もあり、AI・自動運転・ドローンの事業材料が連続している。,WAIT_FIRST_PULLBACK,PRICE_MOVE_PRECEDED_ATTENTION_OR_LATE,OVERHEAT_SKIP,過熱・見送り,RSI >= 80 | 25MA deviation >= 15% | 10-day return >= 25% | 20-day return >= 40% | volume >= 8x 20-day average,2026-09-04,1379.0,82.278481,8.263196,73.015156,7.852481,4.86692,55.467869,84.605087,103.994083,0.0,-14.613003,,100.0,RESEARCH_ONLY,10
