ticker,impulse_date,pullback_date,signal_date,entry_date,entry_price,impulse_return_pct,impulse_volume_ratio,impulse_turnover_yen,impulse_close_from_high_pct,pullback_depth_pct,entry_gap_pct,ret_5d_pct,mfe_5d_pct,mae_5d_pct,hit_plus5_5d,hit_plus10_5d,hit_minus5_5d,hit_minus8_5d,ret_10d_pct,mfe_10d_pct,mae_10d_pct,hit_plus5_10d,hit_plus10_10d,hit_minus5_10d,hit_minus8_10d,ret_20d_pct,mfe_20d_pct,mae_20d_pct,hit_plus5_20d,hit_plus10_20d,hit_minus5_20d,hit_minus8_20d
141A.T,2025-03-11,2025-03-12,2025-03-14,2025-03-17,2724.030112012749,13.732557938800415,3.9948988838398702,30345848400.0,0.0,5.819478411626555,2.3738942695424647,-16.594212036146484,0.6521739130434634,-19.13044364234534,False,False,True,True,-21.014497684912893,0.6521739130434634,-22.318845429565705,False,False,True,True,-14.782608243850781,0.6521739130434634,-28.478264639834794,False,False,True,True
1436.T,2026-05-11,2026-05-12,2026-05-13,2026-05-14,1859.0,20.161290322580648,5.083497839193299,851803200.0,0.0,7.829977628635342,-1.536016949152541,4.357181280258193,11.565357719203885,-7.100591715976334,True,True,True,False,5.9171597633136175,17.48251748251748,-7.100591715976334,True,True,True,False,-25.228617536309837,17.48251748251748,-25.44378698224852,True,True,True,True
1447.T,2026-07-06,2026-07-07,2026-07-08,2026-07-09,415.0,16.564417177914102,14.399503208445456,660858000.0,3.30788804071247,7.124681933842236,-5.46697038724373,-2.6506024096385583,3.6144578313253017,-13.253012048192769,False,False,True,True,-14.457831325301207,5.783132530120483,-20.963855421686752,True,False,True,True,-13.493975903614452,5.783132530120483,-20.963855421686752,True,False,True,True
1491.T,2025-07-16,2025-07-17,2025-07-22,2025-07-23,1352.4950484154929,10.714293369898908,6.071262369500127,1286097000.0,4.61538461538461,6.153850386679083,-2.777772971519299,-5.7142873668538545,2.857142857142869,-12.857144384516438,False,False,True,True,-10.000004449221912,2.857142857142869,-12.857144384516438,False,False,True,True,-24.285713014508016,2.857142857142869,-24.285718977827397,False,False,True,True
1491.T,2025-12-24,2025-12-25,2025-12-29,2025-12-30,915.8323230993278,13.597032447820556,7.244471010161387,723988200.0,2.025586353944575,6.50319606617904,-8.670521384253371,6.223628248171731,15.295358168075168,-5.168776371308004,True,True,True,False,22.679319881628636,34.071731319081145,-5.168776371308004,True,True,True,False,17.932487807191944,34.071731319081145,-5.168776371308004,True,True,True,False
1514.T,2026-02-04,2026-02-05,2026-02-06,2026-02-09,842.9534085278441,11.544006966988029,3.3629268755866057,3559046600.0,1.2771392081736943,6.257986214700672,2.747902054424056,23.83721378759407,23.83721378759407,-7.6744186046511675,True,True,True,False,4.06977369270185,81.04651818524316,-7.6744186046511675,True,True,True,False,10.465120042058441,81.04651818524316,-7.6744186046511675,True,True,True,False
153A.T,2025-05-07,2025-05-08,2025-05-12,2025-05-13,1715.2689769147878,26.109663414896378,14.759374468165573,5654867400.0,0.0,9.661834890783938,9.263955627234012,-18.06039530496053,6.7363530778164815,-23.80952160524068,True,False,True,True,-17.537745862181886,6.7363530778164815,-23.80952160524068,True,False,True,True,-7.08478547335436,6.7363530778164815,-23.80952160524068,True,False,True,True
155A.T,2025-11-25,2025-11-27,2025-12-01,2025-12-02,1575.0,11.597222222222214,10.226981881861656,3660103200.0,3.8875598086124397,11.06459330143541,-0.6309148264984188,-14.793650793650793,2.7301587301587382,-16.19047619047619,False,False,True,True,-11.492063492063487,2.7301587301587382,-16.19047619047619,False,False,True,True,-13.396825396825395,2.7301587301587382,-25.523809523809526,False,False,True,True
157A.T,2025-01-16,2025-01-17,2025-01-20,2025-01-21,677.8491014625594,17.51314461371085,41.87435633367662,545657200.0,0.0,8.047696650475277,1.4492777197449458,-10.571433442142897,2.285714285714291,-11.000004847372246,False,False,True,True,-17.285723724368797,2.285714285714291,-17.571437977479786,False,False,True,True,-23.142855431525078,2.285714285714291,-26.285712644362334,False,False,True,True
157A.T,2026-04-24,2026-04-27,2026-04-28,2026-04-30,1214.6633839044046,15.015017448848278,9.07091289386681,772357800.0,0.0,6.962582154917074,1.068203753210728,-17.23577280613644,11.21951219512194,-17.804877521095907,True,True,True,True,-26.016261521028827,11.21951219512194,-27.9674809973973,True,True,True,True,-26.82926908399974,11.21951219512194,-32.52032452548672,True,True,True,True
168A.T,2025-02-10,2025-02-13,2025-02-14,2025-02-17,1233.3429269298065,29.732412180394242,34.961089494163424,705681900.0,0.0,9.778465255691081,-15.530050572146015,-9.752193238174856,38.689060881909576,-10.231811034164007,True,True,True,True,-14.708225870708558,38.689060881909576,-20.46362768196972,True,True,True,True,-18.145479737071312,38.689060881909576,-20.46362768196972,True,True,True,True
1711.T,2024-04-23,2024-04-24,2024-04-26,2024-04-30,589.0,12.424849699398788,4.257586866717931,667814400.0,1.232394366197187,5.2816901408450745,0.8561643835616417,-7.640067911714777,0.0,-10.356536502546687,False,False,True,True,-9.507640067911716,0.0,-13.242784380305606,False,False,True,True,-20.54329371816639,0.0,-24.10865874363328,False,False,True,True
186A.T,2025-10-09,2025-10-10,2025-10-15,2025-10-16,900.0,10.424242424242426,4.377481841154232,20105405600.0,4.906054279749483,12.317327766179542,3.4482758620689724,-7.777777777777772,2.8888888888888964,-9.444444444444445,False,False,True,True,-18.88888888888889,2.8888888888888964,-19.11111111111111,False,False,True,True,-17.555555555555557,2.8888888888888964,-22.444444444444443,False,False,True,True
219A.T,2024-12-17,2024-12-18,2024-12-20,2024-12-23,2396.0,18.66723622383597,9.651911982437332,13129661400.0,1.83745583038869,5.7950530035335674,-2.1241830065359513,14.732888146911517,25.166944908180298,-2.295492487479134,True,True,False,False,56.7195325542571,61.93656093489148,-2.295492487479134,True,True,False,False,15.19198664440735,61.93656093489148,-2.295492487479134,True,True,False,False
2334.T,2025-05-21,2025-05-23,2025-05-27,2025-05-28,118.5,17.04545454545454,3.478010259957346,621502000.0,0.0,11.359220338099208,-3.814932682357708,-5.7383991997956185,8.860759493670889,-10.126582278481012,True,False,True,True,12.9957754400712,20.590712148931956,-10.126582278481012,True,True,True,True,49.28269527129483,49.36708860759494,-10.126582278481012,True,True,True,True
2345.T,2023-10-06,2023-10-10,2023-10-12,2023-10-13,365.0,24.53987730061349,8.91421416145918,4566688000.0,0.0,9.605911330049267,-7.828282828282829,7.397260273972606,20.547945205479444,-3.8356164383561597,True,True,False,False,24.931506849315067,38.08219178082193,-3.8356164383561597,True,True,False,False,-4.93150684931507,38.08219178082193,-6.57534246575342,True,True,True,False
2354.T,2026-07-21,2026-07-22,2026-07-23,2026-07-24,1365.9087799072265,28.32860744421868,6.3356183559035975,5382047700.0,0.0,10.22811082679046,-4.166668308206923,-14.20289747829303,23.04347615324356,-15.79710039677068,True,True,True,True,-8.840578570686342,23.04347615324356,-15.79710039677068,True,True,True,True,-3.98551087700465,23.04347615324356,-15.79710039677068,True,True,True,True
2375.T,2023-09-13,2023-09-15,2023-09-20,2023-09-21,369.9280361299318,23.9520903585422,8.332233430753275,731786400.0,0.0,10.628015125037503,2.1739234593847856,-0.2659661344389108,4.787224914749522,-16.489371022470635,False,False,True,True,54.2553010922926,63.563810640965436,-16.489371022470635,True,True,True,True,84.84040745093621,205.58506352886914,-16.489371022470635,True,True,True,True
2437.T,2025-09-05,2025-09-09,2025-09-11,2025-09-12,375.0,21.2624584717608,55.12126627521062,788071500.0,4.199475065616798,6.299212598425196,0.0,-7.466666666666666,2.1333333333333426,-10.133333333333338,False,False,True,True,-17.600000000000005,2.1333333333333426,-18.400000000000006,False,False,True,True,-30.666666666666664,2.1333333333333426,-31.200000000000006,False,False,True,True
2459.T,2024-01-05,2024-01-10,2024-01-12,2024-01-15,260.0,29.302325581395337,3.7484558961013486,1699831000.0,3.806228373702425,6.92041522491349,-2.621722846441943,-11.923076923076925,7.692307692307687,-12.307692307692308,True,False,True,True,-9.999999999999998,7.692307692307687,-13.076923076923075,True,False,True,True,-21.153846153846157,7.692307692307687,-21.923076923076923,True,False,True,True
2652.T,2023-11-15,2023-11-16,2023-11-20,2023-11-21,349.45280811696256,20.547940166696854,6.558361942128494,941424000.0,0.0,6.87499613135385,1.2680056880583601,3.4149055637147763,7.911214742110628,-0.7398993024119283,True,False,False,False,2.1058608795833544,10.529313655333251,-1.536705799396021,True,True,False,False,24.018214124890534,26.920890984353953,-4.097893485792159,True,True,False,False
265A.T,2025-07-22,2025-07-23,2025-07-25,2025-07-28,1004.0,11.086717892425902,59.93423701516575,4519288400.0,4.6182846371347726,6.409048067860512,0.0,10.856573705179272,48.70517928286853,0.0,True,True,False,False,37.54980079681276,72.60956175298804,0.0,True,True,False,False,27.98804780876494,72.60956175298804,0.0,True,True,False,False
2667.T,2024-01-09,2024-01-10,2024-01-12,2024-01-15,415.0,15.803814713896447,5.629111930800923,1109080000.0,1.620370370370372,6.481481481481477,0.0,-11.084337349397588,1.4457831325301207,-12.289156626506026,False,False,True,True,-6.987951807228921,1.4457831325301207,-12.771084337349393,False,False,True,True,-2.6506024096385583,3.1325301204819356,-12.771084337349393,False,False,True,True
2673.T,2025-09-02,2025-09-03,2025-09-05,2025-09-08,286.0,39.99999999999999,5.17909393156089,6546932000.0,0.0,14.28571428571429,-6.5359477124183,-23.426573426573427,5.944055944055937,-26.923076923076927,True,False,True,True,-28.321678321678323,5.944055944055937,-28.321678321678323,True,False,True,True,-20.629370629370626,41.60839160839161,-33.21678321678322,True,True,True,True
277A.T,2025-10-16,2025-10-17,2025-10-21,2025-10-22,2975.7814386183218,20.42193300148012,10.785118121375017,4351779200.0,0.5574912891986084,6.027870784644829,0.06682537655917642,-8.848079418991993,7.512520868113515,-9.515859056948106,True,False,True,True,-11.81970071921703,7.512520868113515,-17.963273255250378,True,False,True,True,-18.330554533361198,7.512520868113515,-24.0066766646991,True,False,True,True
280A.T,2026-05-26,2026-05-27,2026-05-29,2026-06-01,2734.0,20.64655172413794,10.054886953018782,2794521600.0,0.7446808510638281,11.418439716312056,-3.049645390070921,-15.874177029992687,0.8778346744696464,-21.324067300658378,False,False,True,True,-30.431602048280904,0.8778346744696464,-32.07754206291149,False,False,True,True,-32.58961228968544,0.8778346744696464,-34.12582297000731,False,False,True,True
2936.T,2024-10-18,2024-10-22,2024-10-24,2024-10-25,427.0,28.469750889679712,3.0318871334359865,2537613400.0,0.0,5.540166204986152,3.1400966183574797,11.70960187353629,47.306791569086656,-2.1077283372365363,True,True,False,False,11.70960187353629,47.306791569086656,-2.1077283372365363,True,True,False,False,-2.1077283372365363,47.306791569086656,-4.215456674473073,True,True,False,False
3070.T,2026-01-26,2026-01-28,2026-01-29,2026-01-30,113.0,34.48275862068966,12.37853404993233,3889863900.0,0.0,9.401709401709402,3.669724770642202,-12.389380530973447,9.734513274336276,-14.15929203539823,True,False,True,True,-18.58407079646017,9.734513274336276,-19.469026548672563,True,False,True,True,-2.6548672566371723,9.734513274336276,-20.353982300884955,True,False,True,True
3103.T,2025-08-06,2025-08-07,2025-08-12,2025-08-13,211.0,14.130434782608692,13.357005401920466,2871477000.0,3.669724770642202,9.633027522935777,1.9323671497584627,-2.843601895734593,4.739336492891,-2.843601895734593,False,False,False,False,6.161137440758302,16.113744075829395,-5.213270142180093,True,True,True,False,5.687203791469186,16.113744075829395,-5.213270142180093,True,True,True,False
3103.T,2026-01-30,2026-02-02,2026-02-04,2026-02-05,701.0,18.903591682419663,5.062475413802154,24810338900.0,0.0,7.472178060413359,-2.0949720670391025,95.72039942938659,95.72039942938659,-8.559201141226824,True,True,True,True,84.8787446504993,213.83737517831668,-8.559201141226824,True,True,True,True,136.9472182596291,213.83737517831668,-8.559201141226824,True,True,True,True
3103.T,2026-08-06,2026-08-10,2026-08-13,2026-08-14,1440.0,24.67789890981169,11.284039007529934,37373796200.0,3.081664098613246,8.397534668721107,6.666666666666665,5.555555555555558,28.26388888888889,-1.9444444444444486,True,True,False,False,10.347222222222218,28.26388888888889,-7.986111111111116,True,True,True,False,,,,,,,
3110.T,2024-02-20,2024-02-21,2024-02-22,2024-02-26,1095.45234375,10.091731635849111,4.33398233135985,8834940000.0,3.743315508021383,5.882348678930582,-0.350888258289761,6.51408450704225,7.218309859154948,-4.401412796018489,True,False,False,False,1.408459618921687,8.978873239436624,-4.401412796018489,True,False,False,False,6.866181582379993,10.387307828916414,-10.035215589626334,True,True,True,True
3133.T,2026-02-26,2026-02-27,2026-03-02,2026-03-03,442.0,14.527845036319608,8.343786967141265,2318693300.0,4.056795131845847,12.37322515212982,-1.3392857142857095,-11.31221719457014,2.714932126696823,-15.837104072398189,False,False,True,True,-16.7420814479638,2.714932126696823,-18.552036199095024,False,False,True,True,-21.266968325791858,2.714932126696823,-22.85067873303167,False,False,True,True
3153.T,2024-02-22,2024-02-26,2024-02-28,2024-02-29,1436.9344132064225,17.629401134108246,33.89642416769421,862086400.0,3.685503685503677,7.0024602774614415,-0.5256174428991844,3.434616360791254,4.425369391067013,-0.33024353714284915,False,False,False,False,2.7741153170660393,6.472922212550336,-0.33024353714284915,True,False,False,False,4.470205540639904,10.634087691097772,-0.33024353714284915,True,True,False,False
3189.T,2025-06-11,2025-06-12,2025-06-16,2025-06-17,1485.0,26.929982046678646,9.152542372881356,4107952800.0,0.0,10.89108910891089,-1.0000000000000009,-10.437710437710434,19.191919191919183,-13.670033670033666,True,True,True,True,-22.424242424242426,19.191919191919183,-35.08417508417509,True,True,True,True,0.60606060606061,19.191919191919183,-35.08417508417509,True,True,True,True
336A.T,2026-05-19,2026-05-20,2026-05-21,2026-05-22,999.0,10.853658536585375,3.237408654887825,747016200.0,0.8724100327153761,5.125408942202836,0.0,-6.106106106106102,2.4024024024023927,-12.91291291291291,False,False,True,True,-11.91191191191191,2.4024024024023927,-17.317317317317315,False,False,True,True,-22.72272272272272,2.4024024024023927,-27.627627627627625,False,False,True,True
3399.T,2023-12-13,2023-12-15,2023-12-19,2023-12-20,998.8070470279987,10.144914902729996,20.34047329529511,4544914000.0,1.992966002344665,11.019919454106198,1.7632249869082628,0.3712885199121718,5.074257908821589,-4.3316814182989605,True,False,False,False,4.702969683705294,6.930692442933073,-4.3316814182989605,True,False,False,False,30.940593176817146,40.34653076926376,-4.3316814182989605,True,True,False,False
3416.T,2024-02-21,2024-02-22,2024-02-26,2024-02-27,1309.3240510767157,26.809653913413722,27.613469985358712,2140987200.0,0.0,10.993663138569199,-4.059536615394088,-6.558528490319027,10.719322990126944,-15.091678874021685,True,True,True,True,-28.06770000731533,10.719322990126944,-28.70239677195666,True,True,True,True,-32.93371105896833,10.719322990126944,-32.93371105896833,True,True,True,True
341A.T,2025-07-04,2025-07-07,2025-07-08,2025-07-09,2850.0,17.55368814192344,4.179046176063257,8889799000.0,4.29494488787533,12.200684150513109,1.4234875444839812,-8.03508771929825,5.228070175438604,-10.456140350877197,True,False,True,True,-10.701754385964913,5.228070175438604,-14.456140350877188,True,False,True,True,15.96491228070176,20.350877192982452,-14.456140350877188,True,True,True,True
3444.T,2026-04-13,2026-04-14,2026-04-16,2026-04-17,1018.8141347222788,19.531247126603123,15.673416067929457,1101416400.0,0.0,5.11982748598605,2.602606340513569,64.19511278513323,68.58535607933192,-0.29268292682925745,True,True,False,False,38.88696198602688,82.43902384424133,-0.29268292682925745,True,True,False,False,12.778176199254322,84.5282604478661,-0.29268292682925745,True,True,False,False
3446.T,2025-10-06,2025-10-07,2025-10-09,2025-10-10,1514.0,22.056384742951906,10.960967484973567,1114009600.0,2.257636122177953,7.038512616201864,1.338688085676032,-1.5852047556142668,10.501981505944524,-7.529722589167765,True,True,True,False,5.482166446499348,11.955085865257598,-7.529722589167765,True,True,True,False,-3.1043593130779423,11.955085865257598,-8.124174372523118,True,True,True,True
3559.T,2026-06-16,2026-06-17,2026-06-18,2026-06-19,443.0,21.108179419525076,12.981600988603597,867923100.0,0.0,9.58605664488017,-1.3363028953229383,-6.997742663656881,11.512415349887139,-9.480812641083524,True,True,True,True,-6.546275395033863,11.512415349887139,-10.383747178329571,True,True,True,True,-7.674943566591419,11.512415349887139,-10.383747178329571,True,True,True,True
3652.T,2024-03-12,2024-03-13,2024-03-14,2024-03-15,3995.0,18.361153262518968,4.9576597382602,2134860000.0,2.377972465581979,7.634543178973718,-4.880952380952386,-4.380475594493117,6.2578222778473025,-5.1314142678347885,True,False,True,False,-5.256570713391739,6.2578222778473025,-9.136420525657075,True,False,True,True,-17.021276595744684,6.2578222778473025,-18.52315394242804,True,False,True,True
3660.T,2026-08-17,2026-08-18,2026-08-20,2026-08-21,540.0,8.317214700193421,9.14968973015658,4347336000.0,1.5817223198594021,7.732864674868189,0.5586592178770999,-1.6666666666666718,2.592592592592591,-5.37037037037037,False,False,True,False,,,,,,,,,,,,,,
3667.T,2024-06-21,2024-06-25,2024-06-26,2024-06-27,316.0,13.38028169014085,5.529832545019597,1142552600.0,0.3095975232198178,6.811145510835914,1.6077170418006492,-10.759493670886078,2.5316455696202445,-12.0253164556962,False,False,True,True,-10.759493670886078,2.5316455696202445,-12.0253164556962,False,False,True,True,-18.0379746835443,2.5316455696202445,-20.569620253164555,False,False,True,True
3667.T,2024-08-13,2024-08-14,2024-08-15,2024-08-16,284.0,27.586206896551737,3.4732975402856625,5214484000.0,0.0,12.702702702702705,-16.470588235294116,-27.8169014084507,1.760563380281699,-28.521126760563376,False,False,True,True,-25.352112676056336,1.760563380281699,-28.521126760563376,False,False,True,True,-36.97183098591549,1.760563380281699,-39.08450704225353,False,False,True,True
3667.T,2026-01-07,2026-01-08,2026-01-09,2026-01-13,67.0,16.393442622950815,5.200736858640239,646440800.0,0.0,8.450704225352112,0.0,-2.985074626865669,0.0,-7.462686567164178,False,False,True,False,-4.477611940298509,2.9850746268656803,-8.955223880597018,False,False,True,True,-11.940298507462687,2.9850746268656803,-13.432835820895528,False,False,True,True
3687.T,2026-05-29,2026-06-01,2026-06-02,2026-06-03,3060.0,21.966621560667576,4.879049701980389,21957291200.0,0.4784688995215336,5.410379094589624,2.0000000000000018,-14.607843137254905,20.58823529411764,-15.588235294117647,True,True,True,True,-23.758169934640527,20.58823529411764,-31.045751633986928,True,True,True,True,-23.59477124183007,20.58823529411764,-31.045751633986928,True,True,True,True
3692.T,2025-01-06,2025-01-08,2025-01-10,2025-01-14,2234.257131421888,10.950003188627,8.144816530103313,2029275500.0,4.312203536006898,6.252697959208275,2.3668689052627423,5.602500415107792,8.448198314819289,-0.7114284801530535,True,False,False,False,8.803914926683266,11.827481013734541,-0.7114284801530535,True,True,False,False,18.274792597372837,26.278348106186588,-0.7114284801530535,True,True,False,False
3692.T,2025-05-16,2025-05-21,2025-05-22,2025-05-23,4841.49303755082,16.37630412351434,7.974206439307934,13196340000.0,0.0,6.18762726698322,1.1458345050339824,-10.81359448849718,0.6179196704428458,-12.358393660174471,False,False,True,True,10.813599714640398,14.727091154376758,-12.358393660174471,True,True,True,True,21.112259298605895,25.643673672466605,-12.358393660174471,True,True,True,True
3719.T,2025-09-26,2025-09-29,2025-10-01,2025-10-02,475.3188918334428,17.61657699456847,7.672896772291152,3071537000.0,0.0,6.828192139521749,1.6913295319443744,-8.108104154909634,7.2765072765072825,-11.642411357471738,True,False,True,True,-21.2058205469548,7.2765072765072825,-26.611225296779363,True,False,True,True,-22.037421995366735,7.2765072765072825,-26.611228061884916,True,False,True,True
3763.T,2026-08-17,2026-08-19,2026-08-21,2026-08-24,2499.0,23.788328387734925,5.700934579439252,626000300.0,0.0,7.950459448661606,1.2560777957860703,-9.683873549419763,0.8403361344537785,-9.88395358143257,False,False,True,True,,,,,,,,,,,,,,
3791.T,2024-07-19,2024-07-22,2024-07-23,2024-07-24,1730.6079500679348,8.369771579896712,3.3381914081476856,2086337500.0,0.0,6.340055686862933,-1.628294585429002,3.6529699297591423,7.7625590459169835,-7.077627549259924,True,False,True,False,-9.931511535364656,7.7625590459169835,-14.668954211261198,True,False,True,True,8.961184299120294,11.872143125340884,-14.668954211261198,True,True,True,True
3803.T,2025-09-05,2025-09-08,2025-09-09,2025-09-10,1321.0,30.000000000000004,4.717360884816654,1599650000.0,0.0,12.384615384615383,-1.857355126300153,-20.136260408781226,48.37244511733536,-20.363361090083266,True,True,True,True,-27.40348221044663,48.37244511733536,-28.08478425435277,True,True,True,True,-38.98561695685087,48.37244511733536,-40.65102195306586,True,True,True,True
3807.T,2025-05-21,2025-05-23,2025-05-26,2025-05-27,187.0,32.82442748091603,34.12413066922548,3496147200.0,2.7932960893854775,12.290502793296088,-2.0942408376963373,-8.556149732620321,15.508021390374328,-9.625668449197866,True,True,True,True,-8.021390374331549,15.508021390374328,-14.973262032085566,True,True,True,True,-15.508021390374328,15.508021390374328,-15.508021390374328,True,True,True,True
3810.T,2025-02-06,2025-02-07,2025-02-12,2025-02-13,413.0,21.257485029940113,7.480656021736134,1538797500.0,2.1739130434782594,5.797101449275366,0.0,-1.937046004842613,3.874092009685226,-11.13801452784504,False,False,True,True,-24.455205811138015,3.874092009685226,-27.118644067796616,False,False,True,True,-29.297820823244546,3.874092009685226,-31.23486682808717,False,False,True,True
3810.T,2026-05-11,2026-05-13,2026-05-15,2026-05-18,345.0,27.491408934707895,26.54616491591527,7083280400.0,0.0,7.008086253369273,-7.9999999999999964,-1.1594202898550732,12.173913043478258,-11.014492753623184,True,True,True,True,-41.449275362318836,12.173913043478258,-46.37681159420289,True,True,True,True,-46.95652173913043,12.173913043478258,-53.333333333333336,True,True,True,True
3823.T,2025-01-17,2025-01-20,2025-01-21,2025-01-22,50.0,11.627906976744185,5.310560867176055,999667200.0,0.0,6.25,0.0,-16.000000000000004,15.999999999999993,-19.999999999999996,True,True,True,True,-21.999999999999996,15.999999999999993,-24.0,True,True,True,True,63.99999999999999,84.00000000000001,-26.0,True,True,True,True
3825.T,2024-06-26,2024-06-27,2024-07-01,2024-07-02,198.52863017237465,8.69564664374236,7.258774572045562,783200000.0,2.9126213592232997,8.252425480314308,-5.326534058269772e-06,-1.9704388096875136,10.837446127206674,-2.955663041800638,True,True,False,False,-1.477831618601455,10.837446127206674,-4.433496670043413,True,True,False,False,-12.31526668188283,10.837446127206674,-12.31526668188283,True,True,True,True
3825.T,2025-06-12,2025-06-13,2025-06-16,2025-06-17,656.2202412733037,15.135135256702847,3.90531874046179,26874486900.0,2.442748091603042,8.396950009358328,1.5128521081943402,-19.821159546600185,0.7451564828613977,-21.31147256618011,False,False,True,True,-18.926969072479338,0.7451564828613977,-25.33531730660038,False,False,True,True,-6.55736983437275,0.7451564828613977,-25.484346202286112,False,False,True,True
3843.T,2023-09-11,2023-09-12,2023-09-14,2023-09-15,1198.0955341480396,26.525204938558833,12.371678019763984,1845274500.0,0.0,9.433958478200433,0.2347432057856924,-3.747082646718014,3.512880562060894,-8.274779268141973,False,False,True,True,-6.323192558891866,3.512880562060894,-8.274787963233255,False,False,True,True,-18.57924127771945,3.512880562060894,-19.125689322835427,False,False,True,True
3903.T,2025-05-22,2025-05-23,2025-05-26,2025-05-27,556.0,19.569471624266143,15.086764657088821,6945542500.0,0.0,13.747954173486088,0.7246376811594235,-5.215827338129497,2.158273381294973,-9.172661870503596,False,False,True,True,-5.035971223021585,2.158273381294973,-9.712230215827333,False,False,True,True,29.316546762589923,55.575539568345334,-9.712230215827333,True,True,True,True
3911.T,2025-04-30,2025-05-01,2025-05-07,2025-05-08,296.0,25.09652509652509,18.71242165595753,5373572400.0,2.114803625377648,8.45921450151057,0.3389830508474523,-8.108108108108103,0.0,-11.148648648648651,False,False,True,True,-15.202702702702698,0.0,-15.202702702702698,False,False,True,True,-9.797297297297302,0.0,-16.216216216216218,False,False,True,True
3993.T,2024-09-24,2024-09-25,2024-09-26,2024-09-27,3485.0,10.344827586206895,3.166269740956081,3998064000.0,1.897810218978102,5.109489051094895,1.455604075691408,-3.8737446197991354,3.299856527977041,-4.734576757532283,False,False,False,False,2.7259684361549574,5.308464849354366,-4.734576757532283,True,False,False,False,-2.7259684361549463,8.034433285509323,-4.734576757532283,True,False,False,False
4082.T,2026-08-27,2026-08-28,2026-09-01,2026-09-02,2608.0,15.785411038209185,41.32733245013883,34158900000.0,3.0694668820678506,8.562197092084013,-4.3286867204695545,,,,,,,,,,,,,,,,,,,,,
4098.T,2026-01-21,2026-01-22,2026-01-23,2026-01-26,1324.3352760096639,26.548670924420527,33.867341202922994,861575000.0,0.0,11.678319181448572,-6.302521904900704,-13.751864937053327,9.118086696562022,-14.723464378836947,True,False,True,True,-5.082209322114495,9.118086696562022,-16.292976759621602,True,False,True,True,-14.723470073864508,9.118086696562022,-19.058292362922437,True,False,True,True
4100.T,2026-01-14,2026-01-16,2026-01-19,2026-01-20,1704.0,14.319066147859916,11.280829262480639,695424600.0,3.22793148880105,9.025032938076416,21.36752136752136,-16.373239436619713,3.169014084507049,-18.075117370892023,False,False,True,True,-16.19718309859155,3.169014084507049,-21.5962441314554,False,False,True,True,-13.6150234741784,3.169014084507049,-21.5962441314554,False,False,True,True
4166.T,2025-12-16,2025-12-17,2025-12-19,2025-12-22,902.0,15.01501501501501,3.0022753128555175,606442200.0,0.0,12.619669277632727,-2.4864864864864833,-9.312638580931266,1.9955654101995624,-10.643015521064303,False,False,True,True,-8.314855875831483,1.9955654101995624,-11.086474501108645,False,False,True,True,-10.753880266075388,1.9955654101995624,-13.192904656319293,False,False,True,True
4189.T,2026-07-31,2026-08-03,2026-08-04,2026-08-05,3355.0,9.256198347107446,4.308789127770971,1917561000.0,3.9244186046511587,6.686046511627907,0.2989536621823552,3.129657228017879,6.408345752608047,-0.29806259314456574,True,False,False,False,-4.32190760059612,6.408345752608047,-5.067064083457529,True,False,True,False,1.3412816691505292,6.408345752608047,-5.067064083457529,True,False,True,False
4197.T,2024-01-17,2024-01-18,2024-01-22,2024-01-23,2505.2579997356675,16.7395110826015,116.82624113475177,5279765700.0,4.19655667144907,11.657107832937697,-1.0988930718459633,-10.703716137902198,5.185185185185182,-12.481484322623826,True,False,True,True,-6.962960647578919,5.185185185185182,-12.481484322623826,True,False,True,True,29.44443217144357,29.44443217144357,-12.481484322623826,True,True,True,True
4199.T,2025-12-26,2025-12-29,2025-12-30,2026-01-05,1490.0,25.398313027179007,37.12545360290306,1916417400.0,1.978021978021982,8.131868131868137,2.0547945205479534,2.0134228187919545,29.06040268456376,-11.87919463087248,True,True,True,True,13.15436241610739,29.06040268456376,-11.87919463087248,True,True,True,True,-3.288590604026842,29.06040268456376,-16.24161073825503,True,True,True,True
4237.T,2026-01-22,2026-01-23,2026-01-26,2026-01-27,408.7121212121212,22.59886694087605,47.194033311434865,2650090800.0,0.0,7.373275344181474,0.48425967351164445,-9.638555574461305,7.469879518072298,-13.012048416557098,True,False,True,True,17.108438486518196,28.192776285653665,-13.012048416557098,True,True,True,True,-3.3734908081846537,28.192776285653665,-13.012048416557098,True,True,True,True
4258.T,2025-08-14,2025-08-15,2025-08-18,2025-08-19,4253.550114440918,15.934065637758987,4.655338249438922,1838232000.0,2.5404157043879994,10.508084967139963,-1.6110435899457265,-8.538009730062335,0.0,-13.333335086906539,False,False,True,True,-10.760234341430852,0.0,-15.555556149318628,False,False,True,True,-16.3742718398203,0.0,-19.649123866779394,False,False,True,True
4258.T,2026-07-06,2026-07-07,2026-07-08,2026-07-09,4425.0,11.262798634812277,4.542579871333551,1018587000.0,2.9761904761904767,11.607142857142861,-4.530744336569581,6.666666666666665,6.666666666666665,-5.875706214689269,True,False,True,False,-5.0847457627118615,8.813559322033893,-5.875706214689269,True,False,True,False,4.1807909604519855,8.813559322033893,-8.813559322033903,True,False,True,True
4263.T,2025-07-23,2025-07-25,2025-07-29,2025-07-30,877.0,20.94972067039107,93.85870608562104,4233960600.0,0.0,5.196304849884525,-1.681614349775784,3.876852907639683,7.525655644241724,-10.262257696693277,True,False,True,True,-11.174458380843788,7.525655644241724,-12.086659064994299,True,False,True,True,-6.727480045610035,7.525655644241724,-12.086659064994299,True,False,True,True
4265.T,2025-09-05,2025-09-08,2025-09-09,2025-09-10,448.0,26.058631921824094,60.82088327039895,716840100.0,0.0,6.2015503875969,1.1286681715575675,9.59821428571428,36.60714285714286,-9.15178571428571,True,True,True,True,-7.8125,64.28571428571428,-9.59821428571429,True,True,True,True,-24.776785714285708,64.28571428571428,-25.66964285714286,True,True,True,True
4288.T,2024-02-29,2024-03-01,2024-03-05,2024-03-06,784.0,18.656716417910445,29.031318281136198,887283600.0,0.0,8.176100628930815,0.0,-22.44897959183674,15.943877551020403,-29.591836734693878,True,True,True,True,-23.5969387755102,15.943877551020403,-31.505102040816325,True,True,True,True,-38.39285714285714,15.943877551020403,-38.39285714285714,True,True,True,True
4288.T,2024-07-08,2024-07-11,2024-07-12,2024-07-16,999.0,18.726591760299627,3.8450812352139376,1166972100.0,0.0,7.67613038906414,9.90099009900991,-20.62062062062062,6.006006006006004,-21.72172172172172,True,False,True,True,-31.431431431431434,6.006006006006004,-32.332332332332335,True,False,True,True,-37.53753753753754,6.006006006006004,-44.34434434434434,True,False,True,True
4382.T,2023-12-11,2023-12-12,2023-12-14,2023-12-15,1560.0,23.529411764705888,6.68451053283767,1062022500.0,0.0,7.80952380952381,-1.452937460518,14.8076923076923,23.397435897435905,-0.8333333333333304,True,True,False,False,11.474358974358978,23.397435897435905,-0.8333333333333304,True,True,False,False,-1.1538461538461497,23.397435897435905,-1.7948717948717996,True,True,False,False
4393.T,2024-08-29,2024-08-30,2024-09-02,2024-09-03,5960.0,8.088235294117641,3.251361785393199,1807512000.0,2.0000000000000018,5.833333333333335,-0.16750418760469454,-11.74496644295302,9.563758389261734,-15.771812080536918,True,False,True,True,-11.073825503355705,9.563758389261734,-16.442953020134233,True,False,True,True,-2.181208053691275,9.563758389261734,-16.442953020134233,True,False,True,True
4395.T,2025-12-11,2025-12-15,2025-12-17,2025-12-18,1207.260284220106,28.763184157509002,11.912328767123288,1167872800.0,0.0,13.924047377365111,1.6666575689574747,-1.8032707776419743,29.344270820678386,-2.9508118536962447,True,True,False,False,-7.899666575331976,29.344270820678386,-10.204232559148519,True,True,True,True,-5.924323354703043,29.344270820678386,-11.521135698402428,True,True,True,True
4413.T,2026-04-15,2026-04-16,2026-04-17,2026-04-20,2222.0,15.291139240506336,5.700736688870263,2942567100.0,0.1315789473684159,7.4561403508771935,-2.028218694885364,-6.345634563456349,3.150315031503159,-6.930693069306926,False,False,True,False,-10.89108910891089,3.150315031503159,-14.4014401440144,False,False,True,True,3.150315031503159,4.185418541854191,-14.4014401440144,False,False,True,True
4422.T,2026-01-13,2026-01-14,2026-01-15,2026-01-16,566.6666870117188,79.15566519069088,256.2202136400986,4234515504.840088,0.0,11.63475500979877,13.333337402343748,-34.94118060154884,11.764698279357976,-35.35294170234441,True,True,True,True,-44.23529611976906,11.764698279357976,-47.05882543016051,True,True,True,True,-31.000002477309195,11.764698279357976,-47.05882543016051,True,True,True,True
4424.T,2024-07-10,2024-07-12,2024-07-17,2024-07-18,549.0,18.140589569161,117.86768726079825,561585900.0,0.0,8.829174664107487,7.8585461689587355,-18.214936247723134,5.828779599271394,-18.943533697632052,True,False,True,True,-9.107468123861562,11.839708561020036,-21.675774134790526,True,True,True,True,-36.97632058287796,17.850637522768675,-37.704918032786885,True,True,True,True
4424.T,2024-07-30,2024-07-31,2024-08-01,2024-08-02,599.0,16.032064128256508,4.808118432321475,2047865100.0,0.0,13.816925734024178,3.4542314335060498,-37.395659432387305,8.013355592654413,-39.73288814691151,True,False,True,True,-44.073455759599334,8.013355592654413,-44.24040066777963,True,False,True,True,-43.238731218697836,8.013355592654413,-47.412353923205345,True,False,True,True
4425.T,2024-02-19,2024-02-22,2024-02-26,2024-02-27,1120.0,17.564402810304447,7.882758154926724,1757803200.0,0.0,6.175298804780871,2.564102564102555,4.732142857142851,13.303571428571438,-4.732142857142863,True,True,False,False,114.55357142857143,189.28571428571428,-4.732142857142863,True,True,False,False,107.67857142857142,204.01785714285717,-4.732142857142863,True,True,False,False
4425.T,2024-05-22,2024-05-23,2024-05-24,2024-05-27,2641.0,19.339984650805842,3.085594335848028,8274466000.0,0.0,12.797427652733118,-2.6538886841135256,14.35062476334721,21.734191594093154,-8.936009087466868,True,True,True,True,-8.25444907232109,21.734191594093154,-11.245740249905333,True,True,True,True,-23.13517606967058,21.734191594093154,-23.286633850814088,True,True,True,True
4563.T,2024-07-29,2024-07-30,2024-08-01,2024-08-02,66.0,14.54545454545455,5.401925003685729,565551000.0,3.076923076923077,12.307692307692308,-7.042253521126762,-15.151515151515149,3.0303030303030276,-31.818181818181824,False,False,True,True,-4.545454545454541,4.545454545454541,-31.818181818181824,False,False,True,True,0.0,22.72727272727273,-31.818181818181824,True,True,True,True
4564.T,2025-06-26,2025-06-27,2025-06-30,2025-07-01,31.0,21.739130434782616,9.022289404482926,847316400.0,3.4482758620689613,6.896551724137934,0.0,-9.677419354838712,0.0,-16.129032258064512,False,False,True,True,6.451612903225801,9.677419354838701,-16.129032258064512,True,False,True,True,-6.451612903225811,9.677419354838701,-16.129032258064512,True,False,True,True
4579.T,2025-11-20,2025-11-21,2025-11-26,2025-11-27,751.0,16.129032258064523,9.369522827621758,1504944000.0,0.0,9.722222222222221,0.13333333333334085,87.08388814913448,87.08388814913448,-2.929427430093212,True,True,False,False,73.90146471371504,95.07323568575232,-2.929427430093212,True,True,False,False,30.758988015978694,95.07323568575232,-2.929427430093212,True,True,False,False
4586.T,2025-08-15,2025-08-18,2025-08-19,2025-08-20,118.0,11.926605504587151,6.795142476097451,4413386600.0,2.400000000000002,10.399999999999999,-0.8403361344537785,14.406779661016955,27.118644067796605,-13.559322033898303,True,True,True,True,5.084745762711873,27.118644067796605,-13.559322033898303,True,True,True,True,-16.10169491525424,27.118644067796605,-22.033898305084744,True,True,True,True
4588.T,2025-11-10,2025-11-11,2025-11-13,2025-11-14,1058.0,15.746180963572275,3.639870394761172,6301636000.0,1.2036108324974926,9.929789368104313,0.0,-3.875236294896034,1.9848771266540721,-12.381852551984874,False,False,True,True,10.964083175803395,13.137996219281668,-12.381852551984874,True,True,True,True,0.2835538752362865,13.137996219281668,-14.83931947069943,True,True,True,True
4592.T,2024-09-20,2024-09-24,2024-09-25,2024-09-26,1243.0,19.68576709796672,8.979064180299737,15245905500.0,1.8195602729340399,6.141015921152393,-8.737151248164466,2.8962188254223697,9.654062751407878,-7.48189863234111,True,False,True,False,-10.699919549477077,9.654062751407878,-11.745776347546254,True,False,True,True,-20.032180209171358,9.654062751407878,-20.67578439259855,True,False,True,True
4596.T,2026-01-26,2026-01-27,2026-01-28,2026-01-29,104.0,36.36363636363635,8.483822145866569,2333295000.0,3.2258064516129004,10.752688172043012,5.050505050505061,5.769230769230771,28.846153846153854,-13.461538461538458,True,True,True,True,193.26923076923075,193.26923076923075,-13.461538461538458,True,True,True,True,126.92307692307692,236.53846153846155,-13.461538461538458,True,True,True,True
4597.T,2023-12-05,2023-12-07,2023-12-08,2023-12-11,69.0,15.094339622641506,9.200492236600052,1787775800.0,3.1746031746031744,9.523809523809524,0.0,-20.28985507246377,2.898550724637672,-24.63768115942029,False,False,True,True,-18.840579710144922,2.898550724637672,-26.086956521739136,False,False,True,True,-40.57971014492754,2.898550724637672,-40.57971014492754,False,False,True,True
464A.T,2024-01-30,2024-01-31,2024-02-01,2024-02-02,1921.0,20.473996050032905,3.9235882893491048,92747145000.0,2.969247083775184,6.57476139978791,2.12652844231791,24.934929724102027,37.84487246225925,-8.901613742842274,True,True,True,True,109.26600728787088,127.48568453930247,-8.901613742842274,True,True,True,True,71.52524726704841,127.48568453930247,-8.901613742842274,True,True,True,True
4784.T,2025-04-03,2025-04-04,2025-04-07,2025-04-08,1743.0485988354535,15.876605055952918,11.793206506121042,3159926000.0,1.2820512820512775,8.397438604991914,6.698287630563016,-2.3888915803085276,5.555555555555536,-10.611111111111116,True,False,True,True,66.6666699154809,66.6666699154809,-10.611111111111116,True,True,True,True,49.16665920952319,103.3333356982959,-10.611111111111116,True,True,True,True
4813.T,2024-09-02,2024-09-04,2024-09-05,2024-09-06,1405.0,15.371762740183792,4.3612577399900605,2242053500.0,1.074498567335247,11.031518624641834,0.14255167498218313,21.70818505338079,28.967971530249102,-2.348754448398571,True,True,False,False,14.021352313167256,28.967971530249102,-2.348754448398571,True,True,False,False,-7.686832740213523,28.967971530249102,-8.967971530249109,True,True,True,True
4883.T,2024-07-24,2024-07-26,2024-07-29,2024-07-30,140.0,41.66666666666667,31.264541945055345,3052319400.0,0.0,6.8627450980392135,12.00000000000001,-36.42857142857143,26.428571428571423,-40.0,True,True,True,True,-12.142857142857144,26.428571428571423,-40.0,True,True,True,True,-2.857142857142858,44.99999999999999,-40.0,True,True,True,True
4888.T,2026-01-27,2026-01-28,2026-01-29,2026-01-30,331.0,24.031007751937985,11.02209633551668,4383232000.0,4.477611940298509,12.835820895522387,-0.6006006006005982,-0.9063444108761365,17.52265861027191,-8.157099697885196,True,True,True,True,7.85498489425982,18.126888217522662,-8.157099697885196,True,True,True,True,49.84894259818731,52.870090634441084,-8.157099697885196,True,True,True,True
4888.T,2026-03-24,2026-03-26,2026-03-27,2026-03-30,836.0,21.27659574468086,4.778515145914887,12159040500.0,0.0,9.005847953216373,-5.107832009080592,-29.784688995215312,1.7942583732057482,-30.861244019138756,False,False,True,True,-13.875598086124397,1.7942583732057482,-36.1244019138756,False,False,True,True,-35.04784688995215,1.7942583732057482,-37.91866028708134,False,False,True,True
4935.T,2024-05-23,2024-05-27,2024-05-28,2024-05-29,111.99136592584709,29.7029659993745,266.1119081779053,1214894000.0,0.0,10.076330526539024,-6.384742341404792,11.16031909033548,12.666070043429123,-7.8830828022250055,True,True,True,False,0.7971675518302135,12.931803317782208,-8.41452465514828,True,True,True,True,2.657214278306541,15.146148888274746,-11.514615277627204,True,True,True,True
4935.T,2024-07-10,2024-07-12,2024-07-17,2024-07-18,195.41451859036428,15.873019651807763,8.725375602246487,1117119000.0,0.0,12.602744633214801,10.92342216148008,4.365486234683669,65.78680548921265,-5.888327971327723,True,True,True,False,-0.3045666199054664,65.78680548921265,-5.888327971327723,True,True,True,False,-10.96446732872154,65.78680548921265,-19.695438085516447,True,True,True,True
4935.T,2025-05-22,2025-05-23,2025-05-27,2025-05-28,358.2066546948404,22.43828750516572,14.028157392604816,2226483658.493042,0.0,5.436769697864962,3.0910196047238436,13.82564875332488,58.245407898010406,-1.7212692939798324,True,True,False,False,11.66018481349158,58.245407898010406,-1.7212692939798324,True,True,False,False,13.82564875332488,58.245407898010406,-1.7212692939798324,True,True,False,False
4935.T,2026-07-03,2026-07-06,2026-07-08,2026-07-09,359.0,16.883116883116877,5.589468601489237,2375352000.0,0.0,6.944444444444442,-5.277044854881263,-7.799442896935938,18.105849582172695,-11.420612813370479,True,True,True,True,-16.434540389972142,18.105849582172695,-29.805013927576606,True,True,True,True,-32.86908077994429,18.105849582172695,-37.04735376044568,True,True,True,True
5010.T,2023-09-26,2023-09-27,2023-09-28,2023-09-29,204.0,30.12048192771084,9.871375659396161,1424800800.0,0.0,13.425925925925931,-1.9230769230769273,-29.411764705882348,7.352941176470584,-30.88235294117647,True,False,True,True,-31.862745098039213,7.352941176470584,-31.862745098039213,True,False,True,True,-30.88235294117647,7.352941176470584,-40.19607843137255,True,False,True,True
5131.T,2025-12-16,2025-12-18,2025-12-19,2025-12-22,188.0,20.88607594936709,13.302576418294045,603044300.0,1.0362694300518172,10.880829015544046,-1.0526315789473717,-2.127659574468088,13.297872340425542,-3.7234042553191515,True,True,False,False,-10.106382978723405,13.297872340425542,-12.234042553191493,True,True,True,True,-15.957446808510634,22.34042553191489,-16.48936170212766,True,True,True,True
5216.T,2026-06-22,2026-06-23,2026-06-24,2026-06-25,160.0,39.370078740157474,15.729931399687086,1272364500.0,0.0,12.994350282485879,-4.761904761904767,-2.500000000000002,4.374999999999996,-12.5,False,False,True,True,-5.625000000000002,4.374999999999996,-12.5,False,False,True,True,-1.8750000000000044,28.125,-12.5,True,True,True,True
5240.T,2025-12-17,2025-12-18,2025-12-22,2025-12-23,331.0,33.89830508474576,40.14301020170494,2723130000.0,0.0,9.177215189873422,1.2232415902140747,-11.782477341389729,0.0,-18.126888217522662,False,False,True,True,-12.688821752265866,0.0,-18.126888217522662,False,False,True,True,-23.262839879154072,0.0,-24.16918429003021,False,False,True,True
5243.T,2025-01-22,2025-01-23,2025-01-24,2025-01-27,1051.0,14.652014652014644,4.722362811285632,7753792500.0,3.095975232198145,10.010319917440658,2.938295788442713,23.691722169362507,38.72502378686964,-4.376784015223601,True,True,False,False,91.43672692673644,97.43101807802093,-4.376784015223601,True,True,False,False,37.9638439581351,176.78401522359655,-4.376784015223601,True,True,False,False
5243.T,2026-01-15,2026-01-16,2026-01-20,2026-01-21,2673.0,21.97802197802199,10.123346853020363,20190067500.0,0.0,8.792792792792792,-3.606202668589975,-4.227459783015341,20.08978675645343,-5.798728020950239,True,True,True,False,-2.9180695847362492,20.08978675645343,-9.577254021698467,True,True,True,True,-12.532734754956977,20.08978675645343,-18.967452300785638,True,True,True,True
5246.T,2024-06-27,2024-06-28,2024-07-01,2024-07-02,1499.0,8.787465940054506,3.0221475846127492,10001372200.0,1.8438844499078066,6.822372464658876,-13.801035077630818,14.809873248832561,30.020013342228147,-5.203468979319547,True,True,True,False,38.89259506337559,54.30286857905271,-5.203468979319547,True,True,True,False,-29.953302201467647,54.30286857905271,-32.28819212808539,True,True,True,True
5269.T,2024-01-12,2024-01-16,2024-01-17,2024-01-18,433.9656936357606,18.333334095161135,29.301938848784914,1651389000.0,2.9612756264236872,5.239186395356265,8.837219396224727,-3.4188215670361677,8.974358974358964,-3.6324967405604314,True,False,False,False,1.068362475629847,8.974358974358964,-3.846165822183878,True,False,False,False,-4.273514917715515,8.974358974358964,-4.91454048746297,True,False,False,False
5287.T,2025-09-04,2025-09-05,2025-09-09,2025-09-10,1307.154691691511,26.338889637024,12.884594146880177,1678881300.0,0.0,8.061148662743346,-0.29962375361292093,-12.997747278965143,0.15026296018030294,-17.95642401908407,False,False,True,True,3.305788034214685,14.575510365219934,-17.95642401908407,True,True,True,True,-4.357620746596669,23.816685979428833,-17.95642401908407,True,True,True,True
5332.T,2024-08-01,2024-08-05,2024-08-06,2024-08-07,3973.37768321414,9.590712309947303,3.7284558564896235,16068275000.0,0.0,8.375702200869428,-3.2565625790883956,8.679968764179335,10.1226202116387,-0.3366193796585648,True,True,False,False,11.036300933608656,12.503004897693337,-0.3366193796585648,True,True,False,False,15.580669876160025,22.264972908065104,-0.3366193796585648,True,True,False,False
5367.T,2026-05-26,2026-05-27,2026-05-28,2026-05-29,1448.0,12.871287128712861,7.50360626089952,1787907600.0,3.116147308781869,5.6657223796034,26.022628372497824,-10.359116022099446,20.78729281767955,-14.70994475138122,True,True,True,True,-15.055248618784534,20.78729281767955,-24.58563535911602,True,True,True,True,32.32044198895028,44.95856353591161,-24.58563535911602,True,True,True,True
5367.T,2026-06-15,2026-06-16,2026-06-17,2026-06-18,1521.0,20.307167235494884,3.0613372335647773,5430333000.0,4.146838885112169,8.497620666213457,-0.7827788649706457,26.035502958579883,35.30571992110454,0.0,True,True,False,False,-8.941485864562793,38.00131492439185,-11.834319526627224,True,True,True,True,-17.159763313609467,38.00131492439185,-23.405654174884948,True,True,True,True
5580.T,2024-09-11,2024-09-12,2024-09-13,2024-09-17,1325.0,28.22201317027282,781.5702479338843,2577978200.0,0.0,8.07043286867205,-11.014103425117527,-19.547169811320753,2.264150943396226,-19.622641509433958,False,False,True,True,-22.867924528301884,2.264150943396226,-23.698113207547166,False,False,True,True,-26.18867924528302,2.264150943396226,-26.86792452830189,False,False,True,True
5597.T,2025-02-07,2025-02-10,2025-02-12,2025-02-13,923.0,14.749262536873164,3.955213195498411,537286800.0,0.0,9.89717223650386,8.844339622641506,-12.892741061755142,7.800650054171188,-13.867822318526546,True,False,True,True,26.21885157096424,45.07042253521127,-13.867822318526546,True,True,True,True,13.867822318526546,45.07042253521127,-13.867822318526546,True,True,True,True
5612.T,2025-05-29,2025-06-03,2025-06-04,2025-06-05,1468.2671505426244,14.690124659089033,6.496184780367086,708277500.0,4.764930114358323,7.242693716071247,-4.179854840025143e-06,-1.1409377249694264,2.7516797984194374,-5.2348964183057785,False,False,True,False,-4.093961386308143,2.7516797984194374,-5.2348964183057785,False,False,True,False,-6.241608911715657,2.7516797984194374,-8.322146827692812,False,False,True,True
5707.T,2025-12-23,2025-12-25,2025-12-26,2025-12-29,1039.0,8.095238095238088,7.468857495908893,2030651200.0,4.721930745015735,5.561385099685201,9.48366701791359,1.0587102983638186,8.084696823869098,-7.122232916265636,True,False,True,False,98.17131857555341,98.17131857555341,-7.122232916265636,True,True,True,False,72.08854667949952,141.57844080846965,-7.122232916265636,True,True,True,False
5817.T,2026-02-27,2026-03-04,2026-03-05,2026-03-06,1912.0,20.67539627842867,7.740163605931304,5749058300.0,0.0,5.825242718446599,0.0,-13.702928870292885,8.158995815899583,-16.736401673640167,True,False,True,True,-21.86192468619247,8.158995815899583,-26.15062761506276,True,False,True,True,-30.543933054393303,8.158995815899583,-36.663179916317986,True,False,True,True
5885.T,2024-02-27,2024-03-01,2024-03-04,2024-03-05,3632.8535064954954,28.92960465684005,7.85535212337613,6912290000.0,0.0,8.750931846337394,10.382908368425126,-18.945961965552314,10.740504253779326,-21.547696519744463,True,True,True,True,-16.07738547452958,10.740504253779326,-26.217476662660467,True,True,True,True,-23.215476944123537,10.740504253779326,-26.217476662660467,True,True,True,True
5892.T,2024-02-19,2024-02-20,2024-02-21,2024-02-22,1730.0,9.609289676865851,5.352510724198839,2752257000.0,4.595590376111414,6.98529844878032,1.764705882352935,5.5876662414197975,18.304429247200147,-8.285166128522404,True,True,True,True,41.04046242774566,60.886315141799145,-8.285166128522404,True,True,True,True,71.09826589595376,74.95183514721822,-8.285166128522404,True,True,True,True
5892.T,2025-05-15,2025-05-16,2025-05-20,2025-05-21,3510.0,10.499999999999998,4.0881617340558565,1300474500.0,1.9230769230769273,8.579881656804734,0.7173601147776099,-5.982905982905984,5.982905982905984,-8.83190883190883,True,False,True,True,7.122507122507127,11.111111111111116,-8.83190883190883,True,True,True,True,17.378917378917368,18.518518518518512,-10.256410256410254,True,True,True,True
593A.T,2026-08-25,2026-08-26,2026-08-27,2026-08-28,1702.0,21.48471615720524,5.898841887065355,40731957500.0,1.6961130742049524,6.148409893992934,6.441525953721072,,,,,,,,,,,,,,,,,,,,,
5952.T,2025-10-14,2025-10-16,2025-10-20,2025-10-21,198.63157894736844,23.837209143410053,130.09633507853403,1323177300.0,3.6199095022624417,10.407236323423453,-3.317530253976231,-1.4705886396075618,39.70588235294117,-1.9607847160274305,True,True,False,False,-0.4901944611776399,39.70588235294117,-3.9215737784041638,True,True,False,False,-8.823533454899069,39.70588235294117,-8.823533454899069,True,True,True,True
5955.T,2026-01-08,2026-01-09,2026-01-13,2026-01-14,94.20168047365935,9.523805162103095,8.611335186906512,967380000.0,4.166666666666674,10.416664053198454,5.555554574698363,10.52631411685403,22.10526226560301,-6.3157894736842195,True,True,True,False,7.368424750001346,22.10526226560301,-6.3157894736842195,True,True,True,False,44.21052675595254,48.42105496477416,-6.3157894736842195,True,True,True,False
6016.T,2024-05-13,2024-05-15,2024-05-17,2024-05-20,4431.287215421028,11.791368411687486,8.26238512728425,5784369000.0,4.023358412485756,7.332897440758391,-1.2292237540865836,17.86237403715134,22.98682881219285,0.0,True,True,False,False,11.786239418174315,25.03661856208186,0.0,True,True,False,False,31.991211213174097,31.991211213174097,0.0,True,True,False,False
6027.T,2026-08-14,2026-08-17,2026-08-18,2026-08-19,4090.0,19.047619047619047,8.462043654626232,4107000000.0,2.2164276401564487,12.385919165580184,9.35828877005347,6.234718826405872,16.136919315403418,-3.4229828850855792,True,True,False,False,28.850855745721283,41.320293398533,-3.4229828850855792,True,True,False,False,,,,,,,
6081.T,2026-01-16,2026-01-19,2026-01-21,2026-01-22,329.0,37.5586854460094,55.64899397420902,5506495500.0,0.0,6.825938566552903,-4.637681159420293,-3.039513677811545,27.051671732522784,-8.510638297872342,True,True,True,True,-6.686930091185406,27.051671732522784,-17.021276595744684,True,True,True,True,22.796352583586632,40.729483282674764,-17.021276595744684,True,True,True,True
6223.T,2023-11-24,2023-11-27,2023-11-28,2023-11-29,1807.1326970813493,9.766153165390335,5.190633443410388,1379742000.0,1.2376237623762276,6.188118173877677,5.949893152078678,8.078819485769827,20.935957589245447,-13.201970865998058,True,True,True,True,-8.571429293952482,20.935957589245447,-13.201970865998058,True,True,True,True,-14.088669814413645,20.935957589245447,-16.650251886280344,True,True,True,True
6276.T,2026-04-21,2026-04-22,2026-04-23,2026-04-24,339.0,28.099173553719005,99.84150278837687,527248000.0,3.7267080745341574,10.869565217391308,-4.507042253521131,-17.994100294985248,9.144542772861364,-17.994100294985248,True,False,True,True,-22.418879056047203,9.144542772861364,-23.893805309734518,True,False,True,True,-9.144542772861353,9.144542772861364,-25.958702064896755,True,False,True,True
6323.T,2026-01-13,2026-01-14,2026-01-15,2026-01-16,2985.1874705003147,13.479381807708668,5.534355581384952,17795962500.0,1.4736120630568839,5.157642893357228,7.449861261574386,17.033330106235844,22.33332996009272,-1.9500000000000073,True,True,False,False,15.33333480019583,25.900001601254232,-1.9500000000000073,True,True,False,False,13.299996016310267,25.900001601254232,-1.9500000000000073,True,True,False,False
6336.T,2026-06-10,2026-06-11,2026-06-12,2026-06-15,1788.0,14.87320082248116,13.246369469773725,2629476400.0,4.718590108015919,8.754974417282547,2.1714285714285797,8.948545861297541,27.96420581655481,-14.876957494407161,True,True,True,True,6.879194630872476,27.96420581655481,-14.876957494407161,True,True,True,True,12.024608501118571,27.96420581655481,-14.876957494407161,True,True,True,True
6643.T,2026-03-02,2026-03-03,2026-03-05,2026-03-06,6764.0563239020275,11.423848688282945,5.535585909417685,518210000.0,2.463768115942022,6.956524639756168,-1.9999979388672928,-7.288629542507607,0.7288629737609353,-17.49271528085109,False,False,True,True,-13.411079692709793,0.7288629737609353,-17.49271528085109,False,False,True,True,-17.20944161550847,0.7288629737609353,-22.23601123170974,False,False,True,True
6664.T,2025-12-01,2025-12-02,2025-12-03,2025-12-04,416.0,29.30402930402931,157.4990169091624,706917800.0,0.0,9.065155807365443,3.7406483790523692,-19.71153846153846,8.413461538461542,-21.39423076923077,True,False,True,True,-20.673076923076927,8.413461538461542,-24.278846153846157,True,False,True,True,-22.35576923076923,8.413461538461542,-27.884615384615387,True,False,True,True
6855.T,2024-02-22,2024-02-26,2024-02-27,2024-02-28,2244.130720691568,11.565667853900742,3.302921389733665,1583411200.0,2.5154457193292012,6.266555153311115,-2.7845965791209903,39.21648691699644,41.954481364683204,-4.380803050304694,True,True,False,False,16.849188462076683,52.2746244746733,-4.380803050304694,True,True,False,False,11.204711853569904,52.2746244746733,-4.380803050304694,True,True,False,False
7066.T,2024-01-26,2024-01-29,2024-01-30,2024-01-31,765.8810680503202,11.024841902612792,10.57533593540506,1268910500.0,1.9204389574759895,5.075440917614149,0.63131306850992,45.79674119827046,65.49561242729669,-9.410277705555592,True,True,True,True,47.678812620616995,65.49561242729669,-9.410277705555592,True,True,True,True,54.579677415033736,111.66876002633317,-9.410277705555592,True,True,True,True
7287.T,2023-11-13,2023-11-14,2023-11-15,2023-11-16,1120.839475786857,10.008850484849807,7.629234761871362,1350923400.0,2.2047244094488216,5.196842152703562,0.0811598363102739,2.7575071169765764,6.893763117051699,-0.8921330089213253,True,False,False,False,2.108677465247699,6.893763117051699,-0.8921330089213253,True,False,False,False,-9.083538731070973,6.893763117051699,-9.083538731070973,True,False,True,True
7610.T,2025-01-06,2025-01-08,2025-01-09,2025-01-10,107.87063536605214,11.42857076460122,12.579430012954251,863471700.0,1.680672268907557,5.882351013359455,-0.8620677221938267,15.652176730633528,19.130437684938318,-2.608695652173909,True,True,False,False,19.130437312689573,20.00000254854861,-2.608695652173909,True,True,False,False,10.434782321186464,26.086951554559114,-2.608695652173909,True,True,False,False
7610.T,2026-02-19,2026-02-25,2026-02-26,2026-02-27,150.0,9.154937722677193,6.634502653886327,723633000.0,1.273885350318471,5.732487710579425,0.0,-3.3333333333333326,4.666666666666663,-8.666666666666668,False,False,True,True,-3.3333333333333326,4.666666666666663,-8.666666666666668,False,False,True,True,-2.0000000000000018,4.666666666666663,-9.333333333333337,False,False,True,True
7794.T,2023-12-29,2024-01-04,2024-01-09,2024-01-10,1916.0,17.539267015706805,11.07623428697941,4043334800.0,4.468085106382979,9.787234042553195,-0.9307135470527417,-19.832985386221292,3.862212943632559,-20.041753653444673,False,False,True,True,-17.37995824634656,3.862212943632559,-24.060542797494776,False,False,True,True,-22.651356993736947,3.862212943632559,-24.060542797494776,False,False,True,True
7886.T,2024-05-02,2024-05-07,2024-05-08,2024-05-09,1811.0,22.04261572373254,4.1610295970383575,1782917400.0,0.0,7.766405779650809,6.592113007651568,-19.05024848150193,13.914964108227501,-20.209828823854224,True,True,True,True,-9.33186085035892,15.074544450579786,-23.467697404748755,True,True,True,True,-23.41247929320818,15.074544450579786,-24.351187189398125,True,True,True,True
9327.T,2023-09-29,2023-10-04,2023-10-05,2023-10-06,575.0,19.49317738791423,250.86921202274573,946533300.0,0.0,14.029363784665582,-3.361344537815125,26.60869565217392,63.82608695652174,-7.4782608695652115,True,True,True,False,5.913043478260871,63.82608695652174,-7.4782608695652115,True,True,True,False,12.00000000000001,63.82608695652174,-7.4782608695652115,True,True,True,False
9341.T,2023-11-13,2023-11-14,2023-11-15,2023-11-16,1555.9304809570312,13.186814384100254,9.293326774881129,1401129600.0,2.8874484384207477,5.421328070187004,0.29761904761904656,-4.035612231348484,2.3738872403560762,-5.934721903671791,False,False,True,False,-7.18101674756344,2.3738872403560762,-9.970326409495545,False,False,True,True,-14.005938640844029,2.3738872403560762,-16.083089945874786,False,False,True,True
