stock_code,theme_name,revenue_share_pct,share_status,share_basis,segment_names,source_url,evidence
1301,円高メリット,,unknown,,,,売上セグメントとテーマを直接対応できず
130A,創薬,,unknown,,,,売上セグメントとテーマを直接対応できず
130A,医薬品関連,,unknown,,,,売上セグメントとテーマを直接対応できず
1326,金,,non_operating_security,,,,事業会社ではないため対象外
1328,金,,non_operating_security,,,,事業会社ではないため対象外
1332,円高メリット,,unknown,,,,売上セグメントとテーマを直接対応できず
1333,介護関連,,unknown,,,,売上セグメントとテーマを直接対応できず
1333,円高メリット,,unknown,,,,売上セグメントとテーマを直接対応できず
1333,宅配,,unknown,,,,売上セグメントとテーマを直接対応できず
1333,食品,,unknown,,,,売上セグメントとテーマを直接対応できず
135A,IoT,,unknown,,,,売上セグメントとテーマを直接対応できず
135A,デジタルトランスフォーメーション,,unknown,,,,売上セグメントとテーマを直接対応できず
135A,人工知能,,unknown,,,,売上セグメントとテーマを直接対応できず
1375,食品,,unknown,,,,売上セグメントとテーマを直接対応できず
137A,IT関連,,unknown,,,,売上セグメントとテーマを直接対応できず
137A,SaaS,,unknown,,,,売上セグメントとテーマを直接対応できず
137A,クラウドコンピューティング,,unknown,,,,売上セグメントとテーマを直接対応できず
137A,サブスクリプション,,unknown,,,,売上セグメントとテーマを直接対応できず
137A,不動産テック,,unknown,,,,売上セグメントとテーマを直接対応できず
137A,不動産関連,,unknown,,,,売上セグメントとテーマを直接対応できず
1380,宅配,,unknown,,,,売上セグメントとテーマを直接対応できず
1381,外食,,unknown,,,,売上セグメントとテーマを直接対応できず
138A,外食,,unknown,,,,売上セグメントとテーマを直接対応できず
138A,小売り,,unknown,,,,売上セグメントとテーマを直接対応できず
1401,住宅関連,,unknown,,,,売上セグメントとテーマを直接対応できず
1401,建設,32.41,structured_segment_candidate,external_customer_sales_table,建築工事業,https://www.homemakeup.co.jp/dcms_media/other/20260713kt.ir.pdf,"事
業」、「建築工事業」を報告セグメントとしております。「ホームメイキャップ事業」はホームメイキャップ工法
等による、諸建造物における内外装リフォーム工事、「建築工事業」は新築及び改修工事を行っております。
２ 報告セグメントごとの売上高、利益又は損失、資産、負債その他の項目の金額の算定方法
報告されている事業セグメントの会計処理の方法は、「重要な会計方針」における記載と同一であります。
報告セグメントの利益は、営業利益ベースの数値であります。セグメント間の内部収益及び振替高は市場実勢価
格に基づいております。
株式会社エムビーエス(1401) 2026年５月期 決算短信
17
３ 報告セグメントごとの売上高、利益又は損失、資産、負債その他の項目の金額に関する情報
前事業年度（自 2024年６月１日 至 2025年５月31日）
(単位：千円)
報告セグメント その他
（注） 合計ホームメイ
キャップ事業 建築工事業 計
売上高 外部顧客への売上高 4,581,538 128,723 4,710,262 2,739 4,713,002
セグメント間の内部
売上高又は振替高 － － － －"
1401,耐震化,,unknown,,,,売上セグメントとテーマを直接対応できず
1401,防災,,unknown,,,,売上セグメントとテーマを直接対応できず
1407,再生可能エネルギー,,unknown,,,,売上セグメントとテーマを直接対応できず
1407,太陽光発電関連,,unknown,,,,売上セグメントとテーマを直接対応できず
1407,蓄電池,,unknown,,,,売上セグメントとテーマを直接対応できず
1414,国土強靱化,,unknown,,,,売上セグメントとテーマを直接対応できず
1414,建設,,unknown,,,,売上セグメントとテーマを直接対応できず
1414,耐震化,,unknown,,,,売上セグメントとテーマを直接対応できず
1414,防災,,unknown,,,,売上セグメントとテーマを直接対応できず
1417,データセンター,,unknown,,,,売上セグメントとテーマを直接対応できず
1417,ドローン,,unknown,,,,売上セグメントとテーマを直接対応できず
1417,光ファイバー,,unknown,,,,売上セグメントとテーマを直接対応できず
1417,太陽光発電関連,,unknown,,,,売上セグメントとテーマを直接対応できず
1417,建設,,unknown,,,,売上セグメントとテーマを直接対応できず
1418,建設,,unknown,,,,売上セグメントとテーマを直接対応できず
1419,マンション関連,,unknown,,,,売上セグメントとテーマを直接対応できず
1419,住宅関連,,unknown,,,,売上セグメントとテーマを直接対応できず
141A,デジタルトランスフォーメーション,,unknown,,,,売上セグメントとテーマを直接対応できず
141A,人工知能,,unknown,,,,売上セグメントとテーマを直接対応できず
141A,外食,,unknown,,,,売上セグメントとテーマを直接対応できず
141A,小売り,,unknown,,,,売上セグメントとテーマを直接対応できず
141A,物流,,unknown,,,,売上セグメントとテーマを直接対応できず
141A,生活防衛,,unknown,,,,売上セグメントとテーマを直接対応できず
141A,食品,,unknown,,,,売上セグメントとテーマを直接対応できず
1420,介護関連,,unknown,,,,売上セグメントとテーマを直接対応できず
1420,住宅関連,,unknown,,,,売上セグメントとテーマを直接対応できず
1429,住宅関連,,unknown,,,,売上セグメントとテーマを直接対応できず
1429,建設,,unknown,,,,売上セグメントとテーマを直接対応できず
1430,マンション関連,,unknown,,,,売上セグメントとテーマを直接対応できず
1430,不動産関連,,unknown,,,,売上セグメントとテーマを直接対応できず
1430,建設,,unknown,,,,売上セグメントとテーマを直接対応できず
1431,3Dプリンター,,unknown,,,,売上セグメントとテーマを直接対応できず
1431,SaaS,,unknown,,,,売上セグメントとテーマを直接対応できず
1431,サブスクリプション,,unknown,,,,売上セグメントとテーマを直接対応できず
1431,人工知能,,unknown,,,,売上セグメントとテーマを直接対応できず
1431,住宅関連,,unknown,,,,売上セグメントとテーマを直接対応できず
1431,建設,,unknown,,,,売上セグメントとテーマを直接対応できず
1433,原子力発電,,unknown,,,,売上セグメントとテーマを直接対応できず
1433,脱炭素,,unknown,,,,売上セグメントとテーマを直接対応できず
1434,再生可能エネルギー,,unknown,,,,売上セグメントとテーマを直接対応できず
1434,建設,,unknown,,,,売上セグメントとテーマを直接対応できず
1434,防災,,unknown,,,,売上セグメントとテーマを直接対応できず
1434,電力設備投資関連,,unknown,,,,売上セグメントとテーマを直接対応できず
1435,IoT,,unknown,,,,売上セグメントとテーマを直接対応できず
1435,デジタルトランスフォーメーション,,unknown,,,,売上セグメントとテーマを直接対応できず
1435,不動産テック,,unknown,,,,売上セグメントとテーマを直接対応できず
1435,不動産ファンド,,unknown,,,,売上セグメントとテーマを直接対応できず
1435,不動産関連,,unknown,,,,売上セグメントとテーマを直接対応できず
1436,住宅関連,,unknown,,,,売上セグメントとテーマを直接対応できず
1436,再生可能エネルギー,,unknown,,,,売上セグメントとテーマを直接対応できず
1436,太陽光発電関連,,unknown,,,,売上セグメントとテーマを直接対応できず
1436,建設,,unknown,,,,売上セグメントとテーマを直接対応できず
1436,脱炭素,,unknown,,,,売上セグメントとテーマを直接対応できず
1436,蓄電池,,unknown,,,,売上セグメントとテーマを直接対応できず
1438,住宅関連,,unknown,,,,売上セグメントとテーマを直接対応できず
1438,太陽光発電関連,,unknown,,,,売上セグメントとテーマを直接対応できず
1438,建設,,unknown,,,,売上セグメントとテーマを直接対応できず
143A,デジタルトランスフォーメーション,,unknown,,,,売上セグメントとテーマを直接対応できず
143A,防災,,unknown,,,,売上セグメントとテーマを直接対応できず
1443,建設,,unknown,,,,売上セグメントとテーマを直接対応できず
1443,防災,,unknown,,,,売上セグメントとテーマを直接対応できず
1444,不動産関連,6.10,structured_segment_candidate,explicit_segment_percent,不動産流通事業 | 不動産建設事業 | 不動産 流通事業 不動産 建設事業,https://reform-nisso.co.jp/company/ir/library/explanation/pdf/38_20260703.pdf,"トにおける受注数が予想より少な く、グループ全体としては前年対比微増にとどまった。 売上高の増加が各種費用の増加分より少なかったことにより、営業損失が発生、また不動産建設事業において のれんの減損を計上することとなったため、当期純利益も損失となった。 売上高（千円） 営業利益（千円） 当期純利益（千円） 親会社株主に帰属する 69,464 25,154 202,686 △ 75,137 △ 91,089 FY23.7 FY24.7 FY25.7 FY26.7 FY26.7 148,240 56,392 72,700 △ 21,060 △ 16,040 FY23.7 FY24.7 FY25.7 FY26.7 FY26.7 4,166,512 4,678,961 5,279,959 3,956,908 5,515,381 FY23.7 FY24.7 FY25.7 FY26.7 FY26.7 進捗率 71.7% 通期 3Q累計 通期計画 通期 3Q累計 通期計画通期 3Q累計 通期計画 ※2026年7月期計画につきましては、2026年３月17日公開の「2026年７月期第２四半期（中間期）連結 || トにおける受注数が予想より少な く、グループ全体としては前年対比微増にとどまった。 売上高の増加が各種費用の増加分より少なかったことにより、営業損失が発生、また不動産建設事業において のれんの減損を計上することとなったため、当期純利益も損失となった。 売上高（千円） 営業利益（千円） 当期純利益（千円） 親会社株主に帰属する 69,464 25,154 202,686 △ 75,137 △ 91,089 FY23.7 FY24.7 FY25.7 FY26.7 FY26.7 148,240 56,392 72,700 △ 21,060 △ 16,040 FY23.7 FY24.7 FY25.7 FY26.7 FY26.7 4,166,512 4,678,961 5,279,959 3,956,908 5,515,381 FY23.7 FY24.7 FY25.7 FY26.7 FY26.7 進捗率 71.7% 通期 3Q累計 通期計画 通期 3Q累計 通期計画通期 3Q累計 通期計画 ※2026年7月期計画につきましては、2026年３月17日公開の「2026年７月期第２四半期（中間期）連結 || に伴い、買取再販 を予想より行うことが出来なかった。併せて、保有不動産の販売も出来なかったことから、平均保有期間につ いても長くなってしまった。 ※仲介には紹介手数料収入を含みます。 ※平均保有期間は4/30時点で保有している物件も含みます。 195 267 289 FY25.7 3Q FY26.7 3Q FY26.7 通期計画 平均保有期間 14 15 25 FY25.7 3Q FY26.7 3Q FY26.7 通期計画 合計 4 1 7 FY25.7 3Q FY26.7 3Q FY26.7 通期計画 買取再販 成約件数（件） 平均保有期間（日） 10 14 18 FY25.7 3Q FY26.7 3Q FY26.7 通期計画 仲介 Copyright Nissou Co., Ltd. All Rights Reserved. 23 不動産建設事業 / 注文住宅、分譲建売件数 2026年7月期 第3四半期/主要KPI（重要な経営指標） 不動産建設事業においては、本業である注文住宅の受注や建売の販売がほとんど出来ず、苦しい結果となった。 直近の受注状況や情勢なども鑑み、のれんの減損を行"
1444,住宅関連,,unknown,,,,売上セグメントとテーマを直接対応できず
1447,IT関連,,unknown,,,,売上セグメントとテーマを直接対応できず
1447,IoT,,unknown,,,,売上セグメントとテーマを直接対応できず
1447,クラウドコンピューティング,,unknown,,,,売上セグメントとテーマを直接対応できず
1447,デジタルトランスフォーメーション,,unknown,,,,売上セグメントとテーマを直接対応できず
1447,フィンテック,,unknown,,,,売上セグメントとテーマを直接対応できず
1447,マイナンバー,,unknown,,,,売上セグメントとテーマを直接対応できず
1447,防災,,unknown,,,,売上セグメントとテーマを直接対応できず
1447,電子政府,,unknown,,,,売上セグメントとテーマを直接対応できず
1449,住宅関連,,unknown,,,,会社公式サイトURL未取得
1449,建設,,unknown,,,,会社公式サイトURL未取得
145A,IT関連,,unknown,,,,売上セグメントとテーマを直接対応できず
145A,SaaS,,unknown,,,,売上セグメントとテーマを直接対応できず
145A,デジタルトランスフォーメーション,,unknown,,,,売上セグメントとテーマを直接対応できず
145A,人工知能,,unknown,,,,売上セグメントとテーマを直接対応できず
145A,生成AI,,unknown,,,,売上セグメントとテーマを直接対応できず
146A,ホテル,,unknown,,,,売上セグメントとテーマを直接対応できず
146A,マンション関連,,unknown,,,,売上セグメントとテーマを直接対応できず
146A,不動産ファンド,,unknown,,,,売上セグメントとテーマを直接対応できず
146A,不動産関連,,unknown,,,,売上セグメントとテーマを直接対応できず
147A,IT関連,,unknown,,,,売上セグメントとテーマを直接対応できず
147A,IoT,,unknown,,,,売上セグメントとテーマを直接対応できず
147A,クラウドコンピューティング,,unknown,,,,売上セグメントとテーマを直接対応できず
147A,人工知能,,unknown,,,,売上セグメントとテーマを直接対応できず
147A,生成AI,,unknown,,,,売上セグメントとテーマを直接対応できず
148A,クラウドコンピューティング,,unknown,,,,売上セグメントとテーマを直接対応できず
1491,ゲーム関連,,unknown,,,,売上セグメントとテーマを直接対応できず
1491,レアメタル,,unknown,,,,売上セグメントとテーマを直接対応できず
1491,不動産関連,,unknown,,,,売上セグメントとテーマを直接対応できず
1491,工作機械,,unknown,,,,売上セグメントとテーマを直接対応できず
1491,機械,0.50,structured_segment_candidate,external_customer_sales_table,機械事業,https://www.chugaikogyo.co.jp/wp/wp-content/uploads/2026/06/第134期有価証券報告書.pdf,"額や適切に市場価格を反映していると考えられる指標に重要な変動が生じてい
ない場合には、当該評価額や指標を用いて調整した金額によっております。
- 61 -
報告セグメント
その他
（注） 合計貴金属事業 機械事業 コンテンツ
事業
貴金属製品販売 155,749,118 － － － 155,749,118
宝飾品販売 1,882,508 － － － 1,882,508
不動産販売 － － － 53,864 53,864
中古工作機械販売 － 789,311 － － 789,311
グッズ販売 － － 3,561,254 － 3,561,254
複合カフェ － － 204,334 － 204,334
その他 － － 90,610 9,673 100,284
顧客との契約から生じる収益 157,631,627 789,311 3,856,199 63,537 162,340,676
その他の収益 － － － 4,489 4,489 外部顧客への売上高 157,631,627 789,311 3,856,199 68,027 162,345,165
（収益認識関係）
（1）顧客との契約から生"
1491,都市鉱山,,unknown,,,,売上セグメントとテーマを直接対応できず
1491,金,,unknown,,,,売上セグメントとテーマを直接対応できず
149A,IT関連,,unknown,,,,売上セグメントとテーマを直接対応できず
149A,SaaS,,unknown,,,,売上セグメントとテーマを直接対応できず
149A,クラウドコンピューティング,,unknown,,,,売上セグメントとテーマを直接対応できず
149A,サブスクリプション,,unknown,,,,売上セグメントとテーマを直接対応できず
150A,旅行,,unknown,,,,売上セグメントとテーマを直接対応できず
1514,半導体部材・部品,,unknown,,,,売上セグメントとテーマを直接対応できず
1514,風力発電,,unknown,,,,売上セグメントとテーマを直接対応できず
1515,下水道,,unknown,,,,売上セグメントとテーマを直接対応できず
1515,不動産関連,,unknown,,,,売上セグメントとテーマを直接対応できず
1515,太陽光発電関連,,unknown,,,,売上セグメントとテーマを直接対応できず
1515,機械,,unknown,,,,売上セグメントとテーマを直接対応できず
1515,資源開発,,unknown,,,,売上セグメントとテーマを直接対応できず
1515,鉄鋼,,unknown,,,,売上セグメントとテーマを直接対応できず
1515,銅,,unknown,,,,売上セグメントとテーマを直接対応できず
1515,非鉄,,unknown,,,,売上セグメントとテーマを直接対応できず
1518,半導体部材・部品,,unknown,,,,売上セグメントとテーマを直接対応できず
151A,インバウンド,,unknown,,,,売上セグメントとテーマを直接対応できず
151A,ホテル,,unknown,,,,売上セグメントとテーマを直接対応できず
153A,IT関連,,unknown,,,,売上セグメントとテーマを直接対応できず
153A,SaaS,,unknown,,,,売上セグメントとテーマを直接対応できず
153A,クラウドコンピューティング,,unknown,,,,売上セグメントとテーマを直接対応できず
153A,サイバーセキュリティ,,unknown,,,,売上セグメントとテーマを直接対応できず
153A,証券,,unknown,,,,売上セグメントとテーマを直接対応できず
153A,銀行,,unknown,,,,売上セグメントとテーマを直接対応できず
1540,金,,non_operating_security,,,,事業会社ではないため対象外
155A,IT関連,,unknown,,,,売上セグメントとテーマを直接対応できず
155A,クラウドコンピューティング,,unknown,,,,売上セグメントとテーマを直接対応できず
155A,サイバーセキュリティ,,unknown,,,,売上セグメントとテーマを直接対応できず
155A,デジタルトランスフォーメーション,,unknown,,,,売上セグメントとテーマを直接対応できず
155A,人工知能,,unknown,,,,売上セグメントとテーマを直接対応できず
155A,生成AI,,unknown,,,,売上セグメントとテーマを直接対応できず
156A,IT関連,,unknown,,,,売上セグメントとテーマを直接対応できず
156A,SaaS,,unknown,,,,売上セグメントとテーマを直接対応できず
156A,サブスクリプション,,unknown,,,,売上セグメントとテーマを直接対応できず
1605,アンモニア,,unknown,,,,売上セグメントとテーマを直接対応できず
1605,レアメタル,,unknown,,,,売上セグメントとテーマを直接対応できず
1605,再生可能エネルギー,,unknown,,,,売上セグメントとテーマを直接対応できず
1605,太陽光発電関連,,unknown,,,,売上セグメントとテーマを直接対応できず
1605,核融合発電,,unknown,,,,売上セグメントとテーマを直接対応できず
1605,水素,,unknown,,,,売上セグメントとテーマを直接対応できず
1605,脱炭素,,unknown,,,,売上セグメントとテーマを直接対応できず
1605,資源開発,,unknown,,,,売上セグメントとテーマを直接対応できず
1605,風力発電,,unknown,,,,売上セグメントとテーマを直接対応できず
160A,不動産関連,,unknown,,,,売上セグメントとテーマを直接対応できず
160A,介護関連,,unknown,,,,売上セグメントとテーマを直接対応できず
1662,レアアース,,unknown,,,,売上セグメントとテーマを直接対応できず
1662,レアメタル,,unknown,,,,売上セグメントとテーマを直接対応できず
1662,資源開発,,unknown,,,,売上セグメントとテーマを直接対応できず
166A,IoT,,unknown,,,,売上セグメントとテーマを直接対応できず
166A,SaaS,,unknown,,,,売上セグメントとテーマを直接対応できず
166A,フィンテック,,unknown,,,,売上セグメントとテーマを直接対応できず
166A,マンション関連,,unknown,,,,売上セグメントとテーマを直接対応できず
166A,不動産テック,,unknown,,,,売上セグメントとテーマを直接対応できず
166A,不動産ファンド,,unknown,,,,売上セグメントとテーマを直接対応できず
166A,不動産関連,,unknown,,,,売上セグメントとテーマを直接対応できず
166A,住宅関連,,unknown,,,,売上セグメントとテーマを直接対応できず
166A,生成AI,,unknown,,,,売上セグメントとテーマを直接対応できず
1672,金,,non_operating_security,,,,事業会社ではないため対象外
167A,IoT,,unknown,,,,売上セグメントとテーマを直接対応できず
167A,サイバーセキュリティ,,unknown,,,,売上セグメントとテーマを直接対応できず
167A,人工知能,,unknown,,,,売上セグメントとテーマを直接対応できず
167A,半導体,,unknown,,,,売上セグメントとテーマを直接対応できず
167A,半導体商社,,unknown,,,,売上セグメントとテーマを直接対応できず
167A,自動車部材・部品,,unknown,,,,売上セグメントとテーマを直接対応できず
167A,自動運転車,,unknown,,,,売上セグメントとテーマを直接対応できず
168A,eコマース,,unknown,,,,売上セグメントとテーマを直接対応できず
1692,アルミニウム,,non_operating_security,,,,事業会社ではないため対象外
1693,銅,,non_operating_security,,,,事業会社ではないため対象外
1711,再生可能エネルギー,,unknown,,,,売上セグメントとテーマを直接対応できず
1711,太陽光発電関連,,unknown,,,,売上セグメントとテーマを直接対応できず
1711,省エネ関連,,unknown,,,,売上セグメントとテーマを直接対応できず
1718,不動産関連,,unknown,,,,売上セグメントとテーマを直接対応できず
1718,住宅関連,,unknown,,,,売上セグメントとテーマを直接対応できず
1718,太陽光発電関連,,unknown,,,,売上セグメントとテーマを直接対応できず
1718,建設,,unknown,,,,売上セグメントとテーマを直接対応できず
1719,再開発,,unknown,,,,売上セグメントとテーマを直接対応できず
1719,国土強靱化,,unknown,,,,売上セグメントとテーマを直接対応できず
1719,建設,,unknown,,,,売上セグメントとテーマを直接対応できず
1720,マンション関連,,unknown,,,,売上セグメントとテーマを直接対応できず
1720,建設,,unknown,,,,売上セグメントとテーマを直接対応できず
1721,データセンター,,unknown,,,,売上セグメントとテーマを直接対応できず
1721,光ファイバー,,unknown,,,,売上セグメントとテーマを直接対応できず
1721,電力設備投資関連,,unknown,,,,売上セグメントとテーマを直接対応できず
1721,電線地中化,,unknown,,,,売上セグメントとテーマを直接対応できず
1721,風力発電,,unknown,,,,売上セグメントとテーマを直接対応できず
1724,光ファイバー,,unknown,,,,売上セグメントとテーマを直接対応できず
1724,防災,,unknown,,,,売上セグメントとテーマを直接対応できず
1738,太陽光発電関連,,unknown,,,,会社公式サイトURL未取得
173A,IT関連,,unknown,,,,売上セグメントとテーマを直接対応できず
173A,クラウドコンピューティング,,unknown,,,,売上セグメントとテーマを直接対応できず
173A,サイバーセキュリティ,,unknown,,,,売上セグメントとテーマを直接対応できず
173A,デジタルトランスフォーメーション,,unknown,,,,売上セグメントとテーマを直接対応できず
173A,人工知能,,unknown,,,,売上セグメントとテーマを直接対応できず
1758,下水道,,unknown,,,,売上セグメントとテーマを直接対応できず
1758,耐震化,,unknown,,,,売上セグメントとテーマを直接対応できず
1758,防災,,unknown,,,,売上セグメントとテーマを直接対応できず
1758,電力設備投資関連,,unknown,,,,売上セグメントとテーマを直接対応できず
175A,IT関連,,unknown,,,,売上セグメントとテーマを直接対応できず
175A,IoT,,unknown,,,,売上セグメントとテーマを直接対応できず
175A,クラウドコンピューティング,,unknown,,,,売上セグメントとテーマを直接対応できず
175A,デジタルトランスフォーメーション,,unknown,,,,売上セグメントとテーマを直接対応できず
175A,データ分析・解析,,unknown,,,,売上セグメントとテーマを直接対応できず
175A,人工知能,,unknown,,,,売上セグメントとテーマを直接対応できず
1762,マンション関連,,unknown,,,,売上セグメントとテーマを直接対応できず
1762,不動産関連,,unknown,,,,売上セグメントとテーマを直接対応できず
1762,建設,,unknown,,,,売上セグメントとテーマを直接対応できず
1764,不動産関連,15.61,structured_segment_candidate,external_customer_sales_table,不動産事業,https://www.kudo.co.jp/wp-content/uploads/2026/08/59ad4a756434a070d3f47bc5b7f8e5f0.pdf,"式会社(1764) 2026年６月期 決算短信
13
３．報告セグメントごとの売上高、利益又は損失、その他の項目の金額に関する情報及び収益の分解情報
Ⅰ 前連結会計年度(自 2024年７月１日 至 2025年６月30日)
(単位：千円)
報告セグメント 調整額
(注)１
連結
財務諸表
計上額
(注)２建設事業 不動産事業 介護事業 計
売上高
一時点で移転される財 1,522,689 884,501 218,959 2,626,149 － 2,626,149
一定の期間にわたり移転
される財 11,346,733 607,249 5,890,787 17,844,770 － 17,844,770
顧客との契約から生じる
収益 12,869,422 1,491,750 6,109,746 20,470,920 － 20,470,920
その他の収益 － 2,020,372 6,000 2,026,372 － 2,026,372 外部顧客への売上高 12,869,422 3,512,123 6,115,746 22,497,292 － 22,497,292
セグメント間の
内部売上高又は"
1764,介護関連,27.18,structured_segment_candidate,external_customer_sales_table,介護事業,https://www.kudo.co.jp/wp-content/uploads/2026/08/59ad4a756434a070d3f47bc5b7f8e5f0.pdf,"式会社(1764) 2026年６月期 決算短信
13
３．報告セグメントごとの売上高、利益又は損失、その他の項目の金額に関する情報及び収益の分解情報
Ⅰ 前連結会計年度(自 2024年７月１日 至 2025年６月30日)
(単位：千円)
報告セグメント 調整額
(注)１
連結
財務諸表
計上額
(注)２建設事業 不動産事業 介護事業 計
売上高
一時点で移転される財 1,522,689 884,501 218,959 2,626,149 － 2,626,149
一定の期間にわたり移転
される財 11,346,733 607,249 5,890,787 17,844,770 － 17,844,770
顧客との契約から生じる
収益 12,869,422 1,491,750 6,109,746 20,470,920 － 20,470,920
その他の収益 － 2,020,372 6,000 2,026,372 － 2,026,372 外部顧客への売上高 12,869,422 3,512,123 6,115,746 22,497,292 － 22,497,292
セグメント間の
内部売上高又は"
1764,建設,57.20,structured_segment_candidate,external_customer_sales_table,建設事業,https://www.kudo.co.jp/wp-content/uploads/2026/08/59ad4a756434a070d3f47bc5b7f8e5f0.pdf,"式会社(1764) 2026年６月期 決算短信
13
３．報告セグメントごとの売上高、利益又は損失、その他の項目の金額に関する情報及び収益の分解情報
Ⅰ 前連結会計年度(自 2024年７月１日 至 2025年６月30日)
(単位：千円)
報告セグメント 調整額
(注)１
連結
財務諸表
計上額
(注)２建設事業 不動産事業 介護事業 計
売上高
一時点で移転される財 1,522,689 884,501 218,959 2,626,149 － 2,626,149
一定の期間にわたり移転
される財 11,346,733 607,249 5,890,787 17,844,770 － 17,844,770
顧客との契約から生じる
収益 12,869,422 1,491,750 6,109,746 20,470,920 － 20,470,920
その他の収益 － 2,020,372 6,000 2,026,372 － 2,026,372 外部顧客への売上高 12,869,422 3,512,123 6,115,746 22,497,292 － 22,497,292
セグメント間の
内部売上高又は"
1766,マンション関連,,unknown,,,,売上セグメントとテーマを直接対応できず
1766,住宅関連,,unknown,,,,売上セグメントとテーマを直接対応できず
1766,建設,10.32,structured_segment_candidate,external_customer_sales_table,建設事業,https://www.token.co.jp/ir/pdf/quarterly26tanshin_4r.pdf,"けております。
従って、当社グループでは、「建設事業」及び「不動産賃貸事業」を報告セグメントとしております。
(２)各報告セグメントに属する主要な内容
建設事業：土木・建築その他建設工事全般に関する事業及びそれに付随する事業
不動産賃貸事業：不動産の賃貸、仲介及び管理に関する事業
２ 報告セグメントごとの売上高、利益又は損失、資産、その他の項目の金額の算定方法
報告されている事業セグメントの会計処理の方法は、連結財務諸表を作成するために採用される会計方針に
準拠した方法であります。
セグメント間の内部収益及び振替高は、市場実勢価格に基づいております。
３ 報告セグメントごとの売上高及び利益又は損失の金額に関する情報
前連結会計年度(自 2024年５月１日 至 2025年４月30日)
(単位：百万円)
報告セグメント
その他
(注)１ 合計 調整額
(注)２
連結
財務諸表
計上額
(注)３建設事業 不動産
賃貸事業 計
売上高 外部顧客への売上高 151,131 213,284 364,416 2,224 366,640 ― 366,640
セグメント間の内部
売上高又は振替高 0 7"
1766,耐震化,,unknown,,,,売上セグメントとテーマを直接対応できず
1768,建設,,unknown,,,,売上セグメントとテーマを直接対応できず
1770,建設,62.18,structured_segment_candidate,external_customer_sales_table,建設事業,https://www.fujita-eng.co.jp/wordpress/wp-content/uploads/ir-info/tan_2027-1q.pdf,"その他の包括利益合計 78,734 1,679,448
四半期包括利益 253,068 2,021,321
（内訳）
親会社株主に係る四半期包括利益 253,068 2,021,321
非支配株主に係る四半期包括利益 － －
（四半期連結包括利益計算書）
- 6 -
藤田エンジニアリング㈱ （１７７０） 2027年３月期 第１四半期決算短信
（単位：千円）
報告セグメント
合計
建設事業
機器販売及び
情報システム
事業
機器のメンテナ
ンス事業
電子部品製造事
業
売上高
一時点で移転される財・サー
ビス 492,626 1,231,585 1,246,653 323,252 3,294,117
一定の期間にわたり移転され
る財・サービス 1,532,657 － 504,669 － 2,037,326
顧客との契約から生じる収益 2,025,283 1,231,585 1,751,322 323,252 5,331,444 外部顧客への売上高 2,025,283 1,231,585 1,751,322 323,252 5,331,444
セグメント間の内部売上高又
は振替高 16,9"
1771,国土強靱化,,unknown,,,,会社公式サイトURL未取得
1771,建設,,unknown,,,,会社公式サイトURL未取得
1771,防災,,unknown,,,,会社公式サイトURL未取得
1773,ホテル,,unknown,,,,売上セグメントとテーマを直接対応できず
1773,不動産関連,,unknown,,,,売上セグメントとテーマを直接対応できず
1773,建設,,unknown,,,,売上セグメントとテーマを直接対応できず
1773,鉄道関連,,unknown,,,,売上セグメントとテーマを直接対応できず
1773,電力会社,,unknown,,,,売上セグメントとテーマを直接対応できず
1777,下水道,,unknown,,,,会社公式サイトURL未取得
1777,建設,,unknown,,,,会社公式サイトURL未取得
177A,バイオテクノロジー関連,,unknown,,,,売上セグメントとテーマを直接対応できず
177A,再生医療,,unknown,,,,売上セグメントとテーマを直接対応できず
177A,創薬,,unknown,,,,売上セグメントとテーマを直接対応できず
177A,医薬品関連,,unknown,,,,売上セグメントとテーマを直接対応できず
1780,マンション関連,,unknown,,,,売上セグメントとテーマを直接対応できず
1780,建設,,unknown,,,,売上セグメントとテーマを直接対応できず
1783,ホテル,,unknown,,,,売上セグメントとテーマを直接対応できず
1783,不動産関連,,unknown,,,,売上セグメントとテーマを直接対応できず
1783,蓄電池,,unknown,,,,売上セグメントとテーマを直接対応できず
1786,国土強靱化,,unknown,,,,売上セグメントとテーマを直接対応できず
1786,建設,,unknown,,,,売上セグメントとテーマを直接対応できず
1786,耐震化,,unknown,,,,売上セグメントとテーマを直接対応できず
1787,国土強靱化,,unknown,,,,売上セグメントとテーマを直接対応できず
1788,下水道,,unknown,,,,売上セグメントとテーマを直接対応できず
1788,建設,,unknown,,,,売上セグメントとテーマを直接対応できず
1788,防災,,unknown,,,,売上セグメントとテーマを直接対応できず
1795,マンション関連,,unknown,,,,売上セグメントとテーマを直接対応できず
1795,建設,,unknown,,,,売上セグメントとテーマを直接対応できず
1798,再生可能エネルギー,,unknown,,,,売上セグメントとテーマを直接対応できず
1798,建設,,unknown,,,,売上セグメントとテーマを直接対応できず
1799,鉄道関連,,unknown,,,,売上セグメントとテーマを直接対応できず
1801,サーバー冷却,,unknown,,,,売上セグメントとテーマを直接対応できず
1801,サービスロボット,,unknown,,,,売上セグメントとテーマを直接対応できず
1801,マンション関連,,unknown,,,,売上セグメントとテーマを直接対応できず
1801,不動産関連,,unknown,,,,売上セグメントとテーマを直接対応できず
1801,国土強靱化,,unknown,,,,売上セグメントとテーマを直接対応できず
1801,建設,,unknown,,,,売上セグメントとテーマを直接対応できず
1801,耐震化,,unknown,,,,売上セグメントとテーマを直接対応できず
1801,防災,,unknown,,,,売上セグメントとテーマを直接対応できず
1801,風力発電,,unknown,,,,売上セグメントとテーマを直接対応できず
1802,サーバー冷却,,unknown,,,,売上セグメントとテーマを直接対応できず
1802,再開発,,unknown,,,,売上セグメントとテーマを直接対応できず
1802,国土強靱化,,unknown,,,,売上セグメントとテーマを直接対応できず
1802,建設,,unknown,,,,売上セグメントとテーマを直接対応できず
1802,核融合発電,,unknown,,,,売上セグメントとテーマを直接対応できず
1802,水素,,unknown,,,,売上セグメントとテーマを直接対応できず
1802,耐震化,,unknown,,,,売上セグメントとテーマを直接対応できず
1802,鉄道関連,,unknown,,,,売上セグメントとテーマを直接対応できず
1802,防災,,unknown,,,,売上セグメントとテーマを直接対応できず
1802,風力発電,,unknown,,,,売上セグメントとテーマを直接対応できず
1803,スマートグリッド,,unknown,,,,売上セグメントとテーマを直接対応できず
1803,介護関連,,unknown,,,,売上セグメントとテーマを直接対応できず
1803,国土強靱化,,unknown,,,,売上セグメントとテーマを直接対応できず
1803,建設,,unknown,,,,売上セグメントとテーマを直接対応できず
1803,水素,,unknown,,,,売上セグメントとテーマを直接対応できず
1803,耐震化,,unknown,,,,売上セグメントとテーマを直接対応できず
1803,防災,,unknown,,,,売上セグメントとテーマを直接対応できず
1803,風力発電,,unknown,,,,売上セグメントとテーマを直接対応できず
1807,防災,,unknown,,,,売上セグメントとテーマを直接対応できず
1808,マンション関連,,unknown,,,,売上セグメントとテーマを直接対応できず
1808,介護関連,,unknown,,,,売上セグメントとテーマを直接対応できず
1808,建設,0.13,structured_segment_candidate,external_customer_sales_table,建設関連事業,https://www.haseko.co.jp/hc/ir/news/upload_files/20260625_1.pdf,"不動産関連事業 249,845 290,209 (16.2%増)
管理運営事業 145,296 158,525 ( 9 .1%増)
海外事業 3,466 4,314 (24.5%増)
合計 1,177,353 1,273,136 ( 8 .1%増)
(注) セグメント間の取引については相殺消去しております。
― 3 9 ―
c.建設関連事業の状況
売上実績
区分
前連結会計年度
(自 2024年４月１日
至 2025年３月31日)
(百万円)
当連結会計年度
(自 2025年４月１日
至 2026年３月31日)
(百万円)
建設工事等 533,232 556,390 ( 4 .3%増)
設計監理 14,250 15,684 ( 1 0.1%増)
不動産販売等 193,456 207,289 ( 7 .2%増)
大規模修繕・内装工事等 37,692 39,546 ( 4 .9%増)
その他 116 1,179 (919.0%増) 外部顧客への売上高 778,746 820,088 ( 5 .3%増)
d.不動産関連事業の状況
区分
前連結会計年度
(自 2024年４月１日
至 2025年"
1810,マンション関連,,unknown,,,,売上セグメントとテーマを直接対応できず
1810,太陽光発電関連,,unknown,,,,売上セグメントとテーマを直接対応できず
1810,建設,98.19,structured_segment_candidate,external_customer_sales_table,建設事業 | 及び建設工事全般の設計・監理に関する事業,https://www.matsui-ken.co.jp/module/wp-content/uploads/2026/08/2027年3月期-第1四半期決算短信.pdf,"月１日
至 2025年６月30日)
当第１四半期連結累計期間
(自 2026年４月１日
至 2026年６月30日)
減価償却費 120百万円 122百万円
松井建設株式会社(1810) 2027年３月期 第１四半期決算短信
8
（セグメント情報等の注記）
【セグメント情報】
前第１四半期連結累計期間（自 2025年４月１日 至 2025年６月30日）
１ 報告セグメントごとの売上高及び利益又は損失の金額に関する情報及び収益の分解情報
（単位：百万円）
報告セグメント
合計 調整額
(注１)
四半期連結
損益計算書
計上額
(注２)建設事業 不動産事業等
売上高
一定の期間にわたり
移転される財 21,642 36 21,678 － 21,678
一時点で移転される財 505 101 607 － 607
顧客との契約から生じる収益 22,147 138 22,285 － 22,285
その他の収益 － 277 277 － 277 外部顧客への売上高 22,147 415 22,563 － 22,563
セグメント間の内部
売上高又は振替高 60 1 61 △61 －
計 22,207 4 || 要事業としており、この２つを報告セグメントとしておりま
す。
「建設事業」は建築・土木その他建設工事全般に関する事業であり、「不動産事業等」は不動産の売買・賃貸その
他不動産全般に関する事業及び建設工事全般の設計・監理に関する事業等であります。
２ 報告セグメントごとの売上高及び利益又は損失、資産その他の項目の金額に関する情報及び収益の分解情報
前連結会計年度（自 2024年４月１日 至 2025年３月31日）
（単位：百万円）
報告セグメント
合計
調整額
(注１)
連結財務諸表
計上額
(注２)建設事業 不動産事業等
売上高
一定の期間にわたり
移転される財 95,075 121 95,196 － 95,196
一時点で移転される財 2,025 900 2,926 － 2,926
顧客との契約から
生じる収益 97,100 1,022 98,123 － 98,123
その他の収益 － 1,129 1,129 － 1,129 外部顧客への売上高 97,100 2,152 99,253 － 99,253
セグメント間の内部
売上高又は振替高 99 6 105 △105 －
計 97,2"
1810,耐震化,,unknown,,,,売上セグメントとテーマを直接対応できず
1810,防災,,unknown,,,,売上セグメントとテーマを直接対応できず
1811,建設,97.97,structured_segment_candidate,external_customer_sales_table,建設事業,https://www.zenitaka.co.jp/news/shi2703-01.pdf,"- 5 -
株式会社錢高組 （１８１１）
2027年３月期 第１四半期決算短信
（単位：百万円）
前第１四半期連結累計期間
(自 2025年４月１日
 至 2025年６月30日)
当第１四半期連結累計期間
(自 2026年４月１日
 至 2026年６月30日)
四半期純利益 1,781 55
その他の包括利益
その他有価証券評価差額金 1,664 3,630
為替換算調整勘定 △93 36
その他の包括利益合計 1,571 3,667
四半期包括利益 3,352 3,722
（内訳）
親会社株主に係る四半期包括利益 3,352 3,722
非支配株主に係る四半期包括利益 － －
（四半期連結包括利益計算書）
（第１四半期連結累計期間）
- 6 -
株式会社錢高組 （１８１１）
2027年３月期 第１四半期決算短信
（単位：百万円）
建設事業 不動産事業 合計 調整額
（注）１
四半期連結
損益計算書
計上額
（注）２
売上高 外部顧客への売上高 31,609 653 32,263 － 32,263
セグメント間の内部売上高
又は振替高 － － － － －
計 31,609 653 32"
1811,耐震化,,unknown,,,,売上セグメントとテーマを直接対応できず
1812,サーバー冷却,,unknown,,,,売上セグメントとテーマを直接対応できず
1812,ロボット,,unknown,,,,売上セグメントとテーマを直接対応できず
1812,再開発,,unknown,,,,売上セグメントとテーマを直接対応できず
1812,国土強靱化,,unknown,,,,売上セグメントとテーマを直接対応できず
1812,太陽光発電関連,,unknown,,,,売上セグメントとテーマを直接対応できず
1812,建設,,unknown,,,,売上セグメントとテーマを直接対応できず
1812,耐震化,,unknown,,,,売上セグメントとテーマを直接対応できず
1812,脱炭素,,unknown,,,,売上セグメントとテーマを直接対応できず
1812,鉄道関連,,unknown,,,,売上セグメントとテーマを直接対応できず
1812,防災,,unknown,,,,売上セグメントとテーマを直接対応できず
1812,風力発電,,unknown,,,,売上セグメントとテーマを直接対応できず
1813,国土強靱化,,unknown,,,,売上セグメントとテーマを直接対応できず
1813,建設,,unknown,,,,売上セグメントとテーマを直接対応できず
1813,防災,,unknown,,,,売上セグメントとテーマを直接対応できず
1813,風力発電,,unknown,,,,売上セグメントとテーマを直接対応できず
1814,マンション関連,,unknown,,,,売上セグメントとテーマを直接対応できず
1814,建設,,unknown,,,,売上セグメントとテーマを直接対応できず
1815,マンション関連,,unknown,,,,売上セグメントとテーマを直接対応できず
1815,再開発,,unknown,,,,売上セグメントとテーマを直接対応できず
1815,国土強靱化,,unknown,,,,売上セグメントとテーマを直接対応できず
1815,鉄道関連,,unknown,,,,売上セグメントとテーマを直接対応できず
1815,防災,,unknown,,,,売上セグメントとテーマを直接対応できず
1820,ホテル,,unknown,,,,売上セグメントとテーマを直接対応できず
1820,下水道,,unknown,,,,売上セグメントとテーマを直接対応できず
1820,不動産関連,,unknown,,,,売上セグメントとテーマを直接対応できず
1820,国土強靱化,,unknown,,,,売上セグメントとテーマを直接対応できず
1820,建設,,unknown,,,,売上セグメントとテーマを直接対応できず
1822,下水道,,unknown,,,,売上セグメントとテーマを直接対応できず
1822,国土強靱化,,unknown,,,,売上セグメントとテーマを直接対応できず
1822,建設,100.00,structured_segment_candidate,external_customer_sales_table,土木事業 | 建築事業,https://www.daiho.co.jp/wp/wp-content/uploads/2026/08/20260807-tanshin.pdf,"2025年６月30日）
当第１四半期連結累計期間
（自 2026年４月１日
至 2026年６月30日）
減価償却費 209百万円 205百万円
（四半期連結キャッシュ・フロー計算書に関する注記）
 当第１四半期連結累計期間に係る四半期連結キャッシュ・フロー計算書は作成しておりません。なお、第１四
半期連結累計期間に係る減価償却費（無形固定資産に係る償却費を含む。）は次のとおりです。
- 7 -
大豊建設株式会社（1822） 2027年３月期 第１四半期決算短信
（単位：百万円）
報告セグメント 調整額
（注１）
四半期連結損益
計算書計上額
（注２）土木事業 建築事業 その他の事業 計
売上高
国内 12,861 15,070 841 28,772 － 28,772
海外 2,145 157 － 2,303 － 2,303
顧客との契約から生じる
収益 15,007 15,227 841 31,076 － 31,076 外部顧客への売上高 15,007 15,227 841 31,076 － 31,076
セグメント間の内部売上
高又は振替高 － 2 57 59 △59 －
計 15, || 2025年６月30日）
当第１四半期連結累計期間
（自 2026年４月１日
至 2026年６月30日）
減価償却費 209百万円 205百万円
（四半期連結キャッシュ・フロー計算書に関する注記）
 当第１四半期連結累計期間に係る四半期連結キャッシュ・フロー計算書は作成しておりません。なお、第１四
半期連結累計期間に係る減価償却費（無形固定資産に係る償却費を含む。）は次のとおりです。
- 7 -
大豊建設株式会社（1822） 2027年３月期 第１四半期決算短信
（単位：百万円）
報告セグメント 調整額
（注１）
四半期連結損益
計算書計上額
（注２）土木事業 建築事業 その他の事業 計
売上高
国内 12,861 15,070 841 28,772 － 28,772
海外 2,145 157 － 2,303 － 2,303
顧客との契約から生じる
収益 15,007 15,227 841 31,076 － 31,076 外部顧客への売上高 15,007 15,227 841 31,076 － 31,076
セグメント間の内部売上
高又は振替高 － 2 57 59 △59 －
計 15,"
1822,防災,,unknown,,,,売上セグメントとテーマを直接対応できず
1826,下水道,,unknown,,,,売上セグメントとテーマを直接対応できず
1826,建設,98.80,structured_segment_candidate,explicit_segment_percent,土木事業 | 建築事業,https://www.sata.co.jp/uploads/2026/05/sata_financial_release_20260518_01.pdf,"l Rights Reserved. INDEX 2 Ⅰ 会社概要 03 Ⅱ 2026年3月期 決算報告 06 Ⅲ 2027年3月期 通期業績予想 18 Ⅳ 中期経営計画の取り組み状況 22 Ⅴ 参考資料 33 Copyright © Sata Construction Co.,Ltd. All Rights Reserved. Copyright © Sata Construction Co.,Ltd. All Rights Reserved. 会社概要 Business Outline 3 Copyright © Sata Construction Co.,Ltd. All Rights Reserved. 会社概要 4 会社名 佐田建設株式会社（Sata Construction Co.,Ltd.） 本社所在地 群馬県前橋市元総社町1-1-7 代表者 代表取締役社長 星野 克行 創業 / 設立 創業：大正9年3月10日 / 会社設立：昭和24年10月3日 資本金 18億8千6百万円 市場 東京証券取引所 スタンダード市場 事業内容 総合建設業（土木関連事業・建築関連事業） 従業員 || l Rights Reserved. INDEX 2 Ⅰ 会社概要 03 Ⅱ 2026年3月期 決算報告 06 Ⅲ 2027年3月期 通期業績予想 18 Ⅳ 中期経営計画の取り組み状況 22 Ⅴ 参考資料 33 Copyright © Sata Construction Co.,Ltd. All Rights Reserved. Copyright © Sata Construction Co.,Ltd. All Rights Reserved. 会社概要 Business Outline 3 Copyright © Sata Construction Co.,Ltd. All Rights Reserved. 会社概要 4 会社名 佐田建設株式会社（Sata Construction Co.,Ltd.） 本社所在地 群馬県前橋市元総社町1-1-7 代表者 代表取締役社長 星野 克行 創業 / 設立 創業：大正9年3月10日 / 会社設立：昭和24年10月3日 資本金 18億8千6百万円 市場 東京証券取引所 スタンダード市場 事業内容 総合建設業（土木関連事業・建築関連事業） 従業員"
1826,耐震化,,unknown,,,,売上セグメントとテーマを直接対応できず
1827,建設,16.23,structured_segment_candidate,external_customer_sales_table,建設事業,https://www.wave-nakano.co.jp/uploads/pdf/677/1Q20260807.pdf,"7 815
その他の包括利益
その他有価証券評価差額金 155 437
為替換算調整勘定 177 172
退職給付に係る調整額 △23 △33
その他の包括利益合計 308 577
四半期包括利益 456 1,393
（内訳）
親会社株主に係る四半期包括利益 483 1,435
非支配株主に係る四半期包括利益 △26 △42
㈱ナカノフドー建設(1827) 2027年３月期 第１四半期決算短信
―8―
（３）四半期連結財務諸表に関する注記事項
(セグメント情報等の注記)
【セグメント情報】
Ⅰ 前第１四半期連結累計期間(自 2025年４月１日 至 2025年６月30日)
１．報告セグメントごとの売上高及び利益又は損失の金額に関する情報
(単位：百万円)
報告セグメント
その他
の事業
(注)１
合計 調整額
(注)２
四半期
連結損益
計算書
計上額
建設事業 不動産事業
日本 東南
アジア 計 日本 東南
アジア 計
売上高 外部顧客への売上高 16,048 7,715 23,764 321 0 322 48 24,134 ― 24,134
セグメント間の
内部売上高又は振替高 ― "
1828,建設,,unknown,,,,売上セグメントとテーマを直接対応できず
1832,データセンター,,unknown,,,,会社公式サイトURL未取得
1832,再生可能エネルギー,,unknown,,,,会社公式サイトURL未取得
1832,太陽光発電関連,,unknown,,,,会社公式サイトURL未取得
1832,建設,,unknown,,,,会社公式サイトURL未取得
1832,電力設備投資関連,,unknown,,,,会社公式サイトURL未取得
1832,風力発電,,unknown,,,,会社公式サイトURL未取得
1833,下水道,,unknown,,,,売上セグメントとテーマを直接対応できず
1833,建設,,unknown,,,,売上セグメントとテーマを直接対応できず
1833,耐震化,,unknown,,,,売上セグメントとテーマを直接対応できず
1833,防災,,unknown,,,,売上セグメントとテーマを直接対応できず
1835,国土強靱化,,unknown,,,,売上セグメントとテーマを直接対応できず
1835,建設,,unknown,,,,売上セグメントとテーマを直接対応できず
1835,耐震化,,unknown,,,,売上セグメントとテーマを直接対応できず
1835,鉄道関連,,unknown,,,,売上セグメントとテーマを直接対応できず
1835,防災,,unknown,,,,売上セグメントとテーマを直接対応できず
1840,住宅関連,61.50,structured_segment_candidate,external_customer_sales_table,住宅事業,https://www.tsuchiya.co.jp/wp-content/uploads/2026/06/6195598004221ec874ebb67568f4b241.pdf,"） 2026年10月期 第２四半期決算短信
（３）中間連結財務諸表に関する注記事項
（表示方法の変更に関する注記）
（中間連結損益計算書関係）
 前中間連結会計期間において、「営業外収益」で独立掲記しておりました「補助金収入」は、金額的重要性が乏し
くなったため、当中間連結会計期間より「その他」に含めて表示しております。この表示方法の変更を反映させるた
め、前中間連結会計期間の中間連結損益計算書の組替えを行っております。この結果、前中間連結会計期間の中間連
結損益計算書において 、「営業外収益」に表示していた「補助金収入」1,744千円は、「その他」16,976千円として
組み替えております。
- 8 -
㈱土屋ホールディングス（1840） 2026年10月期 第２四半期決算短信
（単位：千円）
報告セグメント
調整額
（注１）
中間連結損益
計算書計上額
（注２）住宅事業 リフォーム
事業 不動産事業 賃貸事業 合計
売上高 外部顧客への売上高 7,663,989 1,262,749 3,535,234 182,252 12,644,226 － 12,644,226
セグメント間の内"
1844,下水道,,unknown,,,,売上セグメントとテーマを直接対応できず
1844,不動産関連,,unknown,,,,売上セグメントとテーマを直接対応できず
1844,水道関連,,unknown,,,,売上セグメントとテーマを直接対応できず
1844,電線地中化,,unknown,,,,売上セグメントとテーマを直接対応できず
1847,建設,,unknown,,,,売上セグメントとテーマを直接対応できず
1848,国土強靱化,,unknown,,,,売上セグメントとテーマを直接対応できず
1848,建設,,unknown,,,,売上セグメントとテーマを直接対応できず
1848,耐震化,,unknown,,,,売上セグメントとテーマを直接対応できず
1848,鉄道関連,,unknown,,,,売上セグメントとテーマを直接対応できず
1850,建設,,unknown,,,,売上セグメントとテーマを直接対応できず
1850,鉄道関連,,unknown,,,,売上セグメントとテーマを直接対応できず
1852,建設,,unknown,,,,売上セグメントとテーマを直接対応できず
1852,耐震化,,unknown,,,,売上セグメントとテーマを直接対応できず
1853,マンション関連,,unknown,,,,売上セグメントとテーマを直接対応できず
1853,建設,,unknown,,,,売上セグメントとテーマを直接対応できず
1860,介護関連,,unknown,,,,売上セグメントとテーマを直接対応できず
1860,国土強靱化,,unknown,,,,売上セグメントとテーマを直接対応できず
1860,建設,,unknown,,,,売上セグメントとテーマを直接対応できず
1860,脱炭素,,unknown,,,,売上セグメントとテーマを直接対応できず
1860,風力発電,,unknown,,,,売上セグメントとテーマを直接対応できず
1861,再開発,,unknown,,,,売上セグメントとテーマを直接対応できず
1861,建設,,unknown,,,,売上セグメントとテーマを直接対応できず
1866,ホテル,3.63,structured_segment_candidate,external_customer_sales_table,ホテル事業,https://www.kitano.co.jp/wp-content/uploads/2026/08/令和９年３月期-第１四半期決算短信〔日本基準〕（連結）-1.pdf,"0 69
退職給付に係る調整額 0 △10
その他の包括利益合計 △134 1,181
四半期包括利益 345 2,264
（内訳）
親会社株主に係る四半期包括利益 347 2,263
非支配株主に係る四半期包括利益 △1 0
（四半期連結包括利益計算書）
- 6 -
北野建設㈱（1866） 令和９年３月期 第１四半期決算短信
（単位：百万円）
報告セグメント
合計 調整額 
（注）１
四半期連結
損益計算書
計上額
（注）２建設事業 ゴルフ場事業 ホテル事業 広告代理店
事業
売上高
一時点で移転される財
又はサービス
240 88 679 151 1,159 － 1,159
一定の期間にわたり移
転される財又はサービ
ス
17,625 － － － 17,625 － 17,625
顧客との契約から生じ
る収益
17,865 88 679 151 18,784 － 18,784
その他の収益 96 － － － 96 － 96 外部顧客への売上高 17,961 88 679 151 18,880 － 18,880
セグメント間の内部
売上高又は振替高 0 2 2 30 36 △36 －
"
1866,建設,,unknown,,,,売上セグメントとテーマを直接対応できず
1867,介護関連,,unknown,,,,売上セグメントとテーマを直接対応できず
1867,建設,,unknown,,,,売上セグメントとテーマを直接対応できず
1869,耐震化,,unknown,,,,会社公式サイトURL未取得
1869,鉄道関連,,unknown,,,,会社公式サイトURL未取得
1869,防災,,unknown,,,,会社公式サイトURL未取得
186A,宇宙開発関連,,unknown,,,,売上セグメントとテーマを直接対応できず
186A,防衛,,unknown,,,,売上セグメントとテーマを直接対応できず
1870,不動産関連,,unknown,,,,売上セグメントとテーマを直接対応できず
1870,国土強靱化,,unknown,,,,売上セグメントとテーマを直接対応できず
1870,建設,,unknown,,,,売上セグメントとテーマを直接対応できず
1870,耐震化,,unknown,,,,売上セグメントとテーマを直接対応できず
1870,鉄道関連,,unknown,,,,売上セグメントとテーマを直接対応できず
1870,防災,,unknown,,,,売上セグメントとテーマを直接対応できず
1871,国土強靱化,,unknown,,,,売上セグメントとテーマを直接対応できず
1871,建設,,unknown,,,,売上セグメントとテーマを直接対応できず
1871,耐震化,,unknown,,,,売上セグメントとテーマを直接対応できず
1871,防災,,unknown,,,,売上セグメントとテーマを直接対応できず
1873,ホテル,,unknown,,,,売上セグメントとテーマを直接対応できず
1873,住宅関連,,unknown,,,,売上セグメントとテーマを直接対応できず
1878,住宅関連,,unknown,,,,売上セグメントとテーマを直接対応できず
1879,マンション関連,,unknown,,,,売上セグメントとテーマを直接対応できず
1879,不動産関連,51.86,structured_segment_candidate,external_customer_sales_table,賃貸等を行う不動産開発全般に関する事業 | 及び不動産開発全般に関する事業,https://www.shinnihon-c.co.jp/common/img/ir/library/2026/20260512_01.pdf,"入、開発、販売、管理、
賃貸等を行う不動産開発全般に関する事業を展開しております。
したがって、建設工事全般に関する事業から構成される「建設事業」及び不動産開発全般に関する事業から構成
される「開発事業等」の２つを報告セグメントとしております。
２ 報告セグメントごとの売上高、利益又は損失、資産、負債その他の項目の金額の算定方法
報告されている事業セグメントの会計処理の方法は、連結財務諸表作成において採用している会計処理の方法と
概ね同一であります。
報告セグメントの利益は、営業利益ベースの数値であります。セグメント間の内部売上高及び振替高は市場実勢
価格に基づいております。
３ 報告セグメントごとの売上高、利益又は損失、資産、負債その他の項目の金額に関する情報
前連結会計年度(自 2024年４月１日 至 2025年３月31日)
(単位：百万円)
建設事業 開発事業等 合計 調整額(注)１ 連結財務諸表
計上額(注)２
売上高 外部顧客への売上高 73,266 58,395 131,662 ― 131,662
セグメント間の内部売上高
又は振替高 104 ― 104 △104 ―
計  || 入、開発、販売、管理、
賃貸等を行う不動産開発全般に関する事業を展開しております。
したがって、建設工事全般に関する事業から構成される「建設事業」及び不動産開発全般に関する事業から構成
される「開発事業等」の２つを報告セグメントとしております。
２ 報告セグメントごとの売上高、利益又は損失、資産、負債その他の項目の金額の算定方法
報告されている事業セグメントの会計処理の方法は、連結財務諸表作成において採用している会計処理の方法と
概ね同一であります。
報告セグメントの利益は、営業利益ベースの数値であります。セグメント間の内部売上高及び振替高は市場実勢
価格に基づいております。
３ 報告セグメントごとの売上高、利益又は損失、資産、負債その他の項目の金額に関する情報
前連結会計年度(自 2024年４月１日 至 2025年３月31日)
(単位：百万円)
建設事業 開発事業等 合計 調整額(注)１ 連結財務諸表
計上額(注)２
売上高 外部顧客への売上高 73,266 58,395 131,662 ― 131,662
セグメント間の内部売上高
又は振替高 104 ― 104 △104 ―
計 "
1879,建設,88.11,structured_segment_candidate,external_customer_sales_table,建設事業 | 建設工事全般に関する事業,https://www.shinnihon-c.co.jp/common/img/ir/library/2027/20260731_01.pdf,"日
至 2025年６月30日)
当第１四半期連結累計期間
(自 2026年４月１日
至 2026年６月30日)
四半期純利益 2,666 2,784
その他の包括利益
その他有価証券評価差額金 △24 301
退職給付に係る調整額 △10 △32
その他の包括利益合計 △35 269
四半期包括利益 2,631 3,053
（内訳）
親会社株主に係る四半期包括利益 2,631 3,053
非支配株主に係る四半期包括利益 - -
新日本建設株式会社(1879) 2027年３月期 第１四半期決算短信
- 7 -
（３）四半期連結財務諸表に関する注記事項
（セグメント情報等の注記）
Ⅰ 前第１四半期連結累計期間(自 2025年４月１日 至 2025年６月30日)
報告セグメントごとの売上高及び利益又は損失の金額に関する情報
(単位：百万円)
建設事業 開発事業等 合計 調整額
(注)１
四半期連結損益
計算書計上額
(注)２
売上高 外部顧客への売上高 18,779 6,830 25,610 ― 25,610
セグメント間の内部売上高
又は振替高 21 ― 21 △21 ―
計 18,800 || 入、開発、販売、管理、
賃貸等を行う不動産開発全般に関する事業を展開しております。
したがって、建設工事全般に関する事業から構成される「建設事業」及び不動産開発全般に関する事業から構成
される「開発事業等」の２つを報告セグメントとしております。
２ 報告セグメントごとの売上高、利益又は損失、資産、負債その他の項目の金額の算定方法
報告されている事業セグメントの会計処理の方法は、連結財務諸表作成において採用している会計処理の方法と
概ね同一であります。
報告セグメントの利益は、営業利益ベースの数値であります。セグメント間の内部売上高及び振替高は市場実勢
価格に基づいております。
３ 報告セグメントごとの売上高、利益又は損失、資産、負債その他の項目の金額に関する情報
前連結会計年度(自 2024年４月１日 至 2025年３月31日)
(単位：百万円)
建設事業 開発事業等 合計 調整額(注)１ 連結財務諸表
計上額(注)２
売上高 外部顧客への売上高 73,266 58,395 131,662 ― 131,662
セグメント間の内部売上高
又は振替高 104 ― 104 △104 ―
計 "
1879,耐震化,,unknown,,,,売上セグメントとテーマを直接対応できず
1882,国土強靱化,,unknown,,,,売上セグメントとテーマを直接対応できず
1885,レアアース,,unknown,,,,売上セグメントとテーマを直接対応できず
1885,建設,,unknown,,,,売上セグメントとテーマを直接対応できず
1885,防災,,unknown,,,,売上セグメントとテーマを直接対応できず
1885,風力発電,,unknown,,,,売上セグメントとテーマを直接対応できず
1887,マンション関連,,unknown,,,,売上セグメントとテーマを直接対応できず
1887,下水道,,unknown,,,,売上セグメントとテーマを直接対応できず
1887,不動産関連,,unknown,,,,売上セグメントとテーマを直接対応できず
1887,再開発,,unknown,,,,売上セグメントとテーマを直接対応できず
1887,国土強靱化,,unknown,,,,売上セグメントとテーマを直接対応できず
1887,太陽光発電関連,,unknown,,,,売上セグメントとテーマを直接対応できず
1887,建設,,unknown,,,,売上セグメントとテーマを直接対応できず
1887,建設機械,,unknown,,,,売上セグメントとテーマを直接対応できず
1887,耐震化,,unknown,,,,売上セグメントとテーマを直接対応できず
1887,防災,,unknown,,,,売上セグメントとテーマを直接対応できず
1888,国土強靱化,,unknown,,,,売上セグメントとテーマを直接対応できず
1888,建設,3.80,structured_segment_candidate,explicit_segment_percent,セグメント別売上高割合 不動産事業等 土木事業 建築事業 | 建築事業 | 単体 不動産事業等 土木事業建築事業 | 土木事業建築事業,https://www.wakachiku.co.jp/data/news/221/news.pdf,"626 － 26,237 － 33.7 売上総利益 1,939 9.9 3,643 13.9 87.8 販管費 1,853 9.4 2,058 7.8 11.0 営業利益 85 0.4 1,584 6.0 1,745.8 経常利益 127 0.7 1,643 6.3 1,186.8 当期純利益 68 0.3 1,109 4.2 1,523.0 単体 連結 ポイント1 ポイント2 ポイント3 ポイント1 ポイント2 ポイント3 売上高は全ての工種で進捗率が進み、昨年同期比33.7%増の262億円（過去最高(1Q)） 営業利益は売上高の増加と採算性向上により、昨年同期比1,745.8%増の15億円（過去最高(1Q)） 受注高は昨年度の反動で、昨年同期比11.2%減の269億円 Copyright © WAKACHIKU CONSTRUCTION Co., Ltd. All rights reserved. セグメント別の状況 概要 5 2026/3 1Q 2027/3 1Q 増減率 （%） 完成工事 19,506 26,151 34.1 土木 12,064 15,289 26.7 建築 7 || 2,171 75.9
建築 644 1,426 121.4
不動産事業等 61 44 △26.5
合計 1,939 3,643 87.8
（百万円）
（百万円）
売上高 （百万円）
単体
売上総利益 （百万円）
次期繰越高
2026/3
1Q
2027/3
1Q
増減率
（%）
建設事業 132,459 150,098 13.3
土木 77,791 74,608 △4.1
建築 54,667 75,489 38.1
不動産事業等 1,467 344 △76.6
合計 133,926 150,442 12.3
（百万円）
2027年
3月期
1Q
セグメント別売上高割合
不動産事業等
土木事業
建築事業
0.3%
41.4%
58.3%
Copyright © WAKACHIKU CONSTRUCTION Co., Ltd. All rights reserved.
0
10,000
20,000
30,000
2023/3 2024/3 2025/3 2026/3 2027/3
１Ｑ ２Ｑ ３Ｑ ４Ｑ
セグメント別の状況 四半期別完成工事高推移
6
単体
年度別完成工事高推移
昨年度か || 1.1 売上総利益 12,728 14.7 14,602 13.9 14.7 販管費 7,508 8.7 7,952 7.6 5.9 営業利益 5,220 6.0 6,649 6.3 27.4 経常利益 5,228 6.0 6,426 6.1 22.9 親会社株主に帰属する 当期純利益 3,690 4.3 4,367 4.2 18.4 単体 受注高 104,009 － 127,986 － 23.1 売上高 83,636 － 101,776 － 21.7 売上総利益 11,925 14.3 13,821 13.6 15.9 販管費 7,141 8.5 7,576 7.4 6.1 営業利益 4,783 5.7 6,244 6.1 30.5 経常利益 4,876 5.8 6,104 6.0 25.2 当期純利益 3,566 4.3 4,253 4.2 19.3 ROE 8.1% 9.0% 単体 連結 ポイント1 ポイント2 ポイント3 ポイント1 ポイント2 ポイント3 受注高は昨年度比23.1%の1,279億円の高水準となった。 売上高は1Qは出遅れたが2Q以降は順調に推移し、前年度比21 || 完成工事 82,233 100,120 21.8
土木 54,748 64,143 17.2
建築 27,485 35,976 30.9
不動産事業等 1,402 1,656 "
1892,建設,,unknown,,,,会社公式サイトURL未取得
1893,データセンター,,unknown,,,,売上セグメントとテーマを直接対応できず
1893,ドローン,,unknown,,,,売上セグメントとテーマを直接対応できず
1893,国土強靱化,,unknown,,,,売上セグメントとテーマを直接対応できず
1893,建設,,unknown,,,,売上セグメントとテーマを直接対応できず
1893,鉄道関連,,unknown,,,,売上セグメントとテーマを直接対応できず
1893,防災,,unknown,,,,売上セグメントとテーマを直接対応できず
1893,風力発電,,unknown,,,,売上セグメントとテーマを直接対応できず
1897,建設,0.10,structured_segment_candidate,external_customer_sales_table,建設事業,https://www.kaneshita.co.jp/file/d95affa6ff7f7acb60ccaffec8c9e87e.pdf,"増加額の調整額は、各報告セグメントに配分していない全
社資産の増加額であります。
２．セグメント利益は、連結損益計算書の営業利益と調整を行っております。
３．セグメント資産は、事業セグメントに資産を配分していないため、記載しておりません。
- 14 -
金下建設㈱ (1897) 2025年12月期 決算短信
顧客の名称又は氏名 売上高 関連するセグメント名
国土交通省 1,859 建設事業
京都府 1,560 建設事業、製造・販売事業等
顧客の名称又は氏名 売上高 関連するセグメント名
国土交通省 1,886 建設事業
看護学校整備(同) 926 建設事業
京都府 884 建設事業、製造・販売事業等
【関連情報】
前連結会計年度（自2024年１月１日 至2024年12月31日）
１．製品及びサービスごとの情報
セグメント情報に同様の情報を開示しているため、記載を省略しております。
２．地域ごとの情報
(1) 売上高
本邦以外の 外部顧客への売上高 がないため、該当事項はありません。
 (2) 有形固定資産
本邦以外に所在している有形固定資産がないため、該当事項はありません。
３．主要な"
1898,国土強靱化,,unknown,,,,売上セグメントとテーマを直接対応できず
1898,防災,,unknown,,,,売上セグメントとテーマを直接対応できず
1899,不動産関連,,unknown,,,,売上セグメントとテーマを直接対応できず
1899,建設,,unknown,,,,売上セグメントとテーマを直接対応できず
1899,鉄道関連,,unknown,,,,売上セグメントとテーマを直接対応できず
189A,リース,,unknown,,,,売上セグメントとテーマを直接対応できず
189A,介護関連,,unknown,,,,売上セグメントとテーマを直接対応できず
189A,医療機器,,unknown,,,,売上セグメントとテーマを直接対応できず
1904,建設,,unknown,,,,売上セグメントとテーマを直接対応できず
1905,住宅関連,,unknown,,,,売上セグメントとテーマを直接対応できず
1905,国土強靱化,,unknown,,,,売上セグメントとテーマを直接対応できず
1909,機械,,unknown,,,,売上セグメントとテーマを直接対応できず
1909,設備投資,,unknown,,,,売上セグメントとテーマを直接対応できず
1909,防災,,unknown,,,,売上セグメントとテーマを直接対応できず
190A,バイオテクノロジー関連,,unknown,,,,売上セグメントとテーマを直接対応できず
190A,創薬,,unknown,,,,売上セグメントとテーマを直接対応できず
1911,住宅関連,,unknown,,,,売上セグメントとテーマを直接対応できず
1911,耐震化,,unknown,,,,売上セグメントとテーマを直接対応できず
1911,風力発電,,unknown,,,,売上セグメントとテーマを直接対応できず
1914,国土強靱化,,unknown,,,,売上セグメントとテーマを直接対応できず
1914,耐震化,,unknown,,,,売上セグメントとテーマを直接対応できず
1914,防災,,unknown,,,,売上セグメントとテーマを直接対応できず
1921,マンション関連,,unknown,,,,売上セグメントとテーマを直接対応できず
1921,不動産関連,13.14,structured_segment_candidate,external_customer_sales_table,不動産事業,https://www.tomoe-corporation.co.jp/ir/doc/26-08-07-shihan.pdf,"0
その他の包括利益合計 195,767 3,098,859
四半期包括利益 908,205 4,172,906
（内訳）
親会社株主に係る四半期包括利益 897,363 4,163,929
非支配株主に係る四半期包括利益 10,841 8,977
（四半期連結包括利益計算書）
- 6 -
㈱巴コーポレーション（1921）令和９年３月期 第１四半期決算短信 
（単位：千円）
報告セグメント 調整額
（注１）
四半期連結
損益計算書
計上額
（注２）鉄構建設事業 不動産事業 計
売上高
官公庁への売上高 2,820,052 － 2,820,052 － 2,820,052
民間への売上高 3,064,340 － 3,064,340 － 3,064,340
顧客との契約から生じる収益 5,884,392 － 5,884,392 － 5,884,392
その他の収益 － 890,346 890,346 － 890,346
(1) 外部顧客への売上高 5,884,392 890,346 6,774,739 － 6,774,739
(2)セグメント間の内部売上高
又は振替高 980 43,542 "
1921,建設,86.86,structured_segment_candidate,external_customer_sales_table,鉄構建設事業,https://www.tomoe-corporation.co.jp/ir/doc/26-08-07-shihan.pdf,"0
その他の包括利益合計 195,767 3,098,859
四半期包括利益 908,205 4,172,906
（内訳）
親会社株主に係る四半期包括利益 897,363 4,163,929
非支配株主に係る四半期包括利益 10,841 8,977
（四半期連結包括利益計算書）
- 6 -
㈱巴コーポレーション（1921）令和９年３月期 第１四半期決算短信 
（単位：千円）
報告セグメント 調整額
（注１）
四半期連結
損益計算書
計上額
（注２）鉄構建設事業 不動産事業 計
売上高
官公庁への売上高 2,820,052 － 2,820,052 － 2,820,052
民間への売上高 3,064,340 － 3,064,340 － 3,064,340
顧客との契約から生じる収益 5,884,392 － 5,884,392 － 5,884,392
その他の収益 － 890,346 890,346 － 890,346
(1) 外部顧客への売上高 5,884,392 890,346 6,774,739 － 6,774,739
(2)セグメント間の内部売上高
又は振替高 980 43,542 "
1921,耐震化,,unknown,,,,売上セグメントとテーマを直接対応できず
1921,送電,,unknown,,,,売上セグメントとテーマを直接対応できず
1921,電力設備投資関連,,unknown,,,,売上セグメントとテーマを直接対応できず
1925,サービスロボット,,unknown,,,,売上セグメントとテーマを直接対応できず
1925,スマートグリッド,,unknown,,,,売上セグメントとテーマを直接対応できず
1925,データセンター,,unknown,,,,売上セグメントとテーマを直接対応できず
1925,マンション関連,,unknown,,,,売上セグメントとテーマを直接対応できず
1925,リチウムイオン電池,,unknown,,,,売上セグメントとテーマを直接対応できず
1925,ロボット,,unknown,,,,売上セグメントとテーマを直接対応できず
1925,不動産ファンド,,unknown,,,,売上セグメントとテーマを直接対応できず
1925,介護関連,,unknown,,,,売上セグメントとテーマを直接対応できず
1925,住宅関連,,unknown,,,,売上セグメントとテーマを直接対応できず
1925,再生可能エネルギー,,unknown,,,,売上セグメントとテーマを直接対応できず
1925,太陽光発電関連,,unknown,,,,売上セグメントとテーマを直接対応できず
1925,物流,,unknown,,,,売上セグメントとテーマを直接対応できず
1925,蓄電池,,unknown,,,,売上セグメントとテーマを直接対応できず
1925,防災,,unknown,,,,売上セグメントとテーマを直接対応できず
1925,風力発電,,unknown,,,,売上セグメントとテーマを直接対応できず
1926,国土強靱化,,unknown,,,,売上セグメントとテーマを直接対応できず
1926,建設,,unknown,,,,売上セグメントとテーマを直接対応できず
1926,耐震化,,unknown,,,,売上セグメントとテーマを直接対応できず
1926,防災,,unknown,,,,売上セグメントとテーマを直接対応できず
1928,マンション関連,,unknown,,,,売上セグメントとテーマを直接対応できず
1928,介護関連,,unknown,,,,売上セグメントとテーマを直接対応できず
1928,住宅関連,,unknown,,,,売上セグメントとテーマを直接対応できず
1928,太陽光発電関連,,unknown,,,,売上セグメントとテーマを直接対応できず
1928,防災,,unknown,,,,売上セグメントとテーマを直接対応できず
1929,国土強靱化,,unknown,,,,売上セグメントとテーマを直接対応できず
1929,防災,,unknown,,,,売上セグメントとテーマを直接対応できず
1930,データセンター,,unknown,,,,売上セグメントとテーマを直接対応できず
1930,建設,,unknown,,,,売上セグメントとテーマを直接対応できず
1930,鉄道関連,,unknown,,,,売上セグメントとテーマを直接対応できず
1930,電力設備投資関連,,unknown,,,,売上セグメントとテーマを直接対応できず
1934,電力設備投資関連,,unknown,,,,売上セグメントとテーマを直接対応できず
1934,風力発電,,unknown,,,,売上セグメントとテーマを直接対応できず
1938,太陽光発電関連,,unknown,,,,売上セグメントとテーマを直接対応できず
1938,鉄道関連,,unknown,,,,売上セグメントとテーマを直接対応できず
1938,電力設備投資関連,,unknown,,,,売上セグメントとテーマを直接対応できず
1939,リース,1.50,structured_segment_candidate,explicit_segment_percent,リース,https://www.yondenko.co.jp/pdf/ir/integrated-report/yondenko_ir_a4-2025.pdf,電設備の建設・保守および民間・公共建築物 に係る電気・計装、 空調・管などの建築設備の設計・施工を主たる事業とし ています。 1963年の設立以来、 総合設備企業としての事業展開を基軸に据え、 M&Aを通じた施工力強化やエリア拡充に取り組んできたほか、 培った技術 や知見を活かしながら、 太陽光発電事業やリース事業など業容拡大に努め ています。 通信事業者から光ケーブルの敷設や携帯基地局の 工事を請け負うほか、 防災無線 ・消防無線工事など の公共工事を受注するなど、 通信の高度化などに対 応したネットワークインフラを構築しています。 また、 物流倉庫や生産ラインの自動化、 プラント の監視・運用など、 多様な制御システムの構築・メン テナンスにも携わっています。 情報通信工事 電力会社の発電所から各地の変電所へ電気を送る ために必要なのが送電設備 （送電線・鉄塔など） です。 送電・土木工事は、 大規模で工期の長いものも多く、 天候などによって工事進捗が左右されます。当社は 設備の設計・施工・保守を請け負っております。 送電 ・ 土木工事 建築設備工事業の中核を担っているのが、 屋内
1939,太陽光発電関連,2.00,structured_segment_candidate,explicit_segment_percent,太陽光発電,https://www.yondenko.co.jp/pdf/ir/integrated-report/yondenko_ir_a4-2025.pdf,電設備の建設・保守および民間・公共建築物 に係る電気・計装、 空調・管などの建築設備の設計・施工を主たる事業とし ています。 1963年の設立以来、 総合設備企業としての事業展開を基軸に据え、 M&Aを通じた施工力強化やエリア拡充に取り組んできたほか、 培った技術 や知見を活かしながら、 太陽光発電事業やリース事業など業容拡大に努め ています。 通信事業者から光ケーブルの敷設や携帯基地局の 工事を請け負うほか、 防災無線 ・消防無線工事など の公共工事を受注するなど、 通信の高度化などに対 応したネットワークインフラを構築しています。 また、 物流倉庫や生産ラインの自動化、 プラント の監視・運用など、 多様な制御システムの構築・メン テナンスにも携わっています。 情報通信工事 電力会社の発電所から各地の変電所へ電気を送る ために必要なのが送電設備 （送電線・鉄塔など） です。 送電・土木工事は、 大規模で工期の長いものも多く、 天候などによって工事進捗が左右されます。当社は 設備の設計・施工・保守を請け負っております。 送電 ・ 土木工事 建築設備工事業の中核を担っているのが、 屋内
1939,建設,9.60,structured_segment_candidate,explicit_segment_percent,送電 ・ 土木工事 | 土木工事,https://www.yondenko.co.jp/pdf/ir/integrated-report/yondenko_ir_a4-2025.pdf,"電設備の建設・保守および民間・公共建築物 に係る電気・計装、 空調・管などの建築設備の設計・施工を主たる事業とし ています。 1963年の設立以来、 総合設備企業としての事業展開を基軸に据え、 M&Aを通じた施工力強化やエリア拡充に取り組んできたほか、 培った技術 や知見を活かしながら、 太陽光発電事業やリース事業など業容拡大に努め ています。 通信事業者から光ケーブルの敷設や携帯基地局の 工事を請け負うほか、 防災無線 ・消防無線工事など の公共工事を受注するなど、 通信の高度化などに対 応したネットワークインフラを構築しています。 また、 物流倉庫や生産ラインの自動化、 プラント の監視・運用など、 多様な制御システムの構築・メン テナンスにも携わっています。 情報通信工事 電力会社の発電所から各地の変電所へ電気を送る ために必要なのが送電設備 （送電線・鉄塔など） です。 送電・土木工事は、 大規模で工期の長いものも多く、 天候などによって工事進捗が左右されます。当社は 設備の設計・施工・保守を請け負っております。 送電 ・ 土木工事 建築設備工事業の中核を担っているのが、 屋内 || 以来、 四国管内の配電設備の工事を担っ
てきました。設計から施工 ・保守までを一貫して担
える体制や、 専属の協力企業との緊密な連携体制の
構築により、 施工効率の最適化に努めています。
また、 災害時には協力企業や自治体、 自衛隊など
と協力しながら、 迅速な電力供給の復旧にあたります。
配電工事
建築設備工事業 送配電設備工事業
送配電設備工事業
404億円
建築設備工事業
604億円
事業別連結売上高
Ⅰ
 
イ ン ト ロ ダ ク シ ョ ン
➡ P.20 ➡P.22
得意先 電力会社 発電事業者 ほか 得意先
電気 ・ 計装工事 （34.4%）
情報通信工事 （7.8%）
送電 ・ 土木工事 （4.8%）
リース （1.5%）
空調 ・ 管工事 （14.8%）
配電工事 （33.4%）
太陽光発電 （2.0%）
その他 （1.3%）
364
15782
353
50
21 13
15
2024年度
1,058億円
06
Ⅰ
 
イ ン ト ロ ダ ク シ ョ ン
事業相関図
全国の
事業所数 49拠点
連結子会社
15社
非連結子会社
11社
関連会社
8社
当社の事業拠点は"
1939,電力設備投資関連,,unknown,,,,売上セグメントとテーマを直接対応できず
1941,電力設備投資関連,,unknown,,,,売上セグメントとテーマを直接対応できず
1941,電線地中化,,unknown,,,,売上セグメントとテーマを直接対応できず
1942,スマートグリッド,,unknown,,,,売上セグメントとテーマを直接対応できず
1942,データセンター,,unknown,,,,売上セグメントとテーマを直接対応できず
1942,太陽光発電関連,,unknown,,,,売上セグメントとテーマを直接対応できず
1942,送電,,unknown,,,,売上セグメントとテーマを直接対応できず
1942,防災,,unknown,,,,売上セグメントとテーマを直接対応できず
1942,電力設備投資関連,,unknown,,,,売上セグメントとテーマを直接対応できず
1942,電線地中化,,unknown,,,,売上セグメントとテーマを直接対応できず
1942,風力発電,,unknown,,,,売上セグメントとテーマを直接対応できず
1944,スマートグリッド,,unknown,,,,売上セグメントとテーマを直接対応できず
1944,データセンター,,unknown,,,,売上セグメントとテーマを直接対応できず
1944,太陽光発電関連,,unknown,,,,売上セグメントとテーマを直接対応できず
1944,送電,,unknown,,,,売上セグメントとテーマを直接対応できず
1944,電力設備投資関連,,unknown,,,,売上セグメントとテーマを直接対応できず
1944,電線地中化,,unknown,,,,売上セグメントとテーマを直接対応できず
1944,風力発電,,unknown,,,,売上セグメントとテーマを直接対応できず
1945,データセンター,,unknown,,,,売上セグメントとテーマを直接対応できず
1945,再生可能エネルギー,,unknown,,,,売上セグメントとテーマを直接対応できず
1945,原子力発電,,unknown,,,,売上セグメントとテーマを直接対応できず
1945,太陽光発電関連,,unknown,,,,売上セグメントとテーマを直接対応できず
1945,電力設備投資関連,,unknown,,,,売上セグメントとテーマを直接対応できず
1946,電力設備投資関連,,unknown,,,,売上セグメントとテーマを直接対応できず
1948,電力設備投資関連,,unknown,,,,売上セグメントとテーマを直接対応できず
194A,サブスクリプション,,unknown,,,,売上セグメントとテーマを直接対応できず
194A,創薬,,unknown,,,,売上セグメントとテーマを直接対応できず
194A,医療機器,,unknown,,,,売上セグメントとテーマを直接対応できず
1950,再生可能エネルギー,,unknown,,,,売上セグメントとテーマを直接対応できず
1950,太陽光発電関連,,unknown,,,,売上セグメントとテーマを直接対応できず
1950,鉄道関連,,unknown,,,,売上セグメントとテーマを直接対応できず
1951,IoT,,unknown,,,,売上セグメントとテーマを直接対応できず
1951,クラウドコンピューティング,,unknown,,,,売上セグメントとテーマを直接対応できず
1951,デジタルトランスフォーメーション,,unknown,,,,売上セグメントとテーマを直接対応できず
1951,データセンター,,unknown,,,,売上セグメントとテーマを直接対応できず
1951,光ファイバー,,unknown,,,,売上セグメントとテーマを直接対応できず
1951,耐震化,,unknown,,,,売上セグメントとテーマを直接対応できず
1951,鉄道関連,,unknown,,,,売上セグメントとテーマを直接対応できず
1951,防災,,unknown,,,,売上セグメントとテーマを直接対応できず
1951,電線地中化,,unknown,,,,売上セグメントとテーマを直接対応できず
1952,データセンター,,unknown,,,,売上セグメントとテーマを直接対応できず
1952,原子力発電,,unknown,,,,売上セグメントとテーマを直接対応できず
1959,データセンター,,unknown,,,,売上セグメントとテーマを直接対応できず
1959,太陽光発電関連,,unknown,,,,売上セグメントとテーマを直接対応できず
1959,送電,,unknown,,,,売上セグメントとテーマを直接対応できず
1959,防災,,unknown,,,,売上セグメントとテーマを直接対応できず
1959,電力設備投資関連,,unknown,,,,売上セグメントとテーマを直接対応できず
1959,電線地中化,,unknown,,,,売上セグメントとテーマを直接対応できず
1959,風力発電,,unknown,,,,売上セグメントとテーマを直接対応できず
195A,eコマース,,unknown,,,,売上セグメントとテーマを直接対応できず
195A,クラウドコンピューティング,,unknown,,,,売上セグメントとテーマを直接対応できず
195A,デジタルトランスフォーメーション,,unknown,,,,売上セグメントとテーマを直接対応できず
195A,データ分析・解析,,unknown,,,,売上セグメントとテーマを直接対応できず
1960,建設,,unknown,,,,売上セグメントとテーマを直接対応できず
1960,電力設備投資関連,,unknown,,,,売上セグメントとテーマを直接対応できず
1961,FA関連,,unknown,,,,売上セグメントとテーマを直接対応できず
1961,サーバー冷却,,unknown,,,,売上セグメントとテーマを直接対応できず
1961,データセンター,,unknown,,,,売上セグメントとテーマを直接対応できず
1961,下水道,,unknown,,,,売上セグメントとテーマを直接対応できず
1961,建設,,unknown,,,,売上セグメントとテーマを直接対応できず
1961,水道関連,,unknown,,,,売上セグメントとテーマを直接対応できず
1961,物流,,unknown,,,,売上セグメントとテーマを直接対応できず
1961,省エネ関連,,unknown,,,,売上セグメントとテーマを直接対応できず
1961,防災,,unknown,,,,売上セグメントとテーマを直接対応できず
1961,電力設備投資関連,,unknown,,,,売上セグメントとテーマを直接対応できず
1963,アンモニア,,unknown,,,,売上セグメントとテーマを直接対応できず
1963,レアアース,,unknown,,,,売上セグメントとテーマを直接対応できず
1963,円安メリット,,unknown,,,,売上セグメントとテーマを直接対応できず
1963,原子力発電,,unknown,,,,売上セグメントとテーマを直接対応できず
1963,核融合発電,,unknown,,,,売上セグメントとテーマを直接対応できず
1963,水素,,unknown,,,,売上セグメントとテーマを直接対応できず
1963,脱炭素,,unknown,,,,売上セグメントとテーマを直接対応できず
1963,蓄電池,,unknown,,,,売上セグメントとテーマを直接対応できず
1963,資源開発,,unknown,,,,売上セグメントとテーマを直接対応できず
1964,アンモニア,,unknown,,,,売上セグメントとテーマを直接対応できず
1964,全固体電池,,unknown,,,,売上セグメントとテーマを直接対応できず
1964,水素,,unknown,,,,売上セグメントとテーマを直接対応できず
1964,設備投資,,unknown,,,,売上セグメントとテーマを直接対応できず
1964,鉄鋼,,unknown,,,,売上セグメントとテーマを直接対応できず
1965,建設,,unknown,,,,売上セグメントとテーマを直接対応できず
1965,省エネ関連,,unknown,,,,売上セグメントとテーマを直接対応できず
1966,半導体製造装置,,unknown,,,,売上セグメントとテーマを直接対応できず
1966,原子力発電,,unknown,,,,売上セグメントとテーマを直接対応できず
1966,電力設備投資関連,,unknown,,,,売上セグメントとテーマを直接対応できず
1967,下水道,,unknown,,,,売上セグメントとテーマを直接対応できず
1967,建設,,unknown,,,,売上セグメントとテーマを直接対応できず
1967,水道関連,,unknown,,,,売上セグメントとテーマを直接対応できず
1968,再生可能エネルギー,,unknown,,,,売上セグメントとテーマを直接対応できず
1968,原子力発電,,unknown,,,,売上セグメントとテーマを直接対応できず
1968,耐震化,,unknown,,,,売上セグメントとテーマを直接対応できず
1968,防災,,unknown,,,,売上セグメントとテーマを直接対応できず
1968,電力設備投資関連,,unknown,,,,売上セグメントとテーマを直接対応できず
1968,風力発電,,unknown,,,,売上セグメントとテーマを直接対応できず
1969,サーバー冷却,,unknown,,,,売上セグメントとテーマを直接対応できず
1969,データセンター,,unknown,,,,売上セグメントとテーマを直接対応できず
1969,建設,,unknown,,,,売上セグメントとテーマを直接対応できず
1969,水素,,unknown,,,,売上セグメントとテーマを直接対応できず
196A,住宅関連,,unknown,,,,売上セグメントとテーマを直接対応できず
1972,建設,,unknown,,,,売上セグメントとテーマを直接対応できず
1975,データセンター,,unknown,,,,売上セグメントとテーマを直接対応できず
1975,半導体製造装置,,unknown,,,,売上セグメントとテーマを直接対応できず
1975,建設,,unknown,,,,売上セグメントとテーマを直接対応できず
1976,原子力発電,,unknown,,,,売上セグメントとテーマを直接対応できず
1976,建設,,unknown,,,,売上セグメントとテーマを直接対応できず
1979,自動車製造装置,,unknown,,,,売上セグメントとテーマを直接対応できず
197A,医薬品関連,,unknown,,,,売上セグメントとテーマを直接対応できず
1980,クラウドコンピューティング,,unknown,,,,売上セグメントとテーマを直接対応できず
1980,サーバー冷却,,unknown,,,,売上セグメントとテーマを直接対応できず
1980,データセンター,,unknown,,,,売上セグメントとテーマを直接対応できず
1980,下水道,,unknown,,,,売上セグメントとテーマを直接対応できず
1980,人工知能,,unknown,,,,売上セグメントとテーマを直接対応できず
1980,受変電設備,,unknown,,,,売上セグメントとテーマを直接対応できず
1980,建設,,unknown,,,,売上セグメントとテーマを直接対応できず
1980,水道関連,,unknown,,,,売上セグメントとテーマを直接対応できず
1981,水道関連,,unknown,,,,売上セグメントとテーマを直接対応できず
1982,サーバー冷却,,unknown,,,,売上セグメントとテーマを直接対応できず
1982,データセンター,,unknown,,,,売上セグメントとテーマを直接対応できず
198A,サブスクリプション,,unknown,,,,売上セグメントとテーマを直接対応できず
1992,人工知能,,unknown,,,,売上セグメントとテーマを直接対応できず
1994,建設,,unknown,,,,売上セグメントとテーマを直接対応できず
1997,下水道,,unknown,,,,売上セグメントとテーマを直接対応できず
1997,水道関連,,unknown,,,,売上セグメントとテーマを直接対応できず
2001,バイオテクノロジー関連,,unknown,,,,売上セグメントとテーマを直接対応できず
2001,円高メリット,,unknown,,,,売上セグメントとテーマを直接対応できず
2001,食品,65.76,structured_segment_candidate,external_customer_sales_table,食品事業,https://www.nippn.co.jp/ir/ir_news/detail/__icsFiles/afieldfile/2025/10/14/20251014-2.pdf,"１四半期連結累計期間
（自 2025年４月１日
 至 2025年６月30日）
減価償却費 2,561百万円 2,593百万円
のれんの償却額 47 129
（四半期連結キャッシュ・フロー計算書に関する注記）
 当第１四半期連結累計期間に係る四半期連結キャッシュ・フロー計算書は作成しておりません。なお、第１四半
期連結累計期間に係る減価償却費（のれんを除く無形固定資産に係る償却費を含む。）及びのれんの償却額は、次
のとおりであります。
- 9 -
㈱ニップン（2001）2026年３月期 第１四半期決算短信
（単位：百万円）
報告セグメント
その他
（注）１ 合計 調整額
（注）２
四半期連結
損益計算書
計上額
（注）３製粉事業 食品事業 計
売上高
顧客との契約から生じ
る収益 30,623 58,798 89,422 12,293 101,715 － 101,715
その他の収益 － 11 11 242 253 － 253 外部顧客への売上高 30,623 58,810 89,434 12,535 101,969 － 101,969
セグメント間の内部売上
高又は振替高 643 32"
2002,円高メリット,,unknown,,,,売上セグメントとテーマを直接対応できず
2002,機械,,unknown,,,,売上セグメントとテーマを直接対応できず
2002,食品,,unknown,,,,売上セグメントとテーマを直接対応できず
2003,外食,,unknown,,,,売上セグメントとテーマを直接対応できず
2003,食品,,unknown,,,,売上セグメントとテーマを直接対応できず
2036,金,,non_operating_security,,,,事業会社ではないため対象外
2037,金,,non_operating_security,,,,事業会社ではないため対象外
2053,円高メリット,,unknown,,,,売上セグメントとテーマを直接対応できず
2058,食品,,unknown,,,,会社公式サイトURL未取得
205A,住宅関連,,unknown,,,,売上セグメントとテーマを直接対応できず
205A,建設,,unknown,,,,売上セグメントとテーマを直接対応できず
205A,建設DX,,unknown,,,,売上セグメントとテーマを直接対応できず
2060,円高メリット,,unknown,,,,売上セグメントとテーマを直接対応できず
206A,バイオテクノロジー関連,,unknown,,,,売上セグメントとテーマを直接対応できず
206A,創薬,,unknown,,,,売上セグメントとテーマを直接対応できず
206A,医薬品関連,,unknown,,,,売上セグメントとテーマを直接対応できず
208A,IT関連,,unknown,,,,売上セグメントとテーマを直接対応できず
208A,クラウドコンピューティング,,unknown,,,,売上セグメントとテーマを直接対応できず
208A,サブスクリプション,,unknown,,,,売上セグメントとテーマを直接対応できず
208A,データ分析・解析,,unknown,,,,売上セグメントとテーマを直接対応できず
208A,建設DX,,unknown,,,,売上セグメントとテーマを直接対応できず
208A,耐震化,,unknown,,,,売上セグメントとテーマを直接対応できず
208A,防災,,unknown,,,,売上セグメントとテーマを直接対応できず
208A,風力発電,,unknown,,,,売上セグメントとテーマを直接対応できず
2108,円高メリット,,unknown,,,,売上セグメントとテーマを直接対応できず
2108,食品,,unknown,,,,売上セグメントとテーマを直接対応できず
2109,円高メリット,,unknown,,,,売上セグメントとテーマを直接対応できず
2109,食品,,unknown,,,,売上セグメントとテーマを直接対応できず
2112,食品,,unknown,,,,売上セグメントとテーマを直接対応できず
2114,食品,,unknown,,,,売上セグメントとテーマを直接対応できず
2117,倉庫,,unknown,,,,売上セグメントとテーマを直接対応できず
211A,不動産関連,,unknown,,,,売上セグメントとテーマを直接対応できず
211A,太陽光発電関連,,unknown,,,,売上セグメントとテーマを直接対応できず
211A,建設,,unknown,,,,売上セグメントとテーマを直接対応できず
2120,不動産テック,,unknown,,,,売上セグメントとテーマを直接対応できず
2120,不動産関連,,unknown,,,,売上セグメントとテーマを直接対応できず
2122,サブスクリプション,,unknown,,,,売上セグメントとテーマを直接対応できず
212A,サブスクリプション,,unknown,,,,売上セグメントとテーマを直接対応できず
2130,IT関連,,unknown,,,,売上セグメントとテーマを直接対応できず
2130,人工知能,,unknown,,,,売上セグメントとテーマを直接対応できず
2130,生成AI,,unknown,,,,売上セグメントとテーマを直接対応できず
2134,データセンター,,unknown,,,,売上セグメントとテーマを直接対応できず
2134,不動産ファンド,,unknown,,,,売上セグメントとテーマを直接対応できず
2134,不動産関連,,unknown,,,,売上セグメントとテーマを直接対応できず
2134,再生可能エネルギー,,unknown,,,,売上セグメントとテーマを直接対応できず
2137,介護関連,,unknown,,,,会社公式サイトURL未取得
2138,eコマース,59.13,structured_segment_candidate,external_customer_sales_table,EC事業 | EC事業はSHOPLIST事業,https://crooz.co.jp/wp-content/uploads/2026/06/2026年3月期_有価証券報告書.pdf,"りセグメント区分を変更しており、前連結会計年度については、変更
後のセグメント区分に基づき作成したものを記載しております。報告セグメントの区分変更については、
「（セグメント情報等） セグメント情報 １．報告セグメントの概要」に記載しております。
 
前連結会計年度（自 2024年４月１日 至 2025年３月31日）
（単位：千円）
 
報告セグメント
その他
（注） 合計ITアウトソーシン
グ事業 EC事業 計
一時点で移転される財又はサービス 911,565 6,942,752 7,854,318 1,458,647 9,312,966
一定の期間にわたり移転される財又は
サービス 4,044,262 － 4,044,262 834,420 4,878,682
顧客との契約から生じる収益 4,955,828 6,942,752 11,898,581 2,293,067 14,191,649
その他の収益 － － － － － 外部顧客への売上高 4,955,828 6,942,752 11,898,581 2,293,067 14,191,649
（注）「その他」の区分は報告セグメン || ング事業のうち、主要なSES事業の売上高は2,994,221千円、セグメント利益が164,902千
円、介護福祉人材サービス事業の売上高は384,939千円、セグメント損失が103,904千円となっております。
４．EC事業はSHOPLIST事業とAda.事業で構成されており、2025年２月28日に譲渡済みのSHOPLIST事業の売上高
4,021,981千円が含まれております。Ada.事業のみの売上高は2,920,771千円となります。
５．資産についてのセグメント情報は、経営者が経営の意思決定上当該情報を各セグメントに配分していないこ
とから開示しておりません。
 
 
当連結会計年度（自 2025年４月１日 至 2026年３月31日）
 （単位：千円）
 報告セグメント
その他
（注）１ 合計 調整額 連結財務諸表
計上額 
ITアウト
ソーシング
事業
（注）３
EC事業
（注）４ 計
売上高 外部顧客への売上高 7,713,482 3,740,249 11,453,732 366,784 11,820,516 － 11,820,516
セグメント間の内部売上高
又は振替高 3"
2138,介護関連,,unknown,,,,売上セグメントとテーマを直接対応できず
2139,eコマース,,unknown,,,,売上セグメントとテーマを直接対応できず
2148,IT関連,,unknown,,,,売上セグメントとテーマを直接対応できず
2148,クラウドコンピューティング,,unknown,,,,売上セグメントとテーマを直接対応できず
2148,デジタルトランスフォーメーション,,unknown,,,,売上セグメントとテーマを直接対応できず
2148,データ分析・解析,,unknown,,,,売上セグメントとテーマを直接対応できず
2148,人工知能,,unknown,,,,売上セグメントとテーマを直接対応できず
2153,国土強靱化,,unknown,,,,売上セグメントとテーマを直接対応できず
2153,防災,,unknown,,,,売上セグメントとテーマを直接対応できず
2158,IT関連,,unknown,,,,売上セグメントとテーマを直接対応できず
2158,クラウドコンピューティング,,unknown,,,,売上セグメントとテーマを直接対応できず
2158,データ分析・解析,,unknown,,,,売上セグメントとテーマを直接対応できず
2158,ロボット,,unknown,,,,売上セグメントとテーマを直接対応できず
2158,人工知能,,unknown,,,,売上セグメントとテーマを直接対応できず
2158,創薬,,unknown,,,,売上セグメントとテーマを直接対応できず
2158,生成AI,,unknown,,,,売上セグメントとテーマを直接対応できず
2160,バイオテクノロジー関連,,unknown,,,,売上セグメントとテーマを直接対応できず
2160,創薬,,unknown,,,,売上セグメントとテーマを直接対応できず
2160,医療機器,,unknown,,,,売上セグメントとテーマを直接対応できず
2160,医薬品関連,,unknown,,,,売上セグメントとテーマを直接対応できず
2164,人工知能,,unknown,,,,売上セグメントとテーマを直接対応できず
2164,生成AI,,unknown,,,,売上セグメントとテーマを直接対応できず
2169,FA関連,,unknown,,,,売上セグメントとテーマを直接対応できず
2169,IoT,,unknown,,,,売上セグメントとテーマを直接対応できず
2169,ロボット,,unknown,,,,売上セグメントとテーマを直接対応できず
2170,クラウドコンピューティング,,unknown,,,,売上セグメントとテーマを直接対応できず
2170,サブスクリプション,,unknown,,,,売上セグメントとテーマを直接対応できず
2173,サービスロボット,,unknown,,,,売上セグメントとテーマを直接対応できず
2173,人工知能,,unknown,,,,売上セグメントとテーマを直接対応できず
2175,サブスクリプション,,unknown,,,,売上セグメントとテーマを直接対応できず
2175,介護関連,,unknown,,,,売上セグメントとテーマを直接対応できず
2183,バイオテクノロジー関連,,unknown,,,,売上セグメントとテーマを直接対応できず
2183,認知症薬,,unknown,,,,売上セグメントとテーマを直接対応できず
2186,IT関連,,unknown,,,,売上セグメントとテーマを直接対応できず
2186,IoT,,unknown,,,,売上セグメントとテーマを直接対応できず
2186,人工知能,,unknown,,,,売上セグメントとテーマを直接対応できず
2186,自動運転車,,unknown,,,,売上セグメントとテーマを直接対応できず
218A,IoT,,unknown,,,,売上セグメントとテーマを直接対応できず
218A,デジタルトランスフォーメーション,,unknown,,,,売上セグメントとテーマを直接対応できず
218A,データ分析・解析,,unknown,,,,売上セグメントとテーマを直接対応できず
218A,ドローン,,unknown,,,,売上セグメントとテーマを直接対応できず
218A,ロボット,,unknown,,,,売上セグメントとテーマを直接対応できず
218A,下水道,,unknown,,,,売上セグメントとテーマを直接対応できず
218A,人工知能,,unknown,,,,売上セグメントとテーマを直接対応できず
2193,eコマース,,unknown,,,,売上セグメントとテーマを直接対応できず
2193,宅配,,unknown,,,,売上セグメントとテーマを直接対応できず
2195,脱炭素,,unknown,,,,売上セグメントとテーマを直接対応できず
2198,介護関連,3.00,structured_segment_candidate,explicit_segment_percent,介護事業,https://www.ikk-grp.jp/ir/irnews/IRNews-202606110-4/main/0/link/Integrated%20Report2026.pdf,".0 △19.3 △8.6 9.0 9.4 12.2 8.7 加重平均資本コ ス ト （WACC） （%） 2.83 3.17 3.20 2.75 3.08 3.06 3.67 6.91 4.63 4.50 株価収益率（倍） ※4 13.2 19.5 15.5 15.5 - - 13.3 14.1 12.4 11.2 設備投資額 397 2,530 848 1,490 977 150 800 1,939 730 765 減価償却費 1,118 1,047 1,179 1,129 1,211 1,111 1,011 1,094 1,159 1,125 有利子負債額 3,671 4,804 3,744 3,775 6,227 5,314 4,802 4,397 3,596 2,396 44 Chapter 1 私たちが 大 切 に して い ること Chapter 2 会 長・社 長 に よ る コ ミ ット メ ン ト Chapter 3 中長期拡大の 確かな裏 付け Chapter 4 価値創造の全体像 Chapter 5 持続可能性の担保 Chapter 6 データ sp_セキュリテ"
2198,食品,2.00,structured_segment_candidate,explicit_segment_percent,食品事業,https://www.ikk-grp.jp/ir/irnews/IRNews-202606110-4/main/0/link/Integrated%20Report2026.pdf,".0 △19.3 △8.6 9.0 9.4 12.2 8.7 加重平均資本コ ス ト （WACC） （%） 2.83 3.17 3.20 2.75 3.08 3.06 3.67 6.91 4.63 4.50 株価収益率（倍） ※4 13.2 19.5 15.5 15.5 - - 13.3 14.1 12.4 11.2 設備投資額 397 2,530 848 1,490 977 150 800 1,939 730 765 減価償却費 1,118 1,047 1,179 1,129 1,211 1,111 1,011 1,094 1,159 1,125 有利子負債額 3,671 4,804 3,744 3,775 6,227 5,314 4,802 4,397 3,596 2,396 44 Chapter 1 私たちが 大 切 に して い ること Chapter 2 会 長・社 長 に よ る コ ミ ット メ ン ト Chapter 3 中長期拡大の 確かな裏 付け Chapter 4 価値創造の全体像 Chapter 5 持続可能性の担保 Chapter 6 データ sp_セキュリテ"
219A,再生医療,,unknown,,,,売上セグメントとテーマを直接対応できず
219A,創薬,,unknown,,,,売上セグメントとテーマを直接対応できず
2206,食品,,unknown,,,,売上セグメントとテーマを直接対応できず
2207,食品,83.70,structured_segment_candidate,external_customer_sales_table,食品事業,https://www.meito-abc.co.jp/content/wp-content/uploads/ir/6868/20270810_release.pdf,"977 993
その他の包括利益
その他有価証券評価差額金 276 2,714
退職給付に係る調整額 △141 △36
その他の包括利益合計 134 2,677
四半期包括利益 1,112 3,671
（内訳）
親会社株主に係る四半期包括利益 1,112 3,671
株式会社meito(2207) 2027年３月期 第１四半期決算短信
― 8 ―
（３）四半期連結財務諸表に関する注記事項
（継続企業の前提に関する注記）
該当事項はありません。
（株主資本の金額に著しい変動があった場合の注記）
該当事項はありません。
（セグメント情報等の注記）
Ⅰ 前第１四半期連結累計期間(自 2025年４月１日 至 2025年６月30日)
１. 報告セグメントごとの売上高及び利益又は損失の金額に関する情報
（単位：百万円）
報告セグメント 調整額
（注１）
四半期連結
損益計算書
計上額
（注２）食品事業 化成品事業 不動産事業 計
売上高 外部顧客への売上高 5,201 947 65 6,214 － 6,214
セグメント間の内部
売上高又は振替高 － － － － － －
計 5,201 947 6"
2208,再生医療,,unknown,,,,売上セグメントとテーマを直接対応できず
2209,食品,,unknown,,,,売上セグメントとテーマを直接対応できず
220A,SaaS,,unknown,,,,売上セグメントとテーマを直接対応できず
220A,デジタルトランスフォーメーション,,unknown,,,,売上セグメントとテーマを直接対応できず
2211,外食,,unknown,,,,売上セグメントとテーマを直接対応できず
2211,食品,,unknown,,,,売上セグメントとテーマを直接対応できず
2212,外食,,unknown,,,,売上セグメントとテーマを直接対応できず
2212,食品,,unknown,,,,売上セグメントとテーマを直接対応できず
2215,食品,99.46,structured_segment_candidate,external_customer_sales_table,食品事業,https://www.daiichipan.co.jp/wp-content/uploads/2026/05/2026shihanki2.pdf,"26年12月期 第２四半期（中間期）決算短信
9
（４）中間連結財務諸表に関する注記事項
（継続企業の前提に関する注記）
該当事項はありません。
（株主資本の金額に著しい変動があった場合の注記）
該当事項はありません。
（セグメント情報等）
【セグメント情報】
Ⅰ 前中間連結会計期間(自 2025年１月１日 至 2025年６月30日)
報告セグメントごとの売上高及び利益又は損失の金額に関する情報並びに収益の分解情報
(単位：百万円)
報告セグメント
調整額
(注１)
中間連結
損益計算書
計上額
(注２)食品事業 不動産事業 計
売上高
パン部門 10,538 ― 10,538 ― 10,538
和洋菓子部門 2,170 ― 2,170 ― 2,170
その他 1,223 ― 1,223 ― 1,223
顧客との契約から生じる収益 13,932 ― 13,932 ― 13,932
その他の収益（注３） ― 75 75 ― 75 外部顧客への売上高 13,932 75 14,008 ― 14,008
セグメント間の内部売上高又は
振替高 ― ― ― ― ―
計 13,932 75 14,"
2216,食品,,unknown,,,,売上セグメントとテーマを直接対応できず
2220,防災,,unknown,,,,売上セグメントとテーマを直接対応できず
2220,食品,,unknown,,,,売上セグメントとテーマを直接対応できず
2222,インバウンド,,unknown,,,,売上セグメントとテーマを直接対応できず
2222,旅行,,unknown,,,,売上セグメントとテーマを直接対応できず
2222,食品,,unknown,,,,売上セグメントとテーマを直接対応できず
2226,食品,,unknown,,,,売上セグメントとテーマを直接対応できず
2229,食品,,unknown,,,,売上セグメントとテーマを直接対応できず
2264,介護関連,,unknown,,,,売上セグメントとテーマを直接対応できず
2264,宅配,,unknown,,,,売上セグメントとテーマを直接対応できず
2264,食品,,unknown,,,,売上セグメントとテーマを直接対応できず
2267,食品,,unknown,,,,売上セグメントとテーマを直接対応できず
2269,介護関連,,unknown,,,,売上セグメントとテーマを直接対応できず
2269,宅配,,unknown,,,,売上セグメントとテーマを直接対応できず
2269,食品,,unknown,,,,売上セグメントとテーマを直接対応できず
2270,食品,,unknown,,,,売上セグメントとテーマを直接対応できず
2282,食品,,unknown,,,,売上セグメントとテーマを直接対応できず
228A,IT関連,,unknown,,,,売上セグメントとテーマを直接対応できず
228A,クラウドコンピューティング,,unknown,,,,売上セグメントとテーマを直接対応できず
228A,サブスクリプション,,unknown,,,,売上セグメントとテーマを直接対応できず
228A,デジタルトランスフォーメーション,,unknown,,,,売上セグメントとテーマを直接対応できず
228A,データ分析・解析,,unknown,,,,売上セグメントとテーマを直接対応できず
228A,電子政府,,unknown,,,,売上セグメントとテーマを直接対応できず
2292,食品,,unknown,,,,売上セグメントとテーマを直接対応できず
2294,外食,,unknown,,,,売上セグメントとテーマを直接対応できず
2296,食品,36.94,structured_segment_candidate,external_customer_sales_table,は振替高の加工食品事業 | 一部費用の加工食品事業,https://www.itoham-yonekyu-holdings.com/Portals/0\images\ir\pdf\earnings report\202703_1Q_earnings_JP.pdf,"698 204,965 311,664 389 312,053 △30,989 281,064
セグメント利益 1,332 8,489 9,822 19 9,841 △687 9,154
(注) １．「その他」の区分は、報告セグメントに含まれない事業セグメントであり、人事給与関連業務サービス
等です。
２．セグメント利益の調整額の主な内容は、のれんの償却額△347百万円等です。
３．セグメント利益は、四半期連結損益計算書の経常利益と調整を行っています。
伊藤ハム米久ホールディングス株式会社(2296) 2027年３月期 第１四半期決算短信
-10-
２．報告セグメントの変更等に関する事項
（報告セグメントの変更）
当第１四半期連結会計期間より、セグメントを跨ぐ組織変更に伴い、費用及びセグメント間の内部売上高又
は振替高の加工食品事業、食肉事業、その他、調整額での配分見直しを行っています。また、外部顧客の当社
管轄部署移管により、 外部顧客への売上高 の加工食品事業、食肉事業間のセグメント移管を行っています。
なお、前第１四半期連結累計期間のセグメント情報については、変更後の区分方法によ || 事項
当連結会計年度より経費の負担部門変更に伴い、一部費用の加工食品事業、食肉事業間での配分の見直しを
行っています。なお、前連結会計年度のセグメント情報については、変更後の区分方法により作成したものを
記載しています。
２．報告セグメントごとの売上高、利益又は損失、資産、その他の項目の金額の算定方法
報告されている事業セグメントの会計処理方法は、連結財務諸表作成において採用している会計処理方法と概ね
同一です。報告セグメントの利益は、経常利益ベースの数値です。セグメント間の内部売上高又は振替高は、市場
実勢価格等に基づいています。
３．報告セグメントごとの売上高、利益又は損失、資産、その他の項目の金額に関する情報
前連結会計年度（自 2024年４月１日 至 2025年３月31日）
(単位：百万円)
報告セグメント
その他
(注)１ 合計 調整額
(注)２
連結
財務諸表
計上額
(注)３
加工食品
事業 食肉事業 計
売上高 外部顧客への売上高 400,872 587,883 988,756 15 988,771 － 988,771
セグメント間の内部
売上高又は振替高 36,188"
2303,IT関連,,unknown,,,,売上セグメントとテーマを直接対応できず
2303,クラウドコンピューティング,,unknown,,,,売上セグメントとテーマを直接対応できず
2303,ドローン,,unknown,,,,売上セグメントとテーマを直接対応できず
2303,自動運転車,,unknown,,,,売上セグメントとテーマを直接対応できず
2303,防災,,unknown,,,,売上セグメントとテーマを直接対応できず
2304,ホテル,,unknown,,,,売上セグメントとテーマを直接対応できず
2304,外食,,unknown,,,,売上セグメントとテーマを直接対応できず
2307,IT関連,,unknown,,,,売上セグメントとテーマを直接対応できず
2307,キャッシュレス決済,,unknown,,,,売上セグメントとテーマを直接対応できず
2307,クラウドコンピューティング,,unknown,,,,売上セグメントとテーマを直接対応できず
2307,デジタルトランスフォーメーション,,unknown,,,,売上セグメントとテーマを直接対応できず
2307,フィンテック,,unknown,,,,売上セグメントとテーマを直接対応できず
2307,マイナンバー,,unknown,,,,売上セグメントとテーマを直接対応できず
2307,電子政府,,unknown,,,,売上セグメントとテーマを直接対応できず
2311,下水道,,unknown,,,,売上セグメントとテーマを直接対応できず
2311,住宅関連,,unknown,,,,売上セグメントとテーマを直接対応できず
2311,太陽光発電関連,,unknown,,,,売上セグメントとテーマを直接対応できず
2311,蓄電池,,unknown,,,,売上セグメントとテーマを直接対応できず
2315,IT関連,,unknown,,,,売上セグメントとテーマを直接対応できず
2315,データ分析・解析,,unknown,,,,売上セグメントとテーマを直接対応できず
2315,フィンテック,,unknown,,,,売上セグメントとテーマを直接対応できず
2315,人工知能,,unknown,,,,売上セグメントとテーマを直接対応できず
2317,IT関連,,unknown,,,,売上セグメントとテーマを直接対応できず
2317,IoT,,unknown,,,,売上セグメントとテーマを直接対応できず
2317,クラウドコンピューティング,,unknown,,,,売上セグメントとテーマを直接対応できず
2317,マイナンバー,,unknown,,,,売上セグメントとテーマを直接対応できず
2317,人工知能,,unknown,,,,売上セグメントとテーマを直接対応できず
2317,自動運転車,,unknown,,,,売上セグメントとテーマを直接対応できず
231A,マンション関連,,unknown,,,,会社公式サイトURL未取得
231A,下水道,,unknown,,,,会社公式サイトURL未取得
231A,住宅関連,,unknown,,,,会社公式サイトURL未取得
231A,建設,,unknown,,,,会社公式サイトURL未取得
2321,IT関連,,unknown,,,,売上セグメントとテーマを直接対応できず
2321,クラウドコンピューティング,,unknown,,,,売上セグメントとテーマを直接対応できず
2321,サービスロボット,,unknown,,,,売上セグメントとテーマを直接対応できず
2321,データセンター,,unknown,,,,売上セグメントとテーマを直接対応できず
2321,人工知能,,unknown,,,,売上セグメントとテーマを直接対応できず
2321,生成AI,,unknown,,,,売上セグメントとテーマを直接対応できず
2323,IT関連,,unknown,,,,売上セグメントとテーマを直接対応できず
2323,SaaS,43.71,structured_segment_candidate,external_customer_sales_table,プリ開発SaaS事業,https://www.fonfun.co.jp/wp-content/uploads/2025/11/20251113001.pdf,"子会社化し、2024年９月30日付で両社を吸収合併しております。当該
事象によるのれんの増加額は、前中間会計期間において414百万円であります。
「DXソリューション事業」セグメントにおいて、2024年４月１日付で株式会社ゼロワンよりノーコード業務ア
プリ開発SaaS事業を譲受、2024年８月１日付でグルーコードコミュニケーションズ株式会社を完全子会社化し、
2024年９月30日付で同社を吸収合併しております。当該事象によるのれんの増加額は、前中間会計期間において
563百万円であります。
株式会社ｆｏｎｆｕｎ(2323) 2026年３月期 第２四半期（中間期）決算短信
- 10 -
Ⅱ 当中間会計期間(自 2025年４月１日 至 2025年９月30日)
１．報告セグメントごとの売上高及び利益又は損失の金額に関する情報
(単位：千円)
報告セグメント
調整額 合計クラウドソリューション
事業 DXソリューション事業 計
売上高 外部顧客への売上高 484,135 375,891 860,027 ― 860,027
セグメント間の内部売上高
又は振替高 ― ― ― ― ―
計 484,1"
2323,クラウドコンピューティング,45.31,structured_segment_candidate,external_customer_sales_table,合計クラウドソリューション事業,https://www.fonfun.co.jp/wp-content/uploads/2026/06/20260625001.pdf,"ロ 当該資産除去債務の金額の算定方法
 使用見込み期間を取得から15年と見積もり、割引率は1.0%を使用して資産除去債務の金額を算定して
おります。
ハ 当該資産除去債務の総額の増減
 
当連結会計年度
（自 2025年４月１日
至 2026年３月31日）
期首残高 －千円
連結子会社の取得による増加額 23,547
期末残高 23,547
 
（収益認識関係）
１．顧客との契約から生じる収益を分解した情報
当連結会計年度（自 2025年４月１日 至 2026年３月31日）
(単位：千円）
 報告セグメント 合計クラウドソリューション事業 DXソリューション事業
一時点で移転される
財又はサービス 296,973 49,827 346,800
一定の期間にわたり移転される
財又はサービス 659,521 1,104,881 1,764,403
顧客との契約から生じる収益 956,495 1,154,709 2,111,204 外部顧客への売上高 956,495 1,154,709 2,111,204
 
２．顧客との契約から生じる収益を理解するための基礎となる情報
(1) クラウドソリ"
2323,サイバーセキュリティ,,unknown,,,,売上セグメントとテーマを直接対応できず
2323,デジタルトランスフォーメーション,60.52,structured_segment_candidate,external_customer_sales_table,DXソリューション事業,https://www.fonfun.co.jp/wp-content/uploads/2025/08/2025081301.pdf,"90 △36,240 40,849
(注) セグメント利益の調整額△36,240千円は、各報告セグメントに配分していない全社費用であります。全社費用
は、主に報告セグメントに帰属しない一般管理費であります。
株式会社ｆｏｎｆｕｎ(2323) 2026年３月期 第１四半期決算短信
8
２．報告セグメントごとの固定資産の減損損失又はのれん等に関する情報
(のれんの金額の重要な変動）
「DXソリューション事業」において、株式会社ゼロワンからの事業譲受により、のれんの金額が増加しておりま
す。当該事象によるのれんの増加額は、当第１四半期累計期間に置いて41,000千円であります。
Ⅱ 当第１四半期累計期間(自 2025年４月１日 至 2025年６月30日)
１．報告セグメントごとの売上高及び利益又は損失の金額に関する情報
(単位：千円)
報告セグメント
調整額 合計クラウド
ソリューション
事業
DX
ソリューション
事業
計
売上高 外部顧客への売上高 260,167 169,703 429,871 ― 429,871
セグメント間の内部売上高
又は振替高 ― ― ― ― ―
計 260,1"
2325,ドローン,,unknown,,,,売上セグメントとテーマを直接対応できず
2325,下水道,,unknown,,,,売上セグメントとテーマを直接対応できず
2325,水道関連,,unknown,,,,売上セグメントとテーマを直接対応できず
2325,耐震化,,unknown,,,,売上セグメントとテーマを直接対応できず
2325,防災,,unknown,,,,売上セグメントとテーマを直接対応できず
2326,IT関連,,unknown,,,,売上セグメントとテーマを直接対応できず
2326,SaaS,,unknown,,,,売上セグメントとテーマを直接対応できず
2326,サイバーセキュリティ,,unknown,,,,売上セグメントとテーマを直接対応できず
2326,サブスクリプション,,unknown,,,,売上セグメントとテーマを直接対応できず
2326,マイナンバー,,unknown,,,,売上セグメントとテーマを直接対応できず
2327,IT関連,,unknown,,,,売上セグメントとテーマを直接対応できず
2327,IoT,,unknown,,,,売上セグメントとテーマを直接対応できず
2327,SaaS,,unknown,,,,売上セグメントとテーマを直接対応できず
2327,クラウドコンピューティング,,unknown,,,,売上セグメントとテーマを直接対応できず
2327,サイバーセキュリティ,,unknown,,,,売上セグメントとテーマを直接対応できず
2327,デジタルトランスフォーメーション,,unknown,,,,売上セグメントとテーマを直接対応できず
2327,データセンター,,unknown,,,,売上セグメントとテーマを直接対応できず
2327,ドローン,,unknown,,,,売上セグメントとテーマを直接対応できず
2327,人工知能,,unknown,,,,売上セグメントとテーマを直接対応できず
2327,電子政府,,unknown,,,,売上セグメントとテーマを直接対応できず
2330,ゲーム関連,,unknown,,,,売上セグメントとテーマを直接対応できず
2330,人工知能,,unknown,,,,売上セグメントとテーマを直接対応できず
2330,物流,,unknown,,,,売上セグメントとテーマを直接対応できず
2330,生成AI,,unknown,,,,売上セグメントとテーマを直接対応できず
2330,陸運,,unknown,,,,売上セグメントとテーマを直接対応できず
2331,サブスクリプション,,unknown,,,,売上セグメントとテーマを直接対応できず
2331,サービスロボット,,unknown,,,,売上セグメントとテーマを直接対応できず
2331,ドローン,,unknown,,,,売上セグメントとテーマを直接対応できず
2331,マイナンバー,,unknown,,,,売上セグメントとテーマを直接対応できず
2331,マンション関連,,unknown,,,,売上セグメントとテーマを直接対応できず
2331,ロボット,,unknown,,,,売上セグメントとテーマを直接対応できず
2331,介護関連,,unknown,,,,売上セグメントとテーマを直接対応できず
2331,防災,,unknown,,,,売上セグメントとテーマを直接対応できず
2332,IT関連,,unknown,,,,売上セグメントとテーマを直接対応できず
2334,ゲーム関連,,unknown,,,,売上セグメントとテーマを直接対応できず
2334,データセンター,,unknown,,,,売上セグメントとテーマを直接対応できず
2334,人工知能,,unknown,,,,売上セグメントとテーマを直接対応できず
2335,IT関連,,unknown,,,,売上セグメントとテーマを直接対応できず
2335,デジタルトランスフォーメーション,,unknown,,,,売上セグメントとテーマを直接対応できず
2335,フィンテック,,unknown,,,,売上セグメントとテーマを直接対応できず
2335,人工知能,,unknown,,,,売上セグメントとテーマを直接対応できず
2337,不動産ファンド,,unknown,,,,売上セグメントとテーマを直接対応できず
2337,不動産関連,,unknown,,,,売上セグメントとテーマを直接対応できず
2337,太陽光発電関連,,unknown,,,,売上セグメントとテーマを直接対応できず
2337,風力発電,,unknown,,,,売上セグメントとテーマを直接対応できず
2338,エッジコンピューティング,,unknown,,,,売上セグメントとテーマを直接対応できず
2338,ゲーム関連,,unknown,,,,売上セグメントとテーマを直接対応できず
2338,データセンター,,unknown,,,,売上セグメントとテーマを直接対応できず
2338,人工知能,,unknown,,,,売上セグメントとテーマを直接対応できず
2341,サブスクリプション,,unknown,,,,売上セグメントとテーマを直接対応できず
2342,eコマース,,unknown,,,,売上セグメントとテーマを直接対応できず
2342,バイオテクノロジー関連,,unknown,,,,売上セグメントとテーマを直接対応できず
2345,AIエージェント,,unknown,,,,売上セグメントとテーマを直接対応できず
2349,IT関連,,unknown,,,,売上セグメントとテーマを直接対応できず
2349,IoT,,unknown,,,,売上セグメントとテーマを直接対応できず
2349,クラウドコンピューティング,,unknown,,,,売上セグメントとテーマを直接対応できず
2349,人工知能,,unknown,,,,売上セグメントとテーマを直接対応できず
2351,IT関連,,unknown,,,,売上セグメントとテーマを直接対応できず
2351,eコマース,,unknown,,,,売上セグメントとテーマを直接対応できず
2351,クラウドコンピューティング,,unknown,,,,売上セグメントとテーマを直接対応できず
2351,サブスクリプション,,unknown,,,,売上セグメントとテーマを直接対応できず
2351,フィンテック,,unknown,,,,売上セグメントとテーマを直接対応できず
2353,インバウンド,,unknown,,,,売上セグメントとテーマを直接対応できず
2353,不動産関連,7.00,structured_segment_candidate,external_customer_sales_table,ヘルスケア事業及び不動産事業,https://n-p-d.co.jp/release/201907_tanshin.pdf,"（注）１．「その他」の区分は、報告セグメントに含まれない事業セグメントであり、教育事業、
ヘルスケア事業及び不動産事業等を含んでおります。 
２．セグメント利益の調整額△584,842 千円は、各報告セグメントに配分していない全社費 
用等であります。全社費用は、主に財務経理等の管理部門に係る費用及び各報告セグメン
ト共通の費用であります。 
３．セグメント資産の調整額は13,569,952 千円であり、各報告セグメントに配分していな
い全社資産によるものであります。 
４．セグメント利益は、連結損益計算書の営業利益と調整を行っております。 
日本駐車場開発㈱ (2353) 2019年７月期 決算短信
22
 
 
 
 
 
当連結会計年度（自 2018 年８月１日 至 2019 年７月31 日） 
（単位：千円） 
 
報告セグメント 
駐車場事業 スキー場事業 テーマパーク 
事業 計 
売上高 外部顧客への売上高 13,877,735 6,599,588 3,337,609 23,814,933 
セグメント間の内部
売上高又は振替高 18,648 29,016 5,236 5"
2353,再生可能エネルギー,,unknown,,,,売上セグメントとテーマを直接対応できず
2354,FA関連,,unknown,,,,売上セグメントとテーマを直接対応できず
2354,IT関連,,unknown,,,,売上セグメントとテーマを直接対応できず
2354,IoT,,unknown,,,,売上セグメントとテーマを直接対応できず
2354,クラウドコンピューティング,,unknown,,,,売上セグメントとテーマを直接対応できず
2354,サイバーセキュリティ,,unknown,,,,売上セグメントとテーマを直接対応できず
2354,デジタルトランスフォーメーション,,unknown,,,,売上セグメントとテーマを直接対応できず
2354,人工知能,,unknown,,,,売上セグメントとテーマを直接対応できず
2354,教育ICT,,unknown,,,,売上セグメントとテーマを直接対応できず
2359,IT関連,,unknown,,,,売上セグメントとテーマを直接対応できず
2359,IoT,,unknown,,,,売上セグメントとテーマを直接対応できず
2359,エッジコンピューティング,,unknown,,,,売上セグメントとテーマを直接対応できず
2359,クラウドコンピューティング,,unknown,,,,売上セグメントとテーマを直接対応できず
2359,マイナンバー,,unknown,,,,売上セグメントとテーマを直接対応できず
2359,宇宙開発関連,,unknown,,,,売上セグメントとテーマを直接対応できず
2359,自動運転車,,unknown,,,,売上セグメントとテーマを直接対応できず
2370,バイオテクノロジー関連,,unknown,,,,売上セグメントとテーマを直接対応できず
2370,再生医療,,unknown,,,,売上セグメントとテーマを直接対応できず
2371,サブスクリプション,,unknown,,,,売上セグメントとテーマを直接対応できず
2371,保険,,unknown,,,,売上セグメントとテーマを直接対応できず
2371,外食,,unknown,,,,売上セグメントとテーマを直接対応できず
2371,旅行,,unknown,,,,売上セグメントとテーマを直接対応できず
2371,生活防衛,,unknown,,,,売上セグメントとテーマを直接対応できず
2373,介護関連,,unknown,,,,売上セグメントとテーマを直接対応できず
2375,IT関連,,unknown,,,,売上セグメントとテーマを直接対応できず
2375,人工知能,,unknown,,,,売上セグメントとテーマを直接対応できず
2375,生成AI,,unknown,,,,売上セグメントとテーマを直接対応できず
2376,eコマース,,unknown,,,,売上セグメントとテーマを直接対応できず
2376,キャッシュレス決済,,unknown,,,,売上セグメントとテーマを直接対応できず
2376,デジタルトランスフォーメーション,,unknown,,,,売上セグメントとテーマを直接対応できず
2376,人工知能,,unknown,,,,売上セグメントとテーマを直接対応できず
2376,旅行,,unknown,,,,売上セグメントとテーマを直接対応できず
2376,生成AI,,unknown,,,,売上セグメントとテーマを直接対応できず
2378,介護関連,,unknown,,,,売上セグメントとテーマを直接対応できず
2379,人工知能,,unknown,,,,売上セグメントとテーマを直接対応できず
2384,不動産関連,,unknown,,,,売上セグメントとテーマを直接対応できず
2384,物流,,unknown,,,,売上セグメントとテーマを直接対応できず
2384,陸運,,unknown,,,,売上セグメントとテーマを直接対応できず
2385,バイオテクノロジー関連,,unknown,,,,売上セグメントとテーマを直接対応できず
2388,ゲーム関連,,unknown,,,,売上セグメントとテーマを直接対応できず
2388,リース,,unknown,,,,売上セグメントとテーマを直接対応できず
2391,IT関連,,unknown,,,,売上セグメントとテーマを直接対応できず
2391,インバウンド,,unknown,,,,売上セグメントとテーマを直接対応できず
2391,データベース,,unknown,,,,売上セグメントとテーマを直接対応できず
2393,介護関連,,unknown,,,,売上セグメントとテーマを直接対応できず
2395,バイオテクノロジー関連,,unknown,,,,売上セグメントとテーマを直接対応できず
2395,ホテル,,unknown,,,,売上セグメントとテーマを直接対応できず
2395,再生医療,,unknown,,,,売上セグメントとテーマを直接対応できず
2395,創薬,,unknown,,,,売上セグメントとテーマを直接対応できず
2395,医薬品関連,,unknown,,,,売上セグメントとテーマを直接対応できず
2395,水素,,unknown,,,,売上セグメントとテーマを直接対応できず
2404,外食,0.00,structured_segment_candidate,external_customer_sales_table,飲食事業,https://www.tetsujin.ne.jp/topics/news/pdf2026/20260715a.pdf,"携帯電話業界を中心に人材派遣及びイベン
ト・キャンペーン支援事業を主体とした人材派遣・イベント・キャンペーン支援事業、着メロ等の配信を行うメ
ディア・コンテンツ企画事業を事業ドメインとして運営しております。
前第３四半期連結累計期間(自 2024年９月１日 至 2025年５月31日)
(単位：千円)
報告セグメント 契約区分 売上高 構成比
カラオケルーム運営事業 店舗販売 2,942,660 48.4%
ＥＣ 205,140 3.4%
飲食事業 店舗販売 1,389,516 22.9%
卸売 36,637 0.6%
ＦＣ 64,878 1.1%
美容事業 施術サービス 1,281,644 21.1%
物販 82,762 1.4%
卸売 3,842 0.1%
メディア・コンテンツ企画事業 44,380 0.7%
その他 26,076 0.4%
顧客との契約から生じる収益 6,077,535 100.0%
その他の収益 － －% 外部顧客への売上高 6,077,535 100.0%
(注)「その他」の区分は、報告セグメントに含まれない事業セグメントであり、「レンタルスペース事業」等を
含"
2408,住宅関連,,unknown,,,,売上セグメントとテーマを直接対応できず
2411,不動産関連,,unknown,,,,売上セグメントとテーマを直接対応できず
2413,IT関連,18.70,structured_segment_candidate,explicit_segment_percent,医用臨床支援システム事業,https://corporate.m3.com/assets.ctfassets.net/1pwj74siywcy/240LHxrVRqSGaXsxDMaShF/76e68b0b5adef1b6d6c0f23fa589758d/20260625_FY25Q4_yuho_J.pdf,"100.0% 役員の兼任 １名
その他連結子会社123社
- 9 -
2026/06/25 16:41:23／25307546_エムスリー株式会社_有価証券報告書（通常方式）
名称 住所
資本金
又は
出資金
主要な事業の内容
（注２）
議決権の
所有
(被所有)
割合
（注１）
関係内容
Medlive Technology Co., 
Ltd.
英領ケイマン
諸島
7,328
米ドル
（海外）
中国におけるインターネットを利用した製
薬会社等の営業・マーケティング支援事業
36.2% 役員の兼任 １名
PSP株式会社（注６） 東京都港区 1,100百万円
（メディカルプラットフォーム）
医用臨床支援システム事業 18.7% データ事業の委託
HYUGA PRIMARY CARE株式会社
（注３） 福岡県春日市 200百万円
（その他エマージング事業群）
在宅訪問薬局事業 28.6%
(18.8%) 該当なし
クラシコ株式会社（注３） 東京都港区 1,042百万円
（ペイシェントソリューション）
メディカルアパレル事業 28.1%
(28.1%) 該当なし
その他持分法適用関連会社
"
2413,人工知能,,unknown,,,,売上セグメントとテーマを直接対応できず
2413,介護関連,,unknown,,,,売上セグメントとテーマを直接対応できず
2413,遠隔医療,,unknown,,,,売上セグメントとテーマを直接対応できず
2415,介護関連,,unknown,,,,売上セグメントとテーマを直接対応できず
2418,インバウンド,,unknown,,,,売上セグメントとテーマを直接対応できず
2418,ホテル,43.42,structured_segment_candidate,external_customer_sales_table,ホテル事業,https://www.tsukada-global.holdings/assets/attachmentfile/attachmentfile-file-1290.pdf,"期間を含む連結会計年度の税引前当期純利益に対する税効果会計適用
後の実効税率を合理的に見積り、税引前中間純利益に当該見積実効税率を乗じて計算しております。ただし、
見積実効税率を使用できない場合には、法定実効税率を使用しております。
株式会社ツカダ・グローバルホールディング(2418) 2026年12月期 第２四半期（中間期）決算短信
-13-
（セグメント情報等の注記）
【セグメント情報】
Ⅰ 前中間連結会計期間(自 2025年１月１日 至 2025年６月30日)
１．報告セグメントごとの売上高及び利益又は損失の金額に関する情報並びに収益の分解情報
(単位：百万円)
報告セグメント 調整額
(注)１
中間連結
損益計算書
計上額
(注)２婚礼事業 ホテル事業 Ｗ＆Ｒ事業 計
売上高
顧客との契約から生じる
収益 18,200 14,032 1,433 33,666 － 33,666
その他の収益 82 － － 82 － 82 外部顧客への売上高 18,282 14,032 1,433 33,748 － 33,748
セグメント間の
内部売上高又は振替高 1,019 424 3 1,4"
241A,サブスクリプション,,unknown,,,,売上セグメントとテーマを直接対応できず
241A,データベース,,unknown,,,,売上セグメントとテーマを直接対応できず
241A,人工知能,,unknown,,,,売上セグメントとテーマを直接対応できず
2425,介護関連,,unknown,,,,売上セグメントとテーマを直接対応できず
2428,IT関連,,unknown,,,,売上セグメントとテーマを直接対応できず
2428,MaaS,,unknown,,,,売上セグメントとテーマを直接対応できず
2428,eコマース,,unknown,,,,売上セグメントとテーマを直接対応できず
2428,キャッシュレス決済,,unknown,,,,売上セグメントとテーマを直接対応できず
2428,フィンテック,,unknown,,,,売上セグメントとテーマを直接対応できず
2429,不動産関連,,unknown,,,,売上セグメントとテーマを直接対応できず
2432,IT関連,,unknown,,,,売上セグメントとテーマを直接対応できず
2432,MaaS,,unknown,,,,売上セグメントとテーマを直接対応できず
2432,eコマース,,unknown,,,,売上セグメントとテーマを直接対応できず
2432,フィンテック,,unknown,,,,売上セグメントとテーマを直接対応できず
2432,人工知能,,unknown,,,,売上セグメントとテーマを直接対応できず
2432,自動運転車,,unknown,,,,売上セグメントとテーマを直接対応できず
2432,電気自動車関連,,unknown,,,,売上セグメントとテーマを直接対応できず
2433,クラウドコンピューティング,,unknown,,,,売上セグメントとテーマを直接対応できず
2435,介護関連,,unknown,,,,売上セグメントとテーマを直接対応できず
2436,SaaS,,unknown,,,,売上セグメントとテーマを直接対応できず
2436,デジタルトランスフォーメーション,,unknown,,,,売上セグメントとテーマを直接対応できず
2436,データ分析・解析,,unknown,,,,売上セグメントとテーマを直接対応できず
2436,人工知能,,unknown,,,,売上セグメントとテーマを直接対応できず
2437,再生可能エネルギー,,unknown,,,,売上セグメントとテーマを直接対応できず
2437,太陽光発電関連,,unknown,,,,売上セグメントとテーマを直接対応できず
2438,フィンテック,,unknown,,,,売上セグメントとテーマを直接対応できず
2440,IT関連,,unknown,,,,売上セグメントとテーマを直接対応できず
2440,インバウンド,,unknown,,,,売上セグメントとテーマを直接対応できず
2440,外食,,unknown,,,,売上セグメントとテーマを直接対応できず
2440,生活防衛,,unknown,,,,売上セグメントとテーマを直接対応できず
