stock_code,segment_name,share_pct,basis,segment_sales,total_sales,source_url,year,evidence
3937,ティング事業,67.85,external_customer_sales_table_v6,2999097.0,4420479.0,https://data.swcms.net/file/ubicom-hd/dam/jcr:6f60d8a8-5431-49f5-b8ba-716d903056a2/140120260204547672.pdf,2026,"に当該見積実効税率を乗じて計算
しております。
株式会社Ubicomホールディングス(3937) 2026年３月期 第３四半期決算短信
11
（セグメント情報等）
【セグメント情報】
Ⅰ 前第３四半期連結累計期間(自 2024年４月１日 至 2024年12月31日)
１．報告セグメントごとの売上高及び利益又は損失の金額に関する情報
(単位：千円)
報告セグメント
合計 調整額
（注１）
四半期連結
損益計算書
計上額
（注２）
テクノロジ
ーコンサル
ティング事業
メディカル
事業 計
売上高
外部顧客への売上高 3,468,221 1,272,981 4,741,203 4,741,203 － 4,741,203
セグメント間の内部
売上高又は振替高 22,773 9,762 32,536 32,536 △32,536 －
計 3,490,995 1,282,744 4,773,739 4,773,739 △32,536 4,741,203
セグメント利益 442,221 831,344 1,273,566 1,273,566 △276,102 997,463
(注) １．セグメント利益の調整額△276,102千円は、主に報告セグメントに帰属していない一般管理費等の全社費用
であります。
２. セグメント利益は、四半期連結損益計算書の営業利益と一致しております。
Ⅱ 当第３四半期連結累計期間(自 2025年４月１日 至 2025年12月31日)
１．報告セグメントごとの売上高及び利益又は損失の金額に関する情報
(単位：千円)
報告セグメント
合計 調整額
（注１）
四半期連結
損益計算書
計上額
（注２）
テクノロジ
ーコンサル
ティング事業
メディカル
事業 計
売上高
 外部顧客への売上高 2,999,097 1,421,381 4,420,479 4,420,479 － 4,420,479
セグメント間の内部
売上高又は振替高 52,702 4,331 57,033 57,033 △57,033 －
計 3,051,799 1,425,713 4,477,512 4,477,512 △57,033 4,420,479
セグメント利益 290,218 898,392 1,188,610 1,188,610 △196,583 992,027
(注) １．セグメント利益の調整額△196,583千円は、主に報告セグメントに帰属していない一般管理費等の全社費用
であります。
２. セグメント利益は、四半期連結損益計算書の営業利益と一致しております。
（キャッシュ・フロー計算書に関する注記）
当第３四半期連結累計期間に係る四半期連結キャッシュ・フロー計算書は作成しておりません。なお、第３四
半期連結累計期間に係る減価償却費(無形固定資産に係る償却費を含む。)は、次のとおりであります。
前第３四半期連結累計期間
(自 2024年４月１日
至 2024年12月31日)
当第３四半期連結累計期間
(自 2025年４月１日
至 2025年12月31日)
減価償却費 147,943千円 132,787千円
株式会社Ubicomホールディングス(3937) 2026年３月期 第３四半期決算短信
12
（企業結合に関する注記）
共通支配下の取引等
子会社株式の追加取得
１．取引の概要
当"
3937,事業,32.15,external_customer_sales_table_v6,1421381.0,4420479.0,https://data.swcms.net/file/ubicom-hd/dam/jcr:6f60d8a8-5431-49f5-b8ba-716d903056a2/140120260204547672.pdf,2026,"に当該見積実効税率を乗じて計算
しております。
株式会社Ubicomホールディングス(3937) 2026年３月期 第３四半期決算短信
11
（セグメント情報等）
【セグメント情報】
Ⅰ 前第３四半期連結累計期間(自 2024年４月１日 至 2024年12月31日)
１．報告セグメントごとの売上高及び利益又は損失の金額に関する情報
(単位：千円)
報告セグメント
合計 調整額
（注１）
四半期連結
損益計算書
計上額
（注２）
テクノロジ
ーコンサル
ティング事業
メディカル
事業 計
売上高
外部顧客への売上高 3,468,221 1,272,981 4,741,203 4,741,203 － 4,741,203
セグメント間の内部
売上高又は振替高 22,773 9,762 32,536 32,536 △32,536 －
計 3,490,995 1,282,744 4,773,739 4,773,739 △32,536 4,741,203
セグメント利益 442,221 831,344 1,273,566 1,273,566 △276,102 997,463
(注) １．セグメント利益の調整額△276,102千円は、主に報告セグメントに帰属していない一般管理費等の全社費用
であります。
２. セグメント利益は、四半期連結損益計算書の営業利益と一致しております。
Ⅱ 当第３四半期連結累計期間(自 2025年４月１日 至 2025年12月31日)
１．報告セグメントごとの売上高及び利益又は損失の金額に関する情報
(単位：千円)
報告セグメント
合計 調整額
（注１）
四半期連結
損益計算書
計上額
（注２）
テクノロジ
ーコンサル
ティング事業
メディカル
事業 計
売上高
 外部顧客への売上高 2,999,097 1,421,381 4,420,479 4,420,479 － 4,420,479
セグメント間の内部
売上高又は振替高 52,702 4,331 57,033 57,033 △57,033 －
計 3,051,799 1,425,713 4,477,512 4,477,512 △57,033 4,420,479
セグメント利益 290,218 898,392 1,188,610 1,188,610 △196,583 992,027
(注) １．セグメント利益の調整額△196,583千円は、主に報告セグメントに帰属していない一般管理費等の全社費用
であります。
２. セグメント利益は、四半期連結損益計算書の営業利益と一致しております。
（キャッシュ・フロー計算書に関する注記）
当第３四半期連結累計期間に係る四半期連結キャッシュ・フロー計算書は作成しておりません。なお、第３四
半期連結累計期間に係る減価償却費(無形固定資産に係る償却費を含む。)は、次のとおりであります。
前第３四半期連結累計期間
(自 2024年４月１日
至 2024年12月31日)
当第３四半期連結累計期間
(自 2025年４月１日
至 2025年12月31日)
減価償却費 147,943千円 132,787千円
株式会社Ubicomホールディングス(3937) 2026年３月期 第３四半期決算短信
12
（企業結合に関する注記）
共通支配下の取引等
子会社株式の追加取得
１．取引の概要
当"
4046,および管理部門,41.76,external_customer_sales_table_v6,41741.0,99961.0,https://data.swcms.net/file/osaka-soda-corp/dam/jcr:af98d682-8aca-4f1d-99cb-2fc02ee4aa05/140120260512524512.pdf,2026,"グメントに帰属しない基礎研究開発等に係る費用であります。 
(2）セグメント資産の調整額52,910百万円のうち、主なものは各報告セグメントに配分していない全社資産 
52,910百万円であります。全社資産は、主に親会社での余資運用資金（現金及び有価証券） 、長期投資資 
金（投資有価証券）および管理部門、研究開発部門等に係る資産であります。 
(3）有形固定資産及び無形固定資産の増加額の調整額57百万円は、管理部門、研究開発部門等の設備投資額で
あります。 
２ セグメント利益は、連結損益計算書の営業利益と調整を行っております。 
 
 
- 16 - 
 
当連結会計年度（自 2025年４月１日 至 2026年３月31日） 
 （単位：百万円） 
 基礎化学品 機能化学品 ヘルスケア 商社部門ほか 合計 調整額 
（注１） 
連結財務諸表 
計上額 
（注２） 
売上高 
 日本 34,681 8,355 4,018 13,598 60,653 － 60,653 
 中国 － 9,858 2,546 1,388 13,793 13,793 
 アジア 4,891 4,966 2,629 418 12,905 － 12,905 
 欧州 941 2,635 4,274 216 8,068 － 8,068 
 その他地域 1,227 2,119 1,165 28 4,540 － 4,540 
 顧客との契約から 
 生じる収益 41,741 27,935 14,635 15,649 99,961 － 99,961 
 その他の収益 － － － － － － － 
 外部顧客への売上高 41,741 27,935 14,635 15,649 99,961 － 99,961 
セグメント間の内部 
売上高又は振替高 5 699 － 3,005 3,710 △3,710 － 
計 41,746 28,635 14,635 18,655 103,672 △3,710 99,961 
セグメント利益 6,194 4,634 7,156 946 18,931 △1,297 17,634 
セグメント資産 44,368 22,169 25,421 16,122 108,081 60,659 168,741 
その他の項目 
減価償却費 1,929 748 1,220 28 3,926 411 4,337 
減損損失 － － － － － － － 
のれんの償却額 － － 44 － 44 － 44 
持分法適用会社への 
投資額 － 361 － － 361 － 361 
有形固定資産及び 
無形固定資産の増加 
額 
3,690 850 1,165 54 5,762 117 5,879 
（注）１ 調整額は、以下のとおりであります。 
(1）セグメント利益の調整額△1,297百万円は、各報告セグメントに配分していない全社費用であります。全 
社費用は、主に報告セグメントに帰属しない基礎研究開発等に係る費用であります。 
(2）セグメント資産の調整額60"
4046,基礎化学品機能化学品ヘルスケア商社部門,15.66,external_customer_sales_table_v6,15649.0,99961.0,https://data.swcms.net/file/osaka-soda-corp/dam/jcr:af98d682-8aca-4f1d-99cb-2fc02ee4aa05/140120260512524512.pdf,2026,"グメントに帰属しない基礎研究開発等に係る費用であります。 
(2）セグメント資産の調整額52,910百万円のうち、主なものは各報告セグメントに配分していない全社資産 
52,910百万円であります。全社資産は、主に親会社での余資運用資金（現金及び有価証券） 、長期投資資 
金（投資有価証券）および管理部門、研究開発部門等に係る資産であります。 
(3）有形固定資産及び無形固定資産の増加額の調整額57百万円は、管理部門、研究開発部門等の設備投資額で
あります。 
２ セグメント利益は、連結損益計算書の営業利益と調整を行っております。 
 
 
- 16 - 
 
当連結会計年度（自 2025年４月１日 至 2026年３月31日） 
 （単位：百万円） 
 基礎化学品 機能化学品 ヘルスケア 商社部門ほか 合計 調整額 
（注１） 
連結財務諸表 
計上額 
（注２） 
売上高 
 日本 34,681 8,355 4,018 13,598 60,653 － 60,653 
 中国 － 9,858 2,546 1,388 13,793 13,793 
 アジア 4,891 4,966 2,629 418 12,905 － 12,905 
 欧州 941 2,635 4,274 216 8,068 － 8,068 
 その他地域 1,227 2,119 1,165 28 4,540 － 4,540 
 顧客との契約から 
 生じる収益 41,741 27,935 14,635 15,649 99,961 － 99,961 
 その他の収益 － － － － － － － 
 外部顧客への売上高 41,741 27,935 14,635 15,649 99,961 － 99,961 
セグメント間の内部 
売上高又は振替高 5 699 － 3,005 3,710 △3,710 － 
計 41,746 28,635 14,635 18,655 103,672 △3,710 99,961 
セグメント利益 6,194 4,634 7,156 946 18,931 △1,297 17,634 
セグメント資産 44,368 22,169 25,421 16,122 108,081 60,659 168,741 
その他の項目 
減価償却費 1,929 748 1,220 28 3,926 411 4,337 
減損損失 － － － － － － － 
のれんの償却額 － － 44 － 44 － 44 
持分法適用会社への 
投資額 － 361 － － 361 － 361 
有形固定資産及び 
無形固定資産の増加 
額 
3,690 850 1,165 54 5,762 117 5,879 
（注）１ 調整額は、以下のとおりであります。 
(1）セグメント利益の調整額△1,297百万円は、各報告セグメントに配分していない全社費用であります。全 
社費用は、主に報告セグメントに帰属しない基礎研究開発等に係る費用であります。 
(2）セグメント資産の調整額60"
4046,研究開発部門,27.95,external_customer_sales_table_v6,27935.0,99961.0,https://data.swcms.net/file/osaka-soda-corp/dam/jcr:af98d682-8aca-4f1d-99cb-2fc02ee4aa05/140120260512524512.pdf,2026,"グメントに帰属しない基礎研究開発等に係る費用であります。 
(2）セグメント資産の調整額52,910百万円のうち、主なものは各報告セグメントに配分していない全社資産 
52,910百万円であります。全社資産は、主に親会社での余資運用資金（現金及び有価証券） 、長期投資資 
金（投資有価証券）および管理部門、研究開発部門等に係る資産であります。 
(3）有形固定資産及び無形固定資産の増加額の調整額57百万円は、管理部門、研究開発部門等の設備投資額で
あります。 
２ セグメント利益は、連結損益計算書の営業利益と調整を行っております。 
 
 
- 16 - 
 
当連結会計年度（自 2025年４月１日 至 2026年３月31日） 
 （単位：百万円） 
 基礎化学品 機能化学品 ヘルスケア 商社部門ほか 合計 調整額 
（注１） 
連結財務諸表 
計上額 
（注２） 
売上高 
 日本 34,681 8,355 4,018 13,598 60,653 － 60,653 
 中国 － 9,858 2,546 1,388 13,793 13,793 
 アジア 4,891 4,966 2,629 418 12,905 － 12,905 
 欧州 941 2,635 4,274 216 8,068 － 8,068 
 その他地域 1,227 2,119 1,165 28 4,540 － 4,540 
 顧客との契約から 
 生じる収益 41,741 27,935 14,635 15,649 99,961 － 99,961 
 その他の収益 － － － － － － － 
 外部顧客への売上高 41,741 27,935 14,635 15,649 99,961 － 99,961 
セグメント間の内部 
売上高又は振替高 5 699 － 3,005 3,710 △3,710 － 
計 41,746 28,635 14,635 18,655 103,672 △3,710 99,961 
セグメント利益 6,194 4,634 7,156 946 18,931 △1,297 17,634 
セグメント資産 44,368 22,169 25,421 16,122 108,081 60,659 168,741 
その他の項目 
減価償却費 1,929 748 1,220 28 3,926 411 4,337 
減損損失 － － － － － － － 
のれんの償却額 － － 44 － 44 － 44 
持分法適用会社への 
投資額 － 361 － － 361 － 361 
有形固定資産及び 
無形固定資産の増加 
額 
3,690 850 1,165 54 5,762 117 5,879 
（注）１ 調整額は、以下のとおりであります。 
(1）セグメント利益の調整額△1,297百万円は、各報告セグメントに配分していない全社費用であります。全 
社費用は、主に報告セグメントに帰属しない基礎研究開発等に係る費用であります。 
(2）セグメント資産の調整額60"
4046,管理部門,14.64,external_customer_sales_table_v6,14635.0,99961.0,https://data.swcms.net/file/osaka-soda-corp/dam/jcr:af98d682-8aca-4f1d-99cb-2fc02ee4aa05/140120260512524512.pdf,2026,"グメントに帰属しない基礎研究開発等に係る費用であります。 
(2）セグメント資産の調整額52,910百万円のうち、主なものは各報告セグメントに配分していない全社資産 
52,910百万円であります。全社資産は、主に親会社での余資運用資金（現金及び有価証券） 、長期投資資 
金（投資有価証券）および管理部門、研究開発部門等に係る資産であります。 
(3）有形固定資産及び無形固定資産の増加額の調整額57百万円は、管理部門、研究開発部門等の設備投資額で
あります。 
２ セグメント利益は、連結損益計算書の営業利益と調整を行っております。 
 
 
- 16 - 
 
当連結会計年度（自 2025年４月１日 至 2026年３月31日） 
 （単位：百万円） 
 基礎化学品 機能化学品 ヘルスケア 商社部門ほか 合計 調整額 
（注１） 
連結財務諸表 
計上額 
（注２） 
売上高 
 日本 34,681 8,355 4,018 13,598 60,653 － 60,653 
 中国 － 9,858 2,546 1,388 13,793 13,793 
 アジア 4,891 4,966 2,629 418 12,905 － 12,905 
 欧州 941 2,635 4,274 216 8,068 － 8,068 
 その他地域 1,227 2,119 1,165 28 4,540 － 4,540 
 顧客との契約から 
 生じる収益 41,741 27,935 14,635 15,649 99,961 － 99,961 
 その他の収益 － － － － － － － 
 外部顧客への売上高 41,741 27,935 14,635 15,649 99,961 － 99,961 
セグメント間の内部 
売上高又は振替高 5 699 － 3,005 3,710 △3,710 － 
計 41,746 28,635 14,635 18,655 103,672 △3,710 99,961 
セグメント利益 6,194 4,634 7,156 946 18,931 △1,297 17,634 
セグメント資産 44,368 22,169 25,421 16,122 108,081 60,659 168,741 
その他の項目 
減価償却費 1,929 748 1,220 28 3,926 411 4,337 
減損損失 － － － － － － － 
のれんの償却額 － － 44 － 44 － 44 
持分法適用会社への 
投資額 － 361 － － 361 － 361 
有形固定資産及び 
無形固定資産の増加 
額 
3,690 850 1,165 54 5,762 117 5,879 
（注）１ 調整額は、以下のとおりであります。 
(1）セグメント利益の調整額△1,297百万円は、各報告セグメントに配分していない全社費用であります。全 
社費用は、主に報告セグメントに帰属しない基礎研究開発等に係る費用であります。 
(2）セグメント資産の調整額60"
4093,の区分は報告セグメントに含まれない事業,0.91,external_customer_sales_table_v6,80024.0,8762163.0,https://www.toho-ace.co.jp/ir/info/427/20260807/2027%E5%B9%B4%EF%BC%93%E6%9C%88%E6%9C%9F+%E7%AC%AC%EF%BC%91%E5%9B%9B%E5%8D%8A%E6%9C%9F+%E6%B1%BA%E7%AE%97%E7%9F%AD%E4%BF%A1.pdf,2027,",631 ― 8,463,631
セグメント間の内部売上高
又は振替高 ― ― ― ―
計 67,414 8,463,631 ― 8,463,631
セグメント利益 13,098 740,571 △299,469 441,101
(注) １ 「その他」の区分は報告セグメントに含まれない事業セグメントであり、医療機器等を含んでおります。
２ セグメント利益又は損失(△)の調整額△299,469千円は、すべて全社費用であります。全社費用は、主に
報告セグメントに帰属しない販売費及び一般管理費であります。
３ セグメント利益又は損失(△)は、四半期連結損益計算書の営業利益と調整を行っております。
東邦アセチレン株式会社(4093) 2027年３月期 第１四半期決算短信
― 10 ―
Ⅱ 当第１四半期連結累計期間(自 2026年４月１日 至 2026年６月30日)
１．報告セグメントごとの売上高及び利益又は損失の金額に関する情報
(単位：千円)
報告セグメント
ガス
関連事業
フード
プロダクツ
関連事業
器具器材
関連事業
自動車機器
関連事業
製氷機
関連事業 計
売上高
外部顧客への売上高 5,174,579 485,606 2,431,507 127,303 463,141 8,682,139
セグメント間の内部売上高
又は振替高 ― ― ― ― ― ―
計 5,174,579 485,606 2,431,507 127,303 463,141 8,682,139
セグメント利益又は損失(△) 430,052 145,358 74,575 △15,140 94,294 729,140
その他
(注)１ 合計 調整額
(注)２
四半期連結
損益計算書
計上額
(注)３
売上高
 外部顧客への売上高 80,024 8,762,163 ― 8,762,163
セグメント間の内部売上高
又は振替高 ― ― ― ―
計 80,024 8,762,163 ― 8,762,163
セグメント利益又は損失(△) 16,327 745,467 △294,176 451,290
(注) １ 「その他」の区分は報告セグメントに含まれない事業セグメントであり、医療機器等を含んでおります。
２ セグメント利益又は損失(△)の調整額△294,176千円は、すべて全社費用であります。全社費用は、主に
報告セグメントに帰属しない販売費及び一般管理費であります。
３ セグメント利益又は損失(△)は、四半期連結損益計算書の営業利益と調整を行っております。
２．報告セグメントの変更等に関する事項
当第１四半期連結会計期間より、従来「エスプーマ関連事業」としていた報告セグメントの名称を「フードプ
ロダクツ関連事業」に変更しております。当該変更はセグメントの名称変更のみであり、セグメント情報に与え
る影響はありません。
なお、前第１四半期連結累計期間のセグメント情報についても変更後の名称で記載しております。"
4093,関連事業,100.00,external_customer_sales_table_v6,8762163.0,8762163.0,https://www.toho-ace.co.jp/ir/info/427/20260807/2027%E5%B9%B4%EF%BC%93%E6%9C%88%E6%9C%9F+%E7%AC%AC%EF%BC%91%E5%9B%9B%E5%8D%8A%E6%9C%9F+%E6%B1%BA%E7%AE%97%E7%9F%AD%E4%BF%A1.pdf,2027,",631 ― 8,463,631
セグメント間の内部売上高
又は振替高 ― ― ― ―
計 67,414 8,463,631 ― 8,463,631
セグメント利益 13,098 740,571 △299,469 441,101
(注) １ 「その他」の区分は報告セグメントに含まれない事業セグメントであり、医療機器等を含んでおります。
２ セグメント利益又は損失(△)の調整額△299,469千円は、すべて全社費用であります。全社費用は、主に
報告セグメントに帰属しない販売費及び一般管理費であります。
３ セグメント利益又は損失(△)は、四半期連結損益計算書の営業利益と調整を行っております。
東邦アセチレン株式会社(4093) 2027年３月期 第１四半期決算短信
― 10 ―
Ⅱ 当第１四半期連結累計期間(自 2026年４月１日 至 2026年６月30日)
１．報告セグメントごとの売上高及び利益又は損失の金額に関する情報
(単位：千円)
報告セグメント
ガス
関連事業
フード
プロダクツ
関連事業
器具器材
関連事業
自動車機器
関連事業
製氷機
関連事業 計
売上高
外部顧客への売上高 5,174,579 485,606 2,431,507 127,303 463,141 8,682,139
セグメント間の内部売上高
又は振替高 ― ― ― ― ― ―
計 5,174,579 485,606 2,431,507 127,303 463,141 8,682,139
セグメント利益又は損失(△) 430,052 145,358 74,575 △15,140 94,294 729,140
その他
(注)１ 合計 調整額
(注)２
四半期連結
損益計算書
計上額
(注)３
売上高
 外部顧客への売上高 80,024 8,762,163 ― 8,762,163
セグメント間の内部売上高
又は振替高 ― ― ― ―
計 80,024 8,762,163 ― 8,762,163
セグメント利益又は損失(△) 16,327 745,467 △294,176 451,290
(注) １ 「その他」の区分は報告セグメントに含まれない事業セグメントであり、医療機器等を含んでおります。
２ セグメント利益又は損失(△)の調整額△294,176千円は、すべて全社費用であります。全社費用は、主に
報告セグメントに帰属しない販売費及び一般管理費であります。
３ セグメント利益又は損失(△)は、四半期連結損益計算書の営業利益と調整を行っております。
２．報告セグメントの変更等に関する事項
当第１四半期連結会計期間より、従来「エスプーマ関連事業」としていた報告セグメントの名称を「フードプ
ロダクツ関連事業」に変更しております。当該変更はセグメントの名称変更のみであり、セグメント情報に与え
る影響はありません。
なお、前第１四半期連結累計期間のセグメント情報についても変更後の名称で記載しております。"
4182,ル事業,43.46,external_customer_sales_table_v6,97213.0,223704.0,https://www.mgc.co.jp/corporate/news/files/2608071.pdf,2027,"客への売上高 66,130 108,810 3,036 － 177,977
(2）セグメント間の内部売上
高又は振替高 2,130 93 631 △2,855 －
計 68,261 108,903 3,668 △2,855 177,977
セグメント利益又は損失
（△）
（経常利益又は経常損失
（△））
3,901 9,950 △250 228 13,830
（セグメント情報等の注記）
【セグメント情報】
Ⅰ 前第１四半期連結累計期間（自 2025年４月１日 至 2025年６月30日）
１．報告セグメントごとの売上高及び利益又は損失の金額に関する情報
（注）1.「その他の事業」には、報告セグメントに属していない仕入販売等を含んでおります。
2.調整額は以下のとおりであります。
セグメント利益又は損失の調整額228百万円は、セグメント間取引消去43百万円及び各報告セグメントに配
分していない全社損益等185百万円であります。
全社損益等は、報告セグメントに配分していない一般管理費、金融収支、雑損益等であります。
3.セグメント利益又は損失は、四半期連結損益計算書の経常利益と調整を行っております。
２．報告セグメントごとの固定資産の減損損失又はのれん等に関する情報
(固定資産に係る重要な減損損失)
該当事項はありません。
(のれんの金額の重要な変動)
該当事項はありません。
(重要な負ののれん発生益)
該当事項はありません。
- 9 -
三菱瓦斯化学（株）（4182）2027年３月期第１四半期決算短信
（単位：百万円）
グリーン・エネ
ルギー＆ケミカ
ル事業部門
機能化学品
事業部門
その他の事業
（注)1
調整額
（注)2
四半期連結損益
計算書計上額
（注)3
売上高
(1） 外部顧客への売上高 97,213 122,705 3,784 － 223,704
(2）セグメント間の内部売上
高又は振替高 2,591 127 780 △3,499 －
計 99,805 122,833 4,565 △3,499 223,704
セグメント利益又は損失
（△）
（経常利益又は経常損失
（△））
11,641 17,912 391 △757 29,187
Ⅱ 当第１四半期連結累計期間（自 2026年４月１日 至 2026年６月30日）
１．報告セグメントごとの売上高及び利益又は損失の金額に関する情報
（注）1.「その他の事業」には、報告セグメントに属していない仕入販売等を含んでおります。
2.調整額は以下のとおりであります。
セグメント利益又は損失の調整額△757百万円は、セグメント間取引消去28百万円及び各報告セグメントに
配分していない全社損益等△786百万円であります。
全社損益等は、報告セグメントに配分していない一般管理費、金融収支、雑損益等であります。
3.セグメント利益又は損失は、四半期連結損益計算書の経常利益と調整を行っております。
２．報告セグメントごとの固定資産の減損損失又はのれん等に関する情報
(固定資産に係る重要な減損損失)
「機能化学品事業部門」において266百万円の減損損失を計上しております。
(のれんの金額の重要な変動)
該当事項はありません。
(重要な負ののれん発生益)
該当事項はありません。
- 10 -
三菱瓦斯化学（株）（4182）2027年３月"
4182,事業,54.85,external_customer_sales_table_v6,122705.0,223704.0,https://www.mgc.co.jp/corporate/news/files/2608071.pdf,2027,"客への売上高 66,130 108,810 3,036 － 177,977
(2）セグメント間の内部売上
高又は振替高 2,130 93 631 △2,855 －
計 68,261 108,903 3,668 △2,855 177,977
セグメント利益又は損失
（△）
（経常利益又は経常損失
（△））
3,901 9,950 △250 228 13,830
（セグメント情報等の注記）
【セグメント情報】
Ⅰ 前第１四半期連結累計期間（自 2025年４月１日 至 2025年６月30日）
１．報告セグメントごとの売上高及び利益又は損失の金額に関する情報
（注）1.「その他の事業」には、報告セグメントに属していない仕入販売等を含んでおります。
2.調整額は以下のとおりであります。
セグメント利益又は損失の調整額228百万円は、セグメント間取引消去43百万円及び各報告セグメントに配
分していない全社損益等185百万円であります。
全社損益等は、報告セグメントに配分していない一般管理費、金融収支、雑損益等であります。
3.セグメント利益又は損失は、四半期連結損益計算書の経常利益と調整を行っております。
２．報告セグメントごとの固定資産の減損損失又はのれん等に関する情報
(固定資産に係る重要な減損損失)
該当事項はありません。
(のれんの金額の重要な変動)
該当事項はありません。
(重要な負ののれん発生益)
該当事項はありません。
- 9 -
三菱瓦斯化学（株）（4182）2027年３月期第１四半期決算短信
（単位：百万円）
グリーン・エネ
ルギー＆ケミカ
ル事業部門
機能化学品
事業部門
その他の事業
（注)1
調整額
（注)2
四半期連結損益
計算書計上額
（注)3
売上高
(1） 外部顧客への売上高 97,213 122,705 3,784 － 223,704
(2）セグメント間の内部売上
高又は振替高 2,591 127 780 △3,499 －
計 99,805 122,833 4,565 △3,499 223,704
セグメント利益又は損失
（△）
（経常利益又は経常損失
（△））
11,641 17,912 391 △757 29,187
Ⅱ 当第１四半期連結累計期間（自 2026年４月１日 至 2026年６月30日）
１．報告セグメントごとの売上高及び利益又は損失の金額に関する情報
（注）1.「その他の事業」には、報告セグメントに属していない仕入販売等を含んでおります。
2.調整額は以下のとおりであります。
セグメント利益又は損失の調整額△757百万円は、セグメント間取引消去28百万円及び各報告セグメントに
配分していない全社損益等△786百万円であります。
全社損益等は、報告セグメントに配分していない一般管理費、金融収支、雑損益等であります。
3.セグメント利益又は損失は、四半期連結損益計算書の経常利益と調整を行っております。
２．報告セグメントごとの固定資産の減損損失又はのれん等に関する情報
(固定資産に係る重要な減損損失)
「機能化学品事業部門」において266百万円の減損損失を計上しております。
(のれんの金額の重要な変動)
該当事項はありません。
(重要な負ののれん発生益)
該当事項はありません。
- 10 -
三菱瓦斯化学（株）（4182）2027年３月"
4194,BizReach事業,95.19,external_customer_sales_table_v6,22215.0,23338.0,https://data.swcms.net/file/visional/dam/jcr:25697d1f-8ad0-4088-a3c9-04d7e1619dfc/140120251211517835.pdf,2026,")２HR Tech Incubation 計
売上高
BizReach事業 16,351 － 16,351 － 16,351
HRMOS事業 1,155 － 1,155 － 1,155
その他 593 564 1,157 4 1,162
顧客との契約から生じる収益 18,100 564 18,664 4 18,669
その他の収益 － － － 28 28
外部顧客への売上高 18,100 564 18,664 32 18,697
セグメント間の内部売上高
又は振替高 17 0 17 △17 －
計 18,117 564 18,681 15 18,697
セグメント利益又は損失（△） 6,196 △355 5,840 △387 5,453
（注）１．セグメント利益又は損失（△）の調整額は、各報告セグメントに帰属しない全社費用であります。
２．セグメント利益又は損失（△）は、四半期連結損益計算書の営業利益と調整を行っております。
ビジョナル株式会社(4194) 2026年７月期 第１四半期決算短信
8
当第１四半期連結累計期間(自 2025年８月１日 至 2025年10月31日)
報告セグメントごとの売上高及び利益又は損失の金額に関する情報
(単位：百万円)
報告セグメント 調整額
(注)１
四半期連結財
務諸表計上額
(注)２HR Tech Incubation 計
売上高
BizReach事業 19,655 － 19,655 － 19,655
HRMOS事業 1,787 － 1,787 － 1,787
その他 771 1,122 1,894 1 1,895
顧客との契約から生じる収益 22,215 1,122 23,337 1 23,338
その他の収益 － － － － －
 外部顧客への売上高 22,215 1,122 23,337 1 23,338
セグメント間の内部売上高
又は振替高 43 0 44 △44 －
計 22,259 1,123 23,382 △43 23,338
セグメント利益又は損失（△） 7,893 △469 7,423 △354 7,069
（注）１．セグメント利益又は損失（△）の調整額は、各報告セグメントに帰属しない全社費用であります。
２．セグメント利益又は損失（△）は、四半期連結損益計算書の営業利益と調整を行っております。
ビジョナル株式会社(4194) 2026年７月期 第１四半期決算短信
9
（キャッシュ・フロー計算書に関する注記）
当第１四半期連結累計期間に係る四半期連結キャッシュ・フロー計算書は作成しておりません。なお、第１四
半期連結累計期間に係る減価償却費(のれんを除く無形固定資産に係る償却費を含む。)及びのれんの償却額は、
次のとおりであります。
前第１四半期連結累計期間
(自 2024年８月１日
至 2024年10月31日)
当第１四半期連結累計期間
(自 2025年８月１日
至 2025年10月31日)
減価償却費 206 百万円 221 百万円
のれんの償却額 133 〃 301 〃
（企業結合等関係）
（取得による企業結合）
当社は、2025年７月23日開催の取締役会において、当社の連結子会社である株式会社ビズリーチがThinkings株式
会社の全株式を取得し、子会社化することについて決議し、同日付で株式譲渡契約を"
4194,HRMOS事業,4.81,external_customer_sales_table_v6,1122.0,23338.0,https://data.swcms.net/file/visional/dam/jcr:25697d1f-8ad0-4088-a3c9-04d7e1619dfc/140120251211517835.pdf,2026,")２HR Tech Incubation 計
売上高
BizReach事業 16,351 － 16,351 － 16,351
HRMOS事業 1,155 － 1,155 － 1,155
その他 593 564 1,157 4 1,162
顧客との契約から生じる収益 18,100 564 18,664 4 18,669
その他の収益 － － － 28 28
外部顧客への売上高 18,100 564 18,664 32 18,697
セグメント間の内部売上高
又は振替高 17 0 17 △17 －
計 18,117 564 18,681 15 18,697
セグメント利益又は損失（△） 6,196 △355 5,840 △387 5,453
（注）１．セグメント利益又は損失（△）の調整額は、各報告セグメントに帰属しない全社費用であります。
２．セグメント利益又は損失（△）は、四半期連結損益計算書の営業利益と調整を行っております。
ビジョナル株式会社(4194) 2026年７月期 第１四半期決算短信
8
当第１四半期連結累計期間(自 2025年８月１日 至 2025年10月31日)
報告セグメントごとの売上高及び利益又は損失の金額に関する情報
(単位：百万円)
報告セグメント 調整額
(注)１
四半期連結財
務諸表計上額
(注)２HR Tech Incubation 計
売上高
BizReach事業 19,655 － 19,655 － 19,655
HRMOS事業 1,787 － 1,787 － 1,787
その他 771 1,122 1,894 1 1,895
顧客との契約から生じる収益 22,215 1,122 23,337 1 23,338
その他の収益 － － － － －
 外部顧客への売上高 22,215 1,122 23,337 1 23,338
セグメント間の内部売上高
又は振替高 43 0 44 △44 －
計 22,259 1,123 23,382 △43 23,338
セグメント利益又は損失（△） 7,893 △469 7,423 △354 7,069
（注）１．セグメント利益又は損失（△）の調整額は、各報告セグメントに帰属しない全社費用であります。
２．セグメント利益又は損失（△）は、四半期連結損益計算書の営業利益と調整を行っております。
ビジョナル株式会社(4194) 2026年７月期 第１四半期決算短信
9
（キャッシュ・フロー計算書に関する注記）
当第１四半期連結累計期間に係る四半期連結キャッシュ・フロー計算書は作成しておりません。なお、第１四
半期連結累計期間に係る減価償却費(のれんを除く無形固定資産に係る償却費を含む。)及びのれんの償却額は、
次のとおりであります。
前第１四半期連結累計期間
(自 2024年８月１日
至 2024年10月31日)
当第１四半期連結累計期間
(自 2025年８月１日
至 2025年10月31日)
減価償却費 206 百万円 221 百万円
のれんの償却額 133 〃 301 〃
（企業結合等関係）
（取得による企業結合）
当社は、2025年７月23日開催の取締役会において、当社の連結子会社である株式会社ビズリーチがThinkings株式
会社の全株式を取得し、子会社化することについて決議し、同日付で株式譲渡契約を"
4224,不動産賃貸事業,1.55,external_customer_sales_table_v6,91.0,5876.0,https://www.lonseal.co.jp/wpcms/wp-content/uploads/2026/08/2026_08tansin.pdf,2027,"報告セグメント
調整額
四半期連結損
益計算書計上
額(注)合成樹脂加工品事業 不動産賃貸事業 計
売上高
日本 4,369 ― 4,369 ― 4,369
北米 722 ― 722 ― 722
欧州 103 ― 103 ― 103
アジア 223 ― 223 ― 223
その他 25 ― 25 ― 25
顧客との契約から生じる
収益 5,445 ― 5,445 ― 5,445
その他の収益 ― 90 90 ― 90
外部顧客への売上高 5,445 90 5,535 ― 5,535
セグメント間の内部売上
高又は振替高 ― ― ― ― ―
計 5,445 90 5,535 ― 5,535
セグメント利益 301 68 369 ― 369
(注) セグメント利益は、四半期連結損益計算書の営業利益と一致しております。
２．報告セグメントごとの固定資産の減損損失又はのれん等に関する情報
該当事項はありません。
ロンシール工業株式会社(4224) 2027年3月期 第1四半期決算短信
-8-
Ⅱ 当第1四半期連結累計期間(自 2026年4月1日 至 2026年6月30日)
１．報告セグメントごとの売上高及び利益又は損失の金額に関する情報並びに収益の分解情報
(単位：百万円)
報告セグメント
調整額
四半期連結損
益計算書計上
額(注)合成樹脂加工品事業 不動産賃貸事業 計
売上高
日本 4,743 ― 4,743 ― 4,743
北米 678 ― 678 ― 678
欧州 99 ― 99 ― 99
アジア 245 ― 245 ― 245
その他 18 ― 18 ― 18
顧客との契約から生じる
収益 5,785 ― 5,785 ― 5,785
その他の収益 ― 91 91 ― 91
 外部顧客への売上高 5,785 91 5,876 ― 5,876
セグメント間の内部売上
高又は振替高 ― ― ― ― ―
計 5,785 91 5,876 ― 5,876
セグメント利益 514 67 582 ― 582
(注) セグメント利益は、四半期連結損益計算書の営業利益と一致しております。
２．報告セグメントごとの固定資産の減損損失又はのれん等に関する情報
該当事項はありません。
ロンシール工業株式会社(4224) 2027年3月期 第1四半期決算短信
-9-
（株主資本の金額に著しい変動があった場合の注記）
該当事項はありません。
（継続企業の前提に関する注記）
該当事項はありません。
（キャッシュ・フロー計算書に関する注記）
当第1四半期連結累計期間に係る四半期連結キャッシュ・フロー計算書は作成しておりません。
なお、第1四半期連結累計期間に係る減価償却費(無形固定資産に係る償却費を含む)は、次のとおりです。
前第1四半期連結累計期間
(自 2025年4月1日
至 2025年6月30日)
当第1四半期連結累計期間
(自 2026年4月1日
至 2026年6月30日)
減価償却費 148百万円 141百万円"
4224,合成樹脂加工品事業,98.45,external_customer_sales_table_v6,5785.0,5876.0,https://www.lonseal.co.jp/wpcms/wp-content/uploads/2026/08/2026_08tansin.pdf,2027,"報告セグメント
調整額
四半期連結損
益計算書計上
額(注)合成樹脂加工品事業 不動産賃貸事業 計
売上高
日本 4,369 ― 4,369 ― 4,369
北米 722 ― 722 ― 722
欧州 103 ― 103 ― 103
アジア 223 ― 223 ― 223
その他 25 ― 25 ― 25
顧客との契約から生じる
収益 5,445 ― 5,445 ― 5,445
その他の収益 ― 90 90 ― 90
外部顧客への売上高 5,445 90 5,535 ― 5,535
セグメント間の内部売上
高又は振替高 ― ― ― ― ―
計 5,445 90 5,535 ― 5,535
セグメント利益 301 68 369 ― 369
(注) セグメント利益は、四半期連結損益計算書の営業利益と一致しております。
２．報告セグメントごとの固定資産の減損損失又はのれん等に関する情報
該当事項はありません。
ロンシール工業株式会社(4224) 2027年3月期 第1四半期決算短信
-8-
Ⅱ 当第1四半期連結累計期間(自 2026年4月1日 至 2026年6月30日)
１．報告セグメントごとの売上高及び利益又は損失の金額に関する情報並びに収益の分解情報
(単位：百万円)
報告セグメント
調整額
四半期連結損
益計算書計上
額(注)合成樹脂加工品事業 不動産賃貸事業 計
売上高
日本 4,743 ― 4,743 ― 4,743
北米 678 ― 678 ― 678
欧州 99 ― 99 ― 99
アジア 245 ― 245 ― 245
その他 18 ― 18 ― 18
顧客との契約から生じる
収益 5,785 ― 5,785 ― 5,785
その他の収益 ― 91 91 ― 91
 外部顧客への売上高 5,785 91 5,876 ― 5,876
セグメント間の内部売上
高又は振替高 ― ― ― ― ―
計 5,785 91 5,876 ― 5,876
セグメント利益 514 67 582 ― 582
(注) セグメント利益は、四半期連結損益計算書の営業利益と一致しております。
２．報告セグメントごとの固定資産の減損損失又はのれん等に関する情報
該当事項はありません。
ロンシール工業株式会社(4224) 2027年3月期 第1四半期決算短信
-9-
（株主資本の金額に著しい変動があった場合の注記）
該当事項はありません。
（継続企業の前提に関する注記）
該当事項はありません。
（キャッシュ・フロー計算書に関する注記）
当第1四半期連結累計期間に係る四半期連結キャッシュ・フロー計算書は作成しておりません。
なお、第1四半期連結累計期間に係る減価償却費(無形固定資産に係る償却費を含む)は、次のとおりです。
前第1四半期連結累計期間
(自 2025年4月1日
至 2025年6月30日)
当第1四半期連結累計期間
(自 2026年4月1日
至 2026年6月30日)
減価償却費 148百万円 141百万円"
4274,前事業,0.05,external_customer_sales_table_v6,2.0,4274.0,https://hosoya-pyro.co.jp/wp-content/uploads/2026/02/決算短信R8.5.13.pdf,2026,",071 2,628 2,879 65,400 62,950
有形固定資産及び無形固定資産の増加
額 133,660 84,336 － 1,784 133,660 86,121
４ 報告セグメント合計額と財務諸表計上額との差額及び当該差額の主な内容（差異調整に関する事項）
（注） 全社費用は、主に報告セグメントに帰属しない一般管理費であります。
（注） 全社資産は、主に当社での余資運用資産（現金及び預金）、長期投資資産（投資有価証券）及び管理部門に係
る資産等であります。
- 25 -
細谷火工㈱（4274）令和8年3月期決算短信（非連結）
（単位：千円）
顧客の名称又は氏名 売上高 関連するセグメント名
防衛省 923,155 火工品
ミネベアミツミ株式会社 327,228 火工品及び賃貸
（単位：千円）
顧客の名称又は氏名 売上高 関連するセグメント名
防衛省 1,089,387 火工品
ミネベアミツミ株式会社 295,600 火工品及び賃貸
【関連情報】
前事業年度（自 令和６年４月１日 至 令和７年３月31日）
１ 製品及びサービスごとの情報
 セグメント情報に同様の情報を開示しているため、記載を省略しております。
２ 地域ごとの情報
(1）売上高
 本邦の外部顧客への売上高が損益計算書の売上高の90%を超えているため、記載を省略しておりま
す。
(2）有形固定資産
 本邦以外に所在している有形固定資産がないため、該当事項はありません。
３ 主要な顧客ごとの情報
当事業年度（自 令和７年４月１日 至 令和８年３月31日）
１ 製品及びサービスごとの情報
 セグメント情報に同様の情報を開示しているため、記載を省略しております。
２ 地域ごとの情報
(1）売上高
 本邦の 外部顧客への売上高 が損益計算書の売上高の90%を超えているため、記載を省略しておりま
す。
(2）有形固定資産
 本邦以外に所在している有形固定資産がないため、該当事項はありません。
３ 主要な顧客ごとの情報
【報告セグメントごとの固定資産の減損損失に関する情報】
 該当事項ありません。
【報告セグメントごとののれんの償却額及び未償却残高に関する情報】
 該当事項ありません。
【報告セグメントごとの負ののれん発生益に関する情報】
 該当事項ありません。
- 26 -
細谷火工㈱（4274）令和8年3月期決算短信（非連結）
前事業年度
（自 令和６年４月１日
至 令和７年３月31日）
当事業年度
（自 令和７年４月１日
至 令和８年３月31日）
１株当たり純資産額 798.76円 868.33円
１株当たり当期純利益金額 54.92円 53.30円
項目
前事業年度
（自 令和６年４月１日
至 令和７年３月31日）
当事業年度
（自 令和７年４月１日
至 令和８年３月31日）
１株当たり当期純利益金額
当期純利益（千円） 219,802 213,346
普通株式に係る当期純利益（千円） 219,802 213,346
普通株式の期中平均株式数（千株） 4,002 4,002
（１株当たり情報）
（注）１．当社は潜在株式がありませんので、潜在株式調整後１株当たり当期純利益金額を記載しておりません。
２．１株当たり当期純利益金額の算定上の基礎は、以下のとおりであります。
（重要な後発事象）
該当事項あり"
4274,及び管理部門,2.11,external_customer_sales_table_v6,90.0,4274.0,https://hosoya-pyro.co.jp/wp-content/uploads/2026/02/決算短信R8.5.13.pdf,2026,",071 2,628 2,879 65,400 62,950
有形固定資産及び無形固定資産の増加
額 133,660 84,336 － 1,784 133,660 86,121
４ 報告セグメント合計額と財務諸表計上額との差額及び当該差額の主な内容（差異調整に関する事項）
（注） 全社費用は、主に報告セグメントに帰属しない一般管理費であります。
（注） 全社資産は、主に当社での余資運用資産（現金及び預金）、長期投資資産（投資有価証券）及び管理部門に係
る資産等であります。
- 25 -
細谷火工㈱（4274）令和8年3月期決算短信（非連結）
（単位：千円）
顧客の名称又は氏名 売上高 関連するセグメント名
防衛省 923,155 火工品
ミネベアミツミ株式会社 327,228 火工品及び賃貸
（単位：千円）
顧客の名称又は氏名 売上高 関連するセグメント名
防衛省 1,089,387 火工品
ミネベアミツミ株式会社 295,600 火工品及び賃貸
【関連情報】
前事業年度（自 令和６年４月１日 至 令和７年３月31日）
１ 製品及びサービスごとの情報
 セグメント情報に同様の情報を開示しているため、記載を省略しております。
２ 地域ごとの情報
(1）売上高
 本邦の外部顧客への売上高が損益計算書の売上高の90%を超えているため、記載を省略しておりま
す。
(2）有形固定資産
 本邦以外に所在している有形固定資産がないため、該当事項はありません。
３ 主要な顧客ごとの情報
当事業年度（自 令和７年４月１日 至 令和８年３月31日）
１ 製品及びサービスごとの情報
 セグメント情報に同様の情報を開示しているため、記載を省略しております。
２ 地域ごとの情報
(1）売上高
 本邦の 外部顧客への売上高 が損益計算書の売上高の90%を超えているため、記載を省略しておりま
す。
(2）有形固定資産
 本邦以外に所在している有形固定資産がないため、該当事項はありません。
３ 主要な顧客ごとの情報
【報告セグメントごとの固定資産の減損損失に関する情報】
 該当事項ありません。
【報告セグメントごとののれんの償却額及び未償却残高に関する情報】
 該当事項ありません。
【報告セグメントごとの負ののれん発生益に関する情報】
 該当事項ありません。
- 26 -
細谷火工㈱（4274）令和8年3月期決算短信（非連結）
前事業年度
（自 令和６年４月１日
至 令和７年３月31日）
当事業年度
（自 令和７年４月１日
至 令和８年３月31日）
１株当たり純資産額 798.76円 868.33円
１株当たり当期純利益金額 54.92円 53.30円
項目
前事業年度
（自 令和６年４月１日
至 令和７年３月31日）
当事業年度
（自 令和７年４月１日
至 令和８年３月31日）
１株当たり当期純利益金額
当期純利益（千円） 219,802 213,346
普通株式に係る当期純利益（千円） 219,802 213,346
普通株式の期中平均株式数（千株） 4,002 4,002
（１株当たり情報）
（注）１．当社は潜在株式がありませんので、潜在株式調整後１株当たり当期純利益金額を記載しておりません。
２．１株当たり当期純利益金額の算定上の基礎は、以下のとおりであります。
（重要な後発事象）
該当事項あり"
4274,当事業,100.00,external_customer_sales_table_v6,4274.0,4274.0,https://hosoya-pyro.co.jp/wp-content/uploads/2026/02/決算短信R8.5.13.pdf,2026,",071 2,628 2,879 65,400 62,950
有形固定資産及び無形固定資産の増加
額 133,660 84,336 － 1,784 133,660 86,121
４ 報告セグメント合計額と財務諸表計上額との差額及び当該差額の主な内容（差異調整に関する事項）
（注） 全社費用は、主に報告セグメントに帰属しない一般管理費であります。
（注） 全社資産は、主に当社での余資運用資産（現金及び預金）、長期投資資産（投資有価証券）及び管理部門に係
る資産等であります。
- 25 -
細谷火工㈱（4274）令和8年3月期決算短信（非連結）
（単位：千円）
顧客の名称又は氏名 売上高 関連するセグメント名
防衛省 923,155 火工品
ミネベアミツミ株式会社 327,228 火工品及び賃貸
（単位：千円）
顧客の名称又は氏名 売上高 関連するセグメント名
防衛省 1,089,387 火工品
ミネベアミツミ株式会社 295,600 火工品及び賃貸
【関連情報】
前事業年度（自 令和６年４月１日 至 令和７年３月31日）
１ 製品及びサービスごとの情報
 セグメント情報に同様の情報を開示しているため、記載を省略しております。
２ 地域ごとの情報
(1）売上高
 本邦の外部顧客への売上高が損益計算書の売上高の90%を超えているため、記載を省略しておりま
す。
(2）有形固定資産
 本邦以外に所在している有形固定資産がないため、該当事項はありません。
３ 主要な顧客ごとの情報
当事業年度（自 令和７年４月１日 至 令和８年３月31日）
１ 製品及びサービスごとの情報
 セグメント情報に同様の情報を開示しているため、記載を省略しております。
２ 地域ごとの情報
(1）売上高
 本邦の 外部顧客への売上高 が損益計算書の売上高の90%を超えているため、記載を省略しておりま
す。
(2）有形固定資産
 本邦以外に所在している有形固定資産がないため、該当事項はありません。
３ 主要な顧客ごとの情報
【報告セグメントごとの固定資産の減損損失に関する情報】
 該当事項ありません。
【報告セグメントごとののれんの償却額及び未償却残高に関する情報】
 該当事項ありません。
【報告セグメントごとの負ののれん発生益に関する情報】
 該当事項ありません。
- 26 -
細谷火工㈱（4274）令和8年3月期決算短信（非連結）
前事業年度
（自 令和６年４月１日
至 令和７年３月31日）
当事業年度
（自 令和７年４月１日
至 令和８年３月31日）
１株当たり純資産額 798.76円 868.33円
１株当たり当期純利益金額 54.92円 53.30円
項目
前事業年度
（自 令和６年４月１日
至 令和７年３月31日）
当事業年度
（自 令和７年４月１日
至 令和８年３月31日）
１株当たり当期純利益金額
当期純利益（千円） 219,802 213,346
普通株式に係る当期純利益（千円） 219,802 213,346
普通株式の期中平均株式数（千株） 4,002 4,002
（１株当たり情報）
（注）１．当社は潜在株式がありませんので、潜在株式調整後１株当たり当期純利益金額を記載しておりません。
２．１株当たり当期純利益金額の算定上の基礎は、以下のとおりであります。
（重要な後発事象）
該当事項あり"
4274,製品及びサービス,0.61,external_customer_sales_table_v6,26.0,4274.0,https://hosoya-pyro.co.jp/wp-content/uploads/2026/02/決算短信R8.5.13.pdf,2026,",071 2,628 2,879 65,400 62,950
有形固定資産及び無形固定資産の増加
額 133,660 84,336 － 1,784 133,660 86,121
４ 報告セグメント合計額と財務諸表計上額との差額及び当該差額の主な内容（差異調整に関する事項）
（注） 全社費用は、主に報告セグメントに帰属しない一般管理費であります。
（注） 全社資産は、主に当社での余資運用資産（現金及び預金）、長期投資資産（投資有価証券）及び管理部門に係
る資産等であります。
- 25 -
細谷火工㈱（4274）令和8年3月期決算短信（非連結）
（単位：千円）
顧客の名称又は氏名 売上高 関連するセグメント名
防衛省 923,155 火工品
ミネベアミツミ株式会社 327,228 火工品及び賃貸
（単位：千円）
顧客の名称又は氏名 売上高 関連するセグメント名
防衛省 1,089,387 火工品
ミネベアミツミ株式会社 295,600 火工品及び賃貸
【関連情報】
前事業年度（自 令和６年４月１日 至 令和７年３月31日）
１ 製品及びサービスごとの情報
 セグメント情報に同様の情報を開示しているため、記載を省略しております。
２ 地域ごとの情報
(1）売上高
 本邦の外部顧客への売上高が損益計算書の売上高の90%を超えているため、記載を省略しておりま
す。
(2）有形固定資産
 本邦以外に所在している有形固定資産がないため、該当事項はありません。
３ 主要な顧客ごとの情報
当事業年度（自 令和７年４月１日 至 令和８年３月31日）
１ 製品及びサービスごとの情報
 セグメント情報に同様の情報を開示しているため、記載を省略しております。
２ 地域ごとの情報
(1）売上高
 本邦の 外部顧客への売上高 が損益計算書の売上高の90%を超えているため、記載を省略しておりま
す。
(2）有形固定資産
 本邦以外に所在している有形固定資産がないため、該当事項はありません。
３ 主要な顧客ごとの情報
【報告セグメントごとの固定資産の減損損失に関する情報】
 該当事項ありません。
【報告セグメントごとののれんの償却額及び未償却残高に関する情報】
 該当事項ありません。
【報告セグメントごとの負ののれん発生益に関する情報】
 該当事項ありません。
- 26 -
細谷火工㈱（4274）令和8年3月期決算短信（非連結）
前事業年度
（自 令和６年４月１日
至 令和７年３月31日）
当事業年度
（自 令和７年４月１日
至 令和８年３月31日）
１株当たり純資産額 798.76円 868.33円
１株当たり当期純利益金額 54.92円 53.30円
項目
前事業年度
（自 令和６年４月１日
至 令和７年３月31日）
当事業年度
（自 令和７年４月１日
至 令和８年３月31日）
１株当たり当期純利益金額
当期純利益（千円） 219,802 213,346
普通株式に係る当期純利益（千円） 219,802 213,346
普通株式の期中平均株式数（千株） 4,002 4,002
（１株当たり情報）
（注）１．当社は潜在株式がありませんので、潜在株式調整後１株当たり当期純利益金額を記載しておりません。
２．１株当たり当期純利益金額の算定上の基礎は、以下のとおりであります。
（重要な後発事象）
該当事項あり"
4284,技術を活用したエンジニア支援サービス,0.01,external_customer_sales_table_v6,1.6,11787.0,https://www.solxyz.co.jp/documents/20250331yukahokokusho.pdf,2025,"グループは長期・優良案件の確保と着実な遂行に努めるとともに、将来の成長を見据
え、以下の長期戦略施策を推進いたしました。
① 市場系システム開発専門会社の連結子会社化
市場系フロント・ミドルシステムの開発に特化した株式会社エフの連結子会社化により、債券・デリバ
ティブなどの専門領域に熟知した人材が増強され、証券・銀行領域におけるグループ提案力を強化しまし
た。
② 航空・宇宙・防衛領域への取り組み強化
連結子会社株式会社イー・アイ・ソルが、航空・宇宙・防衛領域での計測需要の高まりに対応し、無線
技術などを活用した実績作りを推進しました。
③ ＡＳＥＡＮマーケットの拡大
連結子会社株式会社ノイマンが、ベトナム現地法人NEUMANN VIETNAM CO.,LTD.を設立し、旺盛な免許取
得需要が見込まれるベトナムの自動車教習所向けにシステム販売および提供が可能となりました。
④ 生成ＡＩ技術を活用したエンジニア支援サービス「CoBrain」の正式リリース
連結子会社株式会社エクスモーションにおいて、生成ＡＩを活用した要件定義プロセスのエンジニア支
援サービス「CoBrain」の提供を開始しました。
⑤ ＬＬＭを活用した社内向けＡＩシステム「SOLXYZ Assistant」を開発
最新のＡＩ技術と情報検索技術を組み合わせた社内向けＡＩシステム「SOLXYZ Assistant」を開発し、
これを活用することで、システム開発におけるコーディング品質の向上とレビュー効率化による開発生産
性の向上、技術文書作成の工程支援などにより、トータルでの開発工数の削減が期待できます。
これらの結果、当連結会計年度の売上高は、前年度比1.0%増の16,041百万円となりました。セグメント 別の
 外部顧客への売上高 の状況は、次の通りです。
・ソフトウェア開発事業は、ネットバンクを中心に銀行向け売上が増加しましたが、クレジット向け売上が減
少したことから、同1.6%減の11,787百万円となりました。
・コンサルティング事業は、自動車業界におけるＣＡＳＥ需要等で好調であったエッジコンピューティング系
（組込系）において、コンサルタントの増員が前倒しで推進できた事に加え、要員の 最適配置が単価アップ
に繋がり、同12.9%増の1,443百万円となりました。
・ソリューション事業は、エッジコンピューティング系（組込系）開発業務における航空・宇宙・防衛領域を
中心に大型案件の開発需要の取り込み、クラウドサービス業務における販売パートナー売上などの増加が寄
与した結果、同7.2%増の2,810百万円となりました。
損益面につきましては、ソフトウェア開発事業におけるベースアップ実施や新入社員増加に伴う原価人件費増
の影響、ソリューション事業におけるクラウドサービス業務へのソフトウェア減価償却負担増が影響した結果、
売上総利益は同1.3%減の3,707百万円となりました。
販売費及び一般管理費は、人件費およびＭ＆Ａ取得費用、のれん償却額などの増加により、同6.7%増の2,786
百万円となり、営業利益は同19.6%減の920百万円、経常利益は同20.0%減の962百万円、親会社株主に帰属する
当期純利益は、同25.4%減の562百万円となりました。
- 19 -
2025/03/31 9:29:57／2"
4284,援サービス,100.00,external_customer_sales_table_v6,11787.0,11787.0,https://www.solxyz.co.jp/documents/20250331yukahokokusho.pdf,2025,"グループは長期・優良案件の確保と着実な遂行に努めるとともに、将来の成長を見据
え、以下の長期戦略施策を推進いたしました。
① 市場系システム開発専門会社の連結子会社化
市場系フロント・ミドルシステムの開発に特化した株式会社エフの連結子会社化により、債券・デリバ
ティブなどの専門領域に熟知した人材が増強され、証券・銀行領域におけるグループ提案力を強化しまし
た。
② 航空・宇宙・防衛領域への取り組み強化
連結子会社株式会社イー・アイ・ソルが、航空・宇宙・防衛領域での計測需要の高まりに対応し、無線
技術などを活用した実績作りを推進しました。
③ ＡＳＥＡＮマーケットの拡大
連結子会社株式会社ノイマンが、ベトナム現地法人NEUMANN VIETNAM CO.,LTD.を設立し、旺盛な免許取
得需要が見込まれるベトナムの自動車教習所向けにシステム販売および提供が可能となりました。
④ 生成ＡＩ技術を活用したエンジニア支援サービス「CoBrain」の正式リリース
連結子会社株式会社エクスモーションにおいて、生成ＡＩを活用した要件定義プロセスのエンジニア支
援サービス「CoBrain」の提供を開始しました。
⑤ ＬＬＭを活用した社内向けＡＩシステム「SOLXYZ Assistant」を開発
最新のＡＩ技術と情報検索技術を組み合わせた社内向けＡＩシステム「SOLXYZ Assistant」を開発し、
これを活用することで、システム開発におけるコーディング品質の向上とレビュー効率化による開発生産
性の向上、技術文書作成の工程支援などにより、トータルでの開発工数の削減が期待できます。
これらの結果、当連結会計年度の売上高は、前年度比1.0%増の16,041百万円となりました。セグメント 別の
 外部顧客への売上高 の状況は、次の通りです。
・ソフトウェア開発事業は、ネットバンクを中心に銀行向け売上が増加しましたが、クレジット向け売上が減
少したことから、同1.6%減の11,787百万円となりました。
・コンサルティング事業は、自動車業界におけるＣＡＳＥ需要等で好調であったエッジコンピューティング系
（組込系）において、コンサルタントの増員が前倒しで推進できた事に加え、要員の 最適配置が単価アップ
に繋がり、同12.9%増の1,443百万円となりました。
・ソリューション事業は、エッジコンピューティング系（組込系）開発業務における航空・宇宙・防衛領域を
中心に大型案件の開発需要の取り込み、クラウドサービス業務における販売パートナー売上などの増加が寄
与した結果、同7.2%増の2,810百万円となりました。
損益面につきましては、ソフトウェア開発事業におけるベースアップ実施や新入社員増加に伴う原価人件費増
の影響、ソリューション事業におけるクラウドサービス業務へのソフトウェア減価償却負担増が影響した結果、
売上総利益は同1.3%減の3,707百万円となりました。
販売費及び一般管理費は、人件費およびＭ＆Ａ取得費用、のれん償却額などの増加により、同6.7%増の2,786
百万円となり、営業利益は同19.6%減の920百万円、経常利益は同20.0%減の962百万円、親会社株主に帰属する
当期純利益は、同25.4%減の562百万円となりました。
- 19 -
2025/03/31 9:29:57／2"
4341,システム事業,47.56,external_customer_sales_table_v6,1927.0,4052.0,https://www.seiryodenki.co.jp/wp-content/uploads/2026/08/（4341西菱電機）2027年3月期-第1四半期決算短信〔日本基準〕（連結）.pdf,2027,"企業の前提に関する注記）
 該当事項はありません。
（会計方針の変更に関する注記）
（棚卸資産の評価方法の変更）
当社グループは、従来、棚卸資産のうち、製品については、総平均法による原価法（貸借対照表価額については
収益性の低下に基づく簿価切下げの方法）、原材料については、主として総平均法による原価法（貸借対照表価額
については収益性の低下に基づく簿価切下げの方法）を採用しておりましたが、当第１四半期連結会計期間より、
移動平均法による原価法（貸借対照表価額については収益性の低下に基づく簿価切下げの方法）に変更しておりま
す。この評価方法の変更は、基幹システムの更改を契機に、より迅速かつ適正な期間損益計算を行うことを目的と
したものであります。
なお、この変更による影響は軽微であります。
（四半期連結財務諸表の作成に特有の会計処理に関する注記）
（原価差異の繰延処理）
 季節的に変動する操業度により発生した原価差異のうち、原価計算期間末までにほぼ解消が見込まれるものにつ
いては、当該原価差異を流動資産（その他）として繰り延べて処理する方法を採用しております。
- 8 -
西菱電機㈱（4341） 2027年3月期 第1四半期決算短信
（単位：百万円）
報告セグメント
調整額 合計情報通信
端末事業
情報通信
システム事業 計
売上高
外部顧客への売上高 2,028 1,732 3,760 － 3,760
セグメント間の内部売上高
又は振替高 0 － 0 △0 －
計 2,028 1,732 3,760 △0 3,760
セグメント利益 215 62 277 △415 △138
（単位：百万円）
報告セグメント
調整額 合計情報通信
端末事業
情報通信
システム事業 計
売上高
 外部顧客への売上高 2,125 1,927 4,052 － 4,052
セグメント間の内部売上高
又は振替高 0 － 0 △0 －
計 2,125 1,927 4,053 △0 4,052
セグメント利益 186 108 295 △405 △110
（セグメント情報等の注記）
Ⅰ 前第１四半期連結累計期間（自 2025年４月１日 至 2025年６月30日）
１．報告セグメントごとの売上高及び利益又は損失の金額に関する情報
（注）１．セグメント利益の調整額△４億15百万円は、主に各報告セグメントに配分していない提出会社の管理部門に
係る全社費用であります。
２．セグメント利益は、四半期連結損益計算書の営業損失と調整しております。
Ⅱ 当第１四半期連結累計期間（自 2026年４月１日 至 2026年６月30日）
１．報告セグメントごとの売上高及び利益又は損失の金額に関する情報
（注）１．セグメント利益の調整額△４億５百万円は、主に各報告セグメントに配分していない提出会社の管理部門に
係る全社費用であります。
２．セグメント利益は、四半期連結損益計算書の営業損失と調整しております。
- 9 -
西菱電機㈱（4341） 2027年3月期 第1四半期決算短信
（株主資本の金額に著しい変動があった場合の注記）
 該当事項はありません。
前第１四半期連結累計期間
（自 2025年４月１日
至 2025年６月30日）
当第１四半期連結累計期間
（自 2026年４月１日
至 2026年６月30日）
減価償却費 39"
4341,端末事業,52.44,external_customer_sales_table_v6,2125.0,4052.0,https://www.seiryodenki.co.jp/wp-content/uploads/2026/08/（4341西菱電機）2027年3月期-第1四半期決算短信〔日本基準〕（連結）.pdf,2027,"企業の前提に関する注記）
 該当事項はありません。
（会計方針の変更に関する注記）
（棚卸資産の評価方法の変更）
当社グループは、従来、棚卸資産のうち、製品については、総平均法による原価法（貸借対照表価額については
収益性の低下に基づく簿価切下げの方法）、原材料については、主として総平均法による原価法（貸借対照表価額
については収益性の低下に基づく簿価切下げの方法）を採用しておりましたが、当第１四半期連結会計期間より、
移動平均法による原価法（貸借対照表価額については収益性の低下に基づく簿価切下げの方法）に変更しておりま
す。この評価方法の変更は、基幹システムの更改を契機に、より迅速かつ適正な期間損益計算を行うことを目的と
したものであります。
なお、この変更による影響は軽微であります。
（四半期連結財務諸表の作成に特有の会計処理に関する注記）
（原価差異の繰延処理）
 季節的に変動する操業度により発生した原価差異のうち、原価計算期間末までにほぼ解消が見込まれるものにつ
いては、当該原価差異を流動資産（その他）として繰り延べて処理する方法を採用しております。
- 8 -
西菱電機㈱（4341） 2027年3月期 第1四半期決算短信
（単位：百万円）
報告セグメント
調整額 合計情報通信
端末事業
情報通信
システム事業 計
売上高
外部顧客への売上高 2,028 1,732 3,760 － 3,760
セグメント間の内部売上高
又は振替高 0 － 0 △0 －
計 2,028 1,732 3,760 △0 3,760
セグメント利益 215 62 277 △415 △138
（単位：百万円）
報告セグメント
調整額 合計情報通信
端末事業
情報通信
システム事業 計
売上高
 外部顧客への売上高 2,125 1,927 4,052 － 4,052
セグメント間の内部売上高
又は振替高 0 － 0 △0 －
計 2,125 1,927 4,053 △0 4,052
セグメント利益 186 108 295 △405 △110
（セグメント情報等の注記）
Ⅰ 前第１四半期連結累計期間（自 2025年４月１日 至 2025年６月30日）
１．報告セグメントごとの売上高及び利益又は損失の金額に関する情報
（注）１．セグメント利益の調整額△４億15百万円は、主に各報告セグメントに配分していない提出会社の管理部門に
係る全社費用であります。
２．セグメント利益は、四半期連結損益計算書の営業損失と調整しております。
Ⅱ 当第１四半期連結累計期間（自 2026年４月１日 至 2026年６月30日）
１．報告セグメントごとの売上高及び利益又は損失の金額に関する情報
（注）１．セグメント利益の調整額△４億５百万円は、主に各報告セグメントに配分していない提出会社の管理部門に
係る全社費用であります。
２．セグメント利益は、四半期連結損益計算書の営業損失と調整しております。
- 9 -
西菱電機㈱（4341） 2027年3月期 第1四半期決算短信
（株主資本の金額に著しい変動があった場合の注記）
 該当事項はありません。
前第１四半期連結累計期間
（自 2025年４月１日
至 2025年６月30日）
当第１四半期連結累計期間
（自 2026年４月１日
至 2026年６月30日）
減価償却費 39"
4360,ミカル事業,48.62,external_customer_sales_table_v6,1530.0,3147.0,https://mcps.co.jp/wp-content/uploads/2026/08/140120260706588494.pdf,2027,"等合計 51 118
四半期純利益 87 289
非支配株主に帰属する四半期純利益 － 0
親会社株主に帰属する四半期純利益 87 289
（２）四半期連結損益計算書及び四半期連結包括利益計算書
（四半期連結損益計算書）
- 6 -
株式会社マナック・ケミカル・パートナーズ （4360） 2027年３月期 第１四半期決算短信
（単位：百万円）
前第１四半期連結累計期間
(自 2025年４月１日
 至 2025年６月30日)
当第１四半期連結累計期間
(自 2026年４月１日
 至 2026年６月30日)
四半期純利益 87 289
その他の包括利益
その他有価証券評価差額金 △15 168
繰延ヘッジ損益 △0 △1
為替換算調整勘定 △3 5
その他の包括利益合計 △18 172
四半期包括利益 68 461
（内訳）
親会社株主に係る四半期包括利益 68 461
非支配株主に係る四半期包括利益 － 0
（四半期連結包括利益計算書）
- 7 -
株式会社マナック・ケミカル・パートナーズ （4360） 2027年３月期 第１四半期決算短信
（単位：百万円）
報告セグメント
ファインケ
ミカル事業 難燃剤事業 ヘルスサポ
ート事業 合計
売上高
外部顧客への売上高 1,094 1,194 368 2,658
セグメント間の内部売上高又は
振替高 － － － －
計 1,094 1,194 368 2,658
セグメント利益 256 106 30 393
（単位：百万円）
利益 金額
報告セグメント計
全社費用（注）
393
△291
四半期連結損益計算書の営業利益 101
（単位：百万円）
報告セグメント
ファインケ
ミカル事業 難燃剤事業 ヘルスサポ
ート事業 合計
売上高
 外部顧客への売上高 1,530 1,253 363 3,147
セグメント間の内部売上高又は
振替高 － － － －
計 1,530 1,253 363 3,147
セグメント利益 393 244 41 679
（単位：百万円）
利益 金額
報告セグメント計
全社費用（注）
679
△308
四半期連結損益計算書の営業利益 371
（３）四半期連結財務諸表に関する注記事項
（セグメント情報等の注記）
Ⅰ 前第１四半期連結累計期間（自2025年４月１日 至2025年６月30日）
１．報告セグメントごとの売上高及び利益又は損失の金額に関する情報
２．報告セグメントの利益又は損失の金額の合計額と四半期連結損益計算書計上額との差額及び当該差額の
主な内容（差異調整に関する事項）
 （注）全社費用は、主に報告セグメントに帰属しない当社の管理部門等に係る費用であります。
Ⅱ 当第１四半期連結累計期間（自2026年４月１日 至2026年６月30日）
１．報告セグメントごとの売上高及び利益又は損失の金額に関する情報
２．報告セグメントの利益又は損失の金額の合計額と四半期連結損益計算書計上額との差額及び当該差額の
主な内容（差異調整に関する事項）
 （注）全社費用は、主に報告セグメントに帰属しない当社の管理部門等に係る費用であります。
- 8 -
株式会社マナック・ケミカル・パートナーズ （4360） 2027年３月期 第１四半期決算短信
（株主資本の金額に著しい変動があった場合の注記）
該当事項はありません。
（"
4360,ート事業,11.53,external_customer_sales_table_v6,363.0,3147.0,https://mcps.co.jp/wp-content/uploads/2026/08/140120260706588494.pdf,2027,"等合計 51 118
四半期純利益 87 289
非支配株主に帰属する四半期純利益 － 0
親会社株主に帰属する四半期純利益 87 289
（２）四半期連結損益計算書及び四半期連結包括利益計算書
（四半期連結損益計算書）
- 6 -
株式会社マナック・ケミカル・パートナーズ （4360） 2027年３月期 第１四半期決算短信
（単位：百万円）
前第１四半期連結累計期間
(自 2025年４月１日
 至 2025年６月30日)
当第１四半期連結累計期間
(自 2026年４月１日
 至 2026年６月30日)
四半期純利益 87 289
その他の包括利益
その他有価証券評価差額金 △15 168
繰延ヘッジ損益 △0 △1
為替換算調整勘定 △3 5
その他の包括利益合計 △18 172
四半期包括利益 68 461
（内訳）
親会社株主に係る四半期包括利益 68 461
非支配株主に係る四半期包括利益 － 0
（四半期連結包括利益計算書）
- 7 -
株式会社マナック・ケミカル・パートナーズ （4360） 2027年３月期 第１四半期決算短信
（単位：百万円）
報告セグメント
ファインケ
ミカル事業 難燃剤事業 ヘルスサポ
ート事業 合計
売上高
外部顧客への売上高 1,094 1,194 368 2,658
セグメント間の内部売上高又は
振替高 － － － －
計 1,094 1,194 368 2,658
セグメント利益 256 106 30 393
（単位：百万円）
利益 金額
報告セグメント計
全社費用（注）
393
△291
四半期連結損益計算書の営業利益 101
（単位：百万円）
報告セグメント
ファインケ
ミカル事業 難燃剤事業 ヘルスサポ
ート事業 合計
売上高
 外部顧客への売上高 1,530 1,253 363 3,147
セグメント間の内部売上高又は
振替高 － － － －
計 1,530 1,253 363 3,147
セグメント利益 393 244 41 679
（単位：百万円）
利益 金額
報告セグメント計
全社費用（注）
679
△308
四半期連結損益計算書の営業利益 371
（３）四半期連結財務諸表に関する注記事項
（セグメント情報等の注記）
Ⅰ 前第１四半期連結累計期間（自2025年４月１日 至2025年６月30日）
１．報告セグメントごとの売上高及び利益又は損失の金額に関する情報
２．報告セグメントの利益又は損失の金額の合計額と四半期連結損益計算書計上額との差額及び当該差額の
主な内容（差異調整に関する事項）
 （注）全社費用は、主に報告セグメントに帰属しない当社の管理部門等に係る費用であります。
Ⅱ 当第１四半期連結累計期間（自2026年４月１日 至2026年６月30日）
１．報告セグメントごとの売上高及び利益又は損失の金額に関する情報
２．報告セグメントの利益又は損失の金額の合計額と四半期連結損益計算書計上額との差額及び当該差額の
主な内容（差異調整に関する事項）
 （注）全社費用は、主に報告セグメントに帰属しない当社の管理部門等に係る費用であります。
- 8 -
株式会社マナック・ケミカル・パートナーズ （4360） 2027年３月期 第１四半期決算短信
（株主資本の金額に著しい変動があった場合の注記）
該当事項はありません。
（"
4360,難燃剤事業,39.82,external_customer_sales_table_v6,1253.0,3147.0,https://mcps.co.jp/wp-content/uploads/2026/08/140120260706588494.pdf,2027,"等合計 51 118
四半期純利益 87 289
非支配株主に帰属する四半期純利益 － 0
親会社株主に帰属する四半期純利益 87 289
（２）四半期連結損益計算書及び四半期連結包括利益計算書
（四半期連結損益計算書）
- 6 -
株式会社マナック・ケミカル・パートナーズ （4360） 2027年３月期 第１四半期決算短信
（単位：百万円）
前第１四半期連結累計期間
(自 2025年４月１日
 至 2025年６月30日)
当第１四半期連結累計期間
(自 2026年４月１日
 至 2026年６月30日)
四半期純利益 87 289
その他の包括利益
その他有価証券評価差額金 △15 168
繰延ヘッジ損益 △0 △1
為替換算調整勘定 △3 5
その他の包括利益合計 △18 172
四半期包括利益 68 461
（内訳）
親会社株主に係る四半期包括利益 68 461
非支配株主に係る四半期包括利益 － 0
（四半期連結包括利益計算書）
- 7 -
株式会社マナック・ケミカル・パートナーズ （4360） 2027年３月期 第１四半期決算短信
（単位：百万円）
報告セグメント
ファインケ
ミカル事業 難燃剤事業 ヘルスサポ
ート事業 合計
売上高
外部顧客への売上高 1,094 1,194 368 2,658
セグメント間の内部売上高又は
振替高 － － － －
計 1,094 1,194 368 2,658
セグメント利益 256 106 30 393
（単位：百万円）
利益 金額
報告セグメント計
全社費用（注）
393
△291
四半期連結損益計算書の営業利益 101
（単位：百万円）
報告セグメント
ファインケ
ミカル事業 難燃剤事業 ヘルスサポ
ート事業 合計
売上高
 外部顧客への売上高 1,530 1,253 363 3,147
セグメント間の内部売上高又は
振替高 － － － －
計 1,530 1,253 363 3,147
セグメント利益 393 244 41 679
（単位：百万円）
利益 金額
報告セグメント計
全社費用（注）
679
△308
四半期連結損益計算書の営業利益 371
（３）四半期連結財務諸表に関する注記事項
（セグメント情報等の注記）
Ⅰ 前第１四半期連結累計期間（自2025年４月１日 至2025年６月30日）
１．報告セグメントごとの売上高及び利益又は損失の金額に関する情報
２．報告セグメントの利益又は損失の金額の合計額と四半期連結損益計算書計上額との差額及び当該差額の
主な内容（差異調整に関する事項）
 （注）全社費用は、主に報告セグメントに帰属しない当社の管理部門等に係る費用であります。
Ⅱ 当第１四半期連結累計期間（自2026年４月１日 至2026年６月30日）
１．報告セグメントごとの売上高及び利益又は損失の金額に関する情報
２．報告セグメントの利益又は損失の金額の合計額と四半期連結損益計算書計上額との差額及び当該差額の
主な内容（差異調整に関する事項）
 （注）全社費用は、主に報告セグメントに帰属しない当社の管理部門等に係る費用であります。
- 8 -
株式会社マナック・ケミカル・パートナーズ （4360） 2027年３月期 第１四半期決算短信
（株主資本の金額に著しい変動があった場合の注記）
該当事項はありません。
（"
4361,不動産賃貸事業,0.45,external_customer_sales_table_v6,19283.0,4315008.0,https://www.kawachem.co.jp/wp-content/uploads/2026/07/yu125_hanki-1.pdf,2026,"4,315,008
セグメント利益 288,402 15,413 303,815 ― 303,815
(注)１．セグメント利益の合計額は、中間連結損益計算書の営業利益と一致しております。
２．その他の収益は、「リース取引に関する会計基準」（企業会計基準第13号）に基づく不動産賃貸収入等
であります。
２．報告セグメントごとの固定資産の減損損失又はのれん等に関する情報
該当事項はありません。
― 17 ―
（収益認識関係）
顧客との契約から生じる収益を分解した情報
前中間連結会計期間(自 2024年12月１日 至 2025年５月31日)
(単位：千円)
報告セグメント
化学工業薬品事業 不動産賃貸事業 計
顧客との契約から生じる収益 4,294,861 ― 4,294,861
ゴ ム 薬 品 2,442,973 ― 2,442,973
樹 脂 薬 品 443,644 ― 443,644
中 間 体 388,498 ― 388,498
そ の 他 1,019,745 ― 1,019,745
その他の収益 ― 19,197 19,197
外部顧客への売上高 4,294,861 19,197 4,314,059
当中間連結会計期間(自 2025年12月１日 至 2026年５月31日)
(単位：千円)
報告セグメント
化学工業薬品事業 不動産賃貸事業 計
顧客との契約から生じる収益 4,295,725 ― 4,295,725
ゴ ム 薬 品 2,429,082 ― 2,429,082
樹 脂 薬 品 477,604 ― 477,604
中 間 体 374,395 ― 374,395
そ の 他 1,014,642 ― 1,014,642
その他の収益 ― 19,283 19,283
 外部顧客への売上高 4,295,725 19,283 4,315,008
― 18 ―
(１株当たり情報)
１株当たり中間純利益及び算定上の基礎は、以下のとおりであります。
項目
前中間連結会計期間
(自 2024年12月１日
至 2025年５月31日)
当中間連結会計期間
(自 2025年12月１日
至 2026年５月31日)
１株当たり中間純利益 110円52銭 171円92銭
(算定上の基礎)
親会社株主に帰属する中間純利益(千円) 134,547 209,294
普通株主に帰属しない金額(千円) － －
普通株式に係る親会社株主に帰属する中間純利益
(千円) 134,547 209,294
普通株式の期中平均株式数(株) 1,217,388 1,217,361
（注）潜在株式調整後１株当たり中間純利益については、潜在株式が存在していないため記載しておりません。
(重要な後発事象)
該当事項はありません。
２ 【その他】
該当事項はありません。
― 19 ―
第二部 【提出会社の保証会社等の情報】
該当事項はありません。

独立監査人の中間連結財務諸表に対する期中レビュー報告書
2026年７月10日
川口化学工業株式会社
取締役会 御中
海南監査法人
東京事務所
指定社員
業務執行社員 公認会計士 溝 口 俊 一
指定社員
業務執行社員 公認会計士 米 川 博
監査人の結論
当監査法人は、金融商品取引法第193条の２第１項の規定に基づき、「経理の状況」に掲げられている川口化学工業株
式会社の"
4361,化学工業薬品事業,99.55,external_customer_sales_table_v6,4295725.0,4315008.0,https://www.kawachem.co.jp/wp-content/uploads/2026/07/yu125_hanki-1.pdf,2026,"4,315,008
セグメント利益 288,402 15,413 303,815 ― 303,815
(注)１．セグメント利益の合計額は、中間連結損益計算書の営業利益と一致しております。
２．その他の収益は、「リース取引に関する会計基準」（企業会計基準第13号）に基づく不動産賃貸収入等
であります。
２．報告セグメントごとの固定資産の減損損失又はのれん等に関する情報
該当事項はありません。
― 17 ―
（収益認識関係）
顧客との契約から生じる収益を分解した情報
前中間連結会計期間(自 2024年12月１日 至 2025年５月31日)
(単位：千円)
報告セグメント
化学工業薬品事業 不動産賃貸事業 計
顧客との契約から生じる収益 4,294,861 ― 4,294,861
ゴ ム 薬 品 2,442,973 ― 2,442,973
樹 脂 薬 品 443,644 ― 443,644
中 間 体 388,498 ― 388,498
そ の 他 1,019,745 ― 1,019,745
その他の収益 ― 19,197 19,197
外部顧客への売上高 4,294,861 19,197 4,314,059
当中間連結会計期間(自 2025年12月１日 至 2026年５月31日)
(単位：千円)
報告セグメント
化学工業薬品事業 不動産賃貸事業 計
顧客との契約から生じる収益 4,295,725 ― 4,295,725
ゴ ム 薬 品 2,429,082 ― 2,429,082
樹 脂 薬 品 477,604 ― 477,604
中 間 体 374,395 ― 374,395
そ の 他 1,014,642 ― 1,014,642
その他の収益 ― 19,283 19,283
 外部顧客への売上高 4,295,725 19,283 4,315,008
― 18 ―
(１株当たり情報)
１株当たり中間純利益及び算定上の基礎は、以下のとおりであります。
項目
前中間連結会計期間
(自 2024年12月１日
至 2025年５月31日)
当中間連結会計期間
(自 2025年12月１日
至 2026年５月31日)
１株当たり中間純利益 110円52銭 171円92銭
(算定上の基礎)
親会社株主に帰属する中間純利益(千円) 134,547 209,294
普通株主に帰属しない金額(千円) － －
普通株式に係る親会社株主に帰属する中間純利益
(千円) 134,547 209,294
普通株式の期中平均株式数(株) 1,217,388 1,217,361
（注）潜在株式調整後１株当たり中間純利益については、潜在株式が存在していないため記載しておりません。
(重要な後発事象)
該当事項はありません。
２ 【その他】
該当事項はありません。
― 19 ―
第二部 【提出会社の保証会社等の情報】
該当事項はありません。

独立監査人の中間連結財務諸表に対する期中レビュー報告書
2026年７月10日
川口化学工業株式会社
取締役会 御中
海南監査法人
東京事務所
指定社員
業務執行社員 公認会計士 溝 口 俊 一
指定社員
業務執行社員 公認会計士 米 川 博
監査人の結論
当監査法人は、金融商品取引法第193条の２第１項の規定に基づき、「経理の状況」に掲げられている川口化学工業株
式会社の"
4366,化成品事業,91.37,external_customer_sales_table_v6,4690.0,5133.0,https://www.daitochemix.co.jp/_sys/wp-content/uploads/2026/07/2027年3月期第1四半期決算短信.pdf,2027,"、当社の有形固定資産について
は、長期にわたり安定的な稼働が見込まれることから、定額法により耐用年数にわたって均等に費用配分すること
が、有形固定資産の使用実態に即しており、より経営実態を適切に反映することが可能であると判断いたしまし
た。
 この結果、従来の方法に比べて、当第１四半期連結累計期間の営業利益、経常利益及び税金等調整前四半期純利
益はそれぞれ27百万円増加しております。
（単位：百万円）
報告セグメント
化成品事業 環境関連事業 計
売上高
外部顧客への売上高 4,330 447 4,778
セグメント間の内部売上高又は振替高 0 3 3
計 4,330 450 4,781
セグメント利益 239 78 318
（単位：百万円）
利益 金額
報告セグメント計 318
セグメント間取引消去 2
四半期連結損益及び包括利益計算書の営業利益 321
（セグメント情報等の注記）
【セグメント情報】
Ⅰ 前第１四半期連結累計期間（自2025年４月１日 至2025年６月30日）
１．報告セグメントごとの売上高および利益の金額に関する情報
２．報告セグメントの利益の金額の合計額と四半期連結損益及び包括利益計算書計上額との差額および当該
差額の主な内容（差異調整に関する事項）
３．報告セグメントごとの固定資産の減損損失又はのれん等に関する情報
 （固定資産に係る重要な減損損失）
 該当事項はありません。
 （のれんの金額の重要な変動）
 該当事項はありません。
 （重要な負ののれん発生益）
 該当事項はありません。
- 6 -
ダイトーケミックス㈱（4366） 2027年３月期 第１四半期決算短信
（単位：百万円）
報告セグメント
化成品事業 環境関連事業 計
売上高
 外部顧客への売上高 4,690 443 5,133
セグメント間の内部売上高又は振替高 0 5 5
計 4,690 448 5,139
セグメント利益 302 92 395
（単位：百万円）
利益 金額
報告セグメント計 395
セグメント間取引消去 △0
四半期連結損益及び包括利益計算書の営業利益 395
Ⅱ 当第１四半期連結累計期間（自2026年４月１日 至2026年６月30日）
１．報告セグメントごとの売上高および利益の金額に関する情報
２．報告セグメントの利益の金額の合計額と四半期連結損益及び包括利益計算書計上額との差額および当該
差額の主な内容（差異調整に関する事項）
３．報告セグメントの変更等に関する事項
 （有形固定資産の減価償却方法の変更）
当社は、「会計上の見積りの変更と区別することが困難な会計方針の変更に関する注記」に記載のとお
り、有形固定資産（リース資産を除く）の減価償却方法を当第１四半期連結会計期間より定額法に変更し
ております。
なお、この変更により、当第１四半期連結累計期間の化成品事業セグメントのセグメント利益は27百万
円増加しております。
４．報告セグメントごとの固定資産の減損損失又はのれん等に関する情報
 （固定資産に係る重要な減損損失）
 該当事項はありません。
 （のれんの金額の重要な変動）
 該当事項はありません。
 （重要な負ののれん発生益）
 該当事項はありません。
（株主資本の金額に著しい変動があった場合の注記）
該当事項はありません。
（継"
4366,環境関連事業,8.63,external_customer_sales_table_v6,443.0,5133.0,https://www.daitochemix.co.jp/_sys/wp-content/uploads/2026/07/2027年3月期第1四半期決算短信.pdf,2027,"、当社の有形固定資産について
は、長期にわたり安定的な稼働が見込まれることから、定額法により耐用年数にわたって均等に費用配分すること
が、有形固定資産の使用実態に即しており、より経営実態を適切に反映することが可能であると判断いたしまし
た。
 この結果、従来の方法に比べて、当第１四半期連結累計期間の営業利益、経常利益及び税金等調整前四半期純利
益はそれぞれ27百万円増加しております。
（単位：百万円）
報告セグメント
化成品事業 環境関連事業 計
売上高
外部顧客への売上高 4,330 447 4,778
セグメント間の内部売上高又は振替高 0 3 3
計 4,330 450 4,781
セグメント利益 239 78 318
（単位：百万円）
利益 金額
報告セグメント計 318
セグメント間取引消去 2
四半期連結損益及び包括利益計算書の営業利益 321
（セグメント情報等の注記）
【セグメント情報】
Ⅰ 前第１四半期連結累計期間（自2025年４月１日 至2025年６月30日）
１．報告セグメントごとの売上高および利益の金額に関する情報
２．報告セグメントの利益の金額の合計額と四半期連結損益及び包括利益計算書計上額との差額および当該
差額の主な内容（差異調整に関する事項）
３．報告セグメントごとの固定資産の減損損失又はのれん等に関する情報
 （固定資産に係る重要な減損損失）
 該当事項はありません。
 （のれんの金額の重要な変動）
 該当事項はありません。
 （重要な負ののれん発生益）
 該当事項はありません。
- 6 -
ダイトーケミックス㈱（4366） 2027年３月期 第１四半期決算短信
（単位：百万円）
報告セグメント
化成品事業 環境関連事業 計
売上高
 外部顧客への売上高 4,690 443 5,133
セグメント間の内部売上高又は振替高 0 5 5
計 4,690 448 5,139
セグメント利益 302 92 395
（単位：百万円）
利益 金額
報告セグメント計 395
セグメント間取引消去 △0
四半期連結損益及び包括利益計算書の営業利益 395
Ⅱ 当第１四半期連結累計期間（自2026年４月１日 至2026年６月30日）
１．報告セグメントごとの売上高および利益の金額に関する情報
２．報告セグメントの利益の金額の合計額と四半期連結損益及び包括利益計算書計上額との差額および当該
差額の主な内容（差異調整に関する事項）
３．報告セグメントの変更等に関する事項
 （有形固定資産の減価償却方法の変更）
当社は、「会計上の見積りの変更と区別することが困難な会計方針の変更に関する注記」に記載のとお
り、有形固定資産（リース資産を除く）の減価償却方法を当第１四半期連結会計期間より定額法に変更し
ております。
なお、この変更により、当第１四半期連結累計期間の化成品事業セグメントのセグメント利益は27百万
円増加しております。
４．報告セグメントごとの固定資産の減損損失又はのれん等に関する情報
 （固定資産に係る重要な減損損失）
 該当事項はありません。
 （のれんの金額の重要な変動）
 該当事項はありません。
 （重要な負ののれん発生益）
 該当事項はありません。
（株主資本の金額に著しい変動があった場合の注記）
該当事項はありません。
（継"
4368,における新用途開発および電子材料事業,0.37,external_customer_sales_table_v6,47.4,12973.0,https://fusokk.co.jp/wp-content/uploads/2026/07/13eab3e5af787242472227b3e7e98adf.pdf,2026,"く推移しまし
た。日本では各地域で景気の回復または持ち直しの動きがみられ、全体として緩やかな回復基調が続きました。
このような情勢の下、当社グループは、中期経営計画「飛躍2030」の実現に向け、事業拡大と収益基盤の強化に
取り組んでいます。販売面では、国内外における販売活動の強化、新規用途開拓および組織体制の見直しを進める
とともに、グローバル市場での事業拡大に取り組みました。生産面では各事業所での安定生産に加え、国内事業所
における設備投資や米国子会社での能力増強を通じて、供給体制と品質保証の強化を図りました。研究開発面で
は、東京研究所の機能拡充を実施するとともに、ライフサイエンス事業における新用途開発および電子材料事業に
おける次世代材料開発を推進し、中長期的な成長に向けた技術基盤の強化に取り組みました。
この結果、当第1四半期連結累計期間の売上高は22,819百万円（前年同期比22.3%増、4,161百万円増）となりま
した。利益面では、営業利益は6,172百万円（同31.5%増、1,478百万円増）、経常利益は6,363百万円（同40.4%
増、1,830百万円増）、親会社株主に帰属する四半期純利益は6,688百万円（同115.4%増、3,583百万円増）となり
ました。売上高、営業利益は、後述の各セグメントの要因により増収増益となりました。経常利益は、営業利益の
増加に加え、為替差損益の影響による営業外損益の増加により増益となりました。親会社株主に帰属する四半期純
利益は、経常利益の増加に加え、補助金収入による特別損益の増加により増益となりました。
当社グループの報告セグメントの業績は、次のとおりです。
（ライフサイエンス事業）
ライフサイエンス事業全体の業績は、 外部顧客に対する売上高 が9,845百万円（前年同期比9.9%増、889百万円
増）、営業利益は1,791百万円（同47.4%増、575百万円増）となりました。
国内市場では食品用途等を中心に各マーケットの需要が堅調に推移し、販売数量は増加となりました。海外市場
でも、北米向けグルコン酸類や中国・東南アジア向け有機酸類および食品添加物製剤の販売が伸長し、販売数量は
増加しました。また、競争環境が厳しい中で進めた価格改定による販売単価の上昇や円安に伴う輸出および在外子
会社の売上高増加の効果も寄与し、売上高は前連結累計期間を上回りました。営業利益は、販売数量増加および販
売単価上昇、操業度向上効果、円安に伴う在外子会社の利益増加の効果により、前連結累計期間を上回り、増収増
益となりました。
（電子材料事業）
電子材料事業全体の業績は、外部顧客に対する売上高が12,973百万円（前年同期比33.7%増、3,271百万円
増）、営業利益は5,075百万円（同24.7%増、1,003百万円増）となりました。
半導体市場においてAI関連用途を中心に需要が堅調に推移しました。主力製品である超高純度コロイダルシリカ
は、世界的な販売数量の増加に加え、円安および価格改定による販売単価の上昇も加わり、売上高は前連結累計期
間を上回りました。営業利益は、鹿島事業所の新規製造設備の稼働に伴い減価償却費が増加しましたが、販売数量
増加および販売単価上昇、操業度向上効果が寄与し、前連結累計期間を上回り増収増益となりました。
（2"
4368,グローバル市場での事業,75.89,external_customer_sales_table_v6,9845.0,12973.0,https://fusokk.co.jp/wp-content/uploads/2026/07/13eab3e5af787242472227b3e7e98adf.pdf,2026,"く推移しまし
た。日本では各地域で景気の回復または持ち直しの動きがみられ、全体として緩やかな回復基調が続きました。
このような情勢の下、当社グループは、中期経営計画「飛躍2030」の実現に向け、事業拡大と収益基盤の強化に
取り組んでいます。販売面では、国内外における販売活動の強化、新規用途開拓および組織体制の見直しを進める
とともに、グローバル市場での事業拡大に取り組みました。生産面では各事業所での安定生産に加え、国内事業所
における設備投資や米国子会社での能力増強を通じて、供給体制と品質保証の強化を図りました。研究開発面で
は、東京研究所の機能拡充を実施するとともに、ライフサイエンス事業における新用途開発および電子材料事業に
おける次世代材料開発を推進し、中長期的な成長に向けた技術基盤の強化に取り組みました。
この結果、当第1四半期連結累計期間の売上高は22,819百万円（前年同期比22.3%増、4,161百万円増）となりま
した。利益面では、営業利益は6,172百万円（同31.5%増、1,478百万円増）、経常利益は6,363百万円（同40.4%
増、1,830百万円増）、親会社株主に帰属する四半期純利益は6,688百万円（同115.4%増、3,583百万円増）となり
ました。売上高、営業利益は、後述の各セグメントの要因により増収増益となりました。経常利益は、営業利益の
増加に加え、為替差損益の影響による営業外損益の増加により増益となりました。親会社株主に帰属する四半期純
利益は、経常利益の増加に加え、補助金収入による特別損益の増加により増益となりました。
当社グループの報告セグメントの業績は、次のとおりです。
（ライフサイエンス事業）
ライフサイエンス事業全体の業績は、 外部顧客に対する売上高 が9,845百万円（前年同期比9.9%増、889百万円
増）、営業利益は1,791百万円（同47.4%増、575百万円増）となりました。
国内市場では食品用途等を中心に各マーケットの需要が堅調に推移し、販売数量は増加となりました。海外市場
でも、北米向けグルコン酸類や中国・東南アジア向け有機酸類および食品添加物製剤の販売が伸長し、販売数量は
増加しました。また、競争環境が厳しい中で進めた価格改定による販売単価の上昇や円安に伴う輸出および在外子
会社の売上高増加の効果も寄与し、売上高は前連結累計期間を上回りました。営業利益は、販売数量増加および販
売単価上昇、操業度向上効果、円安に伴う在外子会社の利益増加の効果により、前連結累計期間を上回り、増収増
益となりました。
（電子材料事業）
電子材料事業全体の業績は、外部顧客に対する売上高が12,973百万円（前年同期比33.7%増、3,271百万円
増）、営業利益は5,075百万円（同24.7%増、1,003百万円増）となりました。
半導体市場においてAI関連用途を中心に需要が堅調に推移しました。主力製品である超高純度コロイダルシリカ
は、世界的な販売数量の増加に加え、円安および価格改定による販売単価の上昇も加わり、売上高は前連結累計期
間を上回りました。営業利益は、鹿島事業所の新規製造設備の稼働に伴い減価償却費が増加しましたが、販売数量
増加および販売単価上昇、操業度向上効果が寄与し、前連結累計期間を上回り増収増益となりました。
（2"
4368,ライフサイエンス事業,13.81,external_customer_sales_table_v6,1791.0,12973.0,https://fusokk.co.jp/wp-content/uploads/2026/07/13eab3e5af787242472227b3e7e98adf.pdf,2026,"く推移しまし
た。日本では各地域で景気の回復または持ち直しの動きがみられ、全体として緩やかな回復基調が続きました。
このような情勢の下、当社グループは、中期経営計画「飛躍2030」の実現に向け、事業拡大と収益基盤の強化に
取り組んでいます。販売面では、国内外における販売活動の強化、新規用途開拓および組織体制の見直しを進める
とともに、グローバル市場での事業拡大に取り組みました。生産面では各事業所での安定生産に加え、国内事業所
における設備投資や米国子会社での能力増強を通じて、供給体制と品質保証の強化を図りました。研究開発面で
は、東京研究所の機能拡充を実施するとともに、ライフサイエンス事業における新用途開発および電子材料事業に
おける次世代材料開発を推進し、中長期的な成長に向けた技術基盤の強化に取り組みました。
この結果、当第1四半期連結累計期間の売上高は22,819百万円（前年同期比22.3%増、4,161百万円増）となりま
した。利益面では、営業利益は6,172百万円（同31.5%増、1,478百万円増）、経常利益は6,363百万円（同40.4%
増、1,830百万円増）、親会社株主に帰属する四半期純利益は6,688百万円（同115.4%増、3,583百万円増）となり
ました。売上高、営業利益は、後述の各セグメントの要因により増収増益となりました。経常利益は、営業利益の
増加に加え、為替差損益の影響による営業外損益の増加により増益となりました。親会社株主に帰属する四半期純
利益は、経常利益の増加に加え、補助金収入による特別損益の増加により増益となりました。
当社グループの報告セグメントの業績は、次のとおりです。
（ライフサイエンス事業）
ライフサイエンス事業全体の業績は、 外部顧客に対する売上高 が9,845百万円（前年同期比9.9%増、889百万円
増）、営業利益は1,791百万円（同47.4%増、575百万円増）となりました。
国内市場では食品用途等を中心に各マーケットの需要が堅調に推移し、販売数量は増加となりました。海外市場
でも、北米向けグルコン酸類や中国・東南アジア向け有機酸類および食品添加物製剤の販売が伸長し、販売数量は
増加しました。また、競争環境が厳しい中で進めた価格改定による販売単価の上昇や円安に伴う輸出および在外子
会社の売上高増加の効果も寄与し、売上高は前連結累計期間を上回りました。営業利益は、販売数量増加および販
売単価上昇、操業度向上効果、円安に伴う在外子会社の利益増加の効果により、前連結累計期間を上回り、増収増
益となりました。
（電子材料事業）
電子材料事業全体の業績は、外部顧客に対する売上高が12,973百万円（前年同期比33.7%増、3,271百万円
増）、営業利益は5,075百万円（同24.7%増、1,003百万円増）となりました。
半導体市場においてAI関連用途を中心に需要が堅調に推移しました。主力製品である超高純度コロイダルシリカ
は、世界的な販売数量の増加に加え、円安および価格改定による販売単価の上昇も加わり、売上高は前連結累計期
間を上回りました。営業利益は、鹿島事業所の新規製造設備の稼働に伴い減価償却費が増加しましたが、販売数量
増加および販売単価上昇、操業度向上効果が寄与し、前連結累計期間を上回り増収増益となりました。
（2"
4368,国内事業,6.85,external_customer_sales_table_v6,889.0,12973.0,https://fusokk.co.jp/wp-content/uploads/2026/07/13eab3e5af787242472227b3e7e98adf.pdf,2026,"く推移しまし
た。日本では各地域で景気の回復または持ち直しの動きがみられ、全体として緩やかな回復基調が続きました。
このような情勢の下、当社グループは、中期経営計画「飛躍2030」の実現に向け、事業拡大と収益基盤の強化に
取り組んでいます。販売面では、国内外における販売活動の強化、新規用途開拓および組織体制の見直しを進める
とともに、グローバル市場での事業拡大に取り組みました。生産面では各事業所での安定生産に加え、国内事業所
における設備投資や米国子会社での能力増強を通じて、供給体制と品質保証の強化を図りました。研究開発面で
は、東京研究所の機能拡充を実施するとともに、ライフサイエンス事業における新用途開発および電子材料事業に
おける次世代材料開発を推進し、中長期的な成長に向けた技術基盤の強化に取り組みました。
この結果、当第1四半期連結累計期間の売上高は22,819百万円（前年同期比22.3%増、4,161百万円増）となりま
した。利益面では、営業利益は6,172百万円（同31.5%増、1,478百万円増）、経常利益は6,363百万円（同40.4%
増、1,830百万円増）、親会社株主に帰属する四半期純利益は6,688百万円（同115.4%増、3,583百万円増）となり
ました。売上高、営業利益は、後述の各セグメントの要因により増収増益となりました。経常利益は、営業利益の
増加に加え、為替差損益の影響による営業外損益の増加により増益となりました。親会社株主に帰属する四半期純
利益は、経常利益の増加に加え、補助金収入による特別損益の増加により増益となりました。
当社グループの報告セグメントの業績は、次のとおりです。
（ライフサイエンス事業）
ライフサイエンス事業全体の業績は、 外部顧客に対する売上高 が9,845百万円（前年同期比9.9%増、889百万円
増）、営業利益は1,791百万円（同47.4%増、575百万円増）となりました。
国内市場では食品用途等を中心に各マーケットの需要が堅調に推移し、販売数量は増加となりました。海外市場
でも、北米向けグルコン酸類や中国・東南アジア向け有機酸類および食品添加物製剤の販売が伸長し、販売数量は
増加しました。また、競争環境が厳しい中で進めた価格改定による販売単価の上昇や円安に伴う輸出および在外子
会社の売上高増加の効果も寄与し、売上高は前連結累計期間を上回りました。営業利益は、販売数量増加および販
売単価上昇、操業度向上効果、円安に伴う在外子会社の利益増加の効果により、前連結累計期間を上回り、増収増
益となりました。
（電子材料事業）
電子材料事業全体の業績は、外部顧客に対する売上高が12,973百万円（前年同期比33.7%増、3,271百万円
増）、営業利益は5,075百万円（同24.7%増、1,003百万円増）となりました。
半導体市場においてAI関連用途を中心に需要が堅調に推移しました。主力製品である超高純度コロイダルシリカ
は、世界的な販売数量の増加に加え、円安および価格改定による販売単価の上昇も加わり、売上高は前連結累計期
間を上回りました。営業利益は、鹿島事業所の新規製造設備の稼働に伴い減価償却費が増加しましたが、販売数量
増加および販売単価上昇、操業度向上効果が寄与し、前連結累計期間を上回り増収増益となりました。
（2"
4368,生産面では各事業,0.08,external_customer_sales_table_v6,9.9,12973.0,https://fusokk.co.jp/wp-content/uploads/2026/07/13eab3e5af787242472227b3e7e98adf.pdf,2026,"く推移しまし
た。日本では各地域で景気の回復または持ち直しの動きがみられ、全体として緩やかな回復基調が続きました。
このような情勢の下、当社グループは、中期経営計画「飛躍2030」の実現に向け、事業拡大と収益基盤の強化に
取り組んでいます。販売面では、国内外における販売活動の強化、新規用途開拓および組織体制の見直しを進める
とともに、グローバル市場での事業拡大に取り組みました。生産面では各事業所での安定生産に加え、国内事業所
における設備投資や米国子会社での能力増強を通じて、供給体制と品質保証の強化を図りました。研究開発面で
は、東京研究所の機能拡充を実施するとともに、ライフサイエンス事業における新用途開発および電子材料事業に
おける次世代材料開発を推進し、中長期的な成長に向けた技術基盤の強化に取り組みました。
この結果、当第1四半期連結累計期間の売上高は22,819百万円（前年同期比22.3%増、4,161百万円増）となりま
した。利益面では、営業利益は6,172百万円（同31.5%増、1,478百万円増）、経常利益は6,363百万円（同40.4%
増、1,830百万円増）、親会社株主に帰属する四半期純利益は6,688百万円（同115.4%増、3,583百万円増）となり
ました。売上高、営業利益は、後述の各セグメントの要因により増収増益となりました。経常利益は、営業利益の
増加に加え、為替差損益の影響による営業外損益の増加により増益となりました。親会社株主に帰属する四半期純
利益は、経常利益の増加に加え、補助金収入による特別損益の増加により増益となりました。
当社グループの報告セグメントの業績は、次のとおりです。
（ライフサイエンス事業）
ライフサイエンス事業全体の業績は、 外部顧客に対する売上高 が9,845百万円（前年同期比9.9%増、889百万円
増）、営業利益は1,791百万円（同47.4%増、575百万円増）となりました。
国内市場では食品用途等を中心に各マーケットの需要が堅調に推移し、販売数量は増加となりました。海外市場
でも、北米向けグルコン酸類や中国・東南アジア向け有機酸類および食品添加物製剤の販売が伸長し、販売数量は
増加しました。また、競争環境が厳しい中で進めた価格改定による販売単価の上昇や円安に伴う輸出および在外子
会社の売上高増加の効果も寄与し、売上高は前連結累計期間を上回りました。営業利益は、販売数量増加および販
売単価上昇、操業度向上効果、円安に伴う在外子会社の利益増加の効果により、前連結累計期間を上回り、増収増
益となりました。
（電子材料事業）
電子材料事業全体の業績は、外部顧客に対する売上高が12,973百万円（前年同期比33.7%増、3,271百万円
増）、営業利益は5,075百万円（同24.7%増、1,003百万円増）となりました。
半導体市場においてAI関連用途を中心に需要が堅調に推移しました。主力製品である超高純度コロイダルシリカ
は、世界的な販売数量の増加に加え、円安および価格改定による販売単価の上昇も加わり、売上高は前連結累計期
間を上回りました。営業利益は、鹿島事業所の新規製造設備の稼働に伴い減価償却費が増加しましたが、販売数量
増加および販売単価上昇、操業度向上効果が寄与し、前連結累計期間を上回り増収増益となりました。
（2"
4376,ィング事業,67.55,external_customer_sales_table_v6,5550058.0,8216586.0,https://kufu.co.jp/wp-content/themes/kufu_company_wp/pdf/ir/library/financial-results/2023/hyas_20231114.pdf,2023,"す。
(6）連結キャッシュ・フロー計算書における資金の範囲
 手許現金、随時引き出し可能な預金及び容易に換金可能であり、かつ、価値の変動について僅少なリス
クしか負わない取得日から３か月以内に償還期限の到来する短期投資からなっております。
（追加情報）
（１）従業員等に信託を通じて自社の株式を交付する取引
当社は、従業員等の帰属意識の醸成や、株価上昇に対する動機づけ等を図ることを主たる目的として、信
託を用いた株式報酬制度（以下、「本制度」）を導入しております。
① 取引の概要
本制度は、予め当社が定めた従業員株式交付規程に基づき、一定の要件を満たした従業員等に対し当社
株式を交付する仕組みです。当社は、従業員等に対し個人の貢献度等に応じてポイントを付与し、一定の
条件により受給権を取得したときに当該付与ポイントに相当する当社株式を交付します。従業員等に対し
交付する株式については、予め信託設定した金銭により将来分も含め取得し、信託財産として分別管理す
るものとします。なお、2022年９月のポイント付与をもって新規のポイント付与は休止しております。
② 信託に残存する自社の株式
信託に残存する当社株式を、信託における帳簿価額（付随費用の金額を除く）により純資産の部に自己
株式として計上しております。当該自己株式の帳簿価額及び株式数は、前連結会計年度214,716千円、
324,027株、当連結会計年度201,192千円、303,618株であります。
- 15 -
ハイアス・アンド・カンパニー㈱ （6192） 2023年9月期 決算短信
（単位：千円）
報告セグメント
その他
（注）１ 合計
調整額
（注）２、
３、４
合計
コンサルテ
ィング事業
建築施工
事業 計
売上高
 外部顧客への売上高 5,550,058 2,666,527 8,216,586 － 8,216,586 － 8,216,586
セグメント間の内部
売上高又は振替高 150,400 510 150,910 － 150,910 △150,910 －
計 5,700,459 2,667,037 8,367,496 － 8,367,496 △150,910 8,216,586
セグメント利益又は
損失（△） 591,759 19,802 611,562 △69 611,492 5,610 617,103
セグメント資産 5,197,664 472,690 5,670,354 － 5,670,354 △727,814 4,942,540
その他の項目
減価償却費 159,883 5,051 164,934 － 164,934 △819 164,115
有形固定資産及び無
形固定資産の増加額 29,385 18,837 48,222 － 48,222 － 48,222
（セグメント情報等）
【セグメント情報】
１．報告セグメントの概要
当社グループの報告セグメントは、当社の構成単位のうち分離された財務諸表が入手可能であり、取締
役会が、経営資源の配分の決定及び業績を評価するために、定期的に検討を行う対象となっているもので
あります。
 「コンサルティング事業」は、主としてビジネスモデルパッケージ、経営効率化パッケージを取り扱っ
ております。
 「建築施工事業」は、主としてR+houseの建築施工を行っており"
4376,事業,32.45,external_customer_sales_table_v6,2666527.0,8216586.0,https://kufu.co.jp/wp-content/themes/kufu_company_wp/pdf/ir/library/financial-results/2023/hyas_20231114.pdf,2023,"す。
(6）連結キャッシュ・フロー計算書における資金の範囲
 手許現金、随時引き出し可能な預金及び容易に換金可能であり、かつ、価値の変動について僅少なリス
クしか負わない取得日から３か月以内に償還期限の到来する短期投資からなっております。
（追加情報）
（１）従業員等に信託を通じて自社の株式を交付する取引
当社は、従業員等の帰属意識の醸成や、株価上昇に対する動機づけ等を図ることを主たる目的として、信
託を用いた株式報酬制度（以下、「本制度」）を導入しております。
① 取引の概要
本制度は、予め当社が定めた従業員株式交付規程に基づき、一定の要件を満たした従業員等に対し当社
株式を交付する仕組みです。当社は、従業員等に対し個人の貢献度等に応じてポイントを付与し、一定の
条件により受給権を取得したときに当該付与ポイントに相当する当社株式を交付します。従業員等に対し
交付する株式については、予め信託設定した金銭により将来分も含め取得し、信託財産として分別管理す
るものとします。なお、2022年９月のポイント付与をもって新規のポイント付与は休止しております。
② 信託に残存する自社の株式
信託に残存する当社株式を、信託における帳簿価額（付随費用の金額を除く）により純資産の部に自己
株式として計上しております。当該自己株式の帳簿価額及び株式数は、前連結会計年度214,716千円、
324,027株、当連結会計年度201,192千円、303,618株であります。
- 15 -
ハイアス・アンド・カンパニー㈱ （6192） 2023年9月期 決算短信
（単位：千円）
報告セグメント
その他
（注）１ 合計
調整額
（注）２、
３、４
合計
コンサルテ
ィング事業
建築施工
事業 計
売上高
 外部顧客への売上高 5,550,058 2,666,527 8,216,586 － 8,216,586 － 8,216,586
セグメント間の内部
売上高又は振替高 150,400 510 150,910 － 150,910 △150,910 －
計 5,700,459 2,667,037 8,367,496 － 8,367,496 △150,910 8,216,586
セグメント利益又は
損失（△） 591,759 19,802 611,562 △69 611,492 5,610 617,103
セグメント資産 5,197,664 472,690 5,670,354 － 5,670,354 △727,814 4,942,540
その他の項目
減価償却費 159,883 5,051 164,934 － 164,934 △819 164,115
有形固定資産及び無
形固定資産の増加額 29,385 18,837 48,222 － 48,222 － 48,222
（セグメント情報等）
【セグメント情報】
１．報告セグメントの概要
当社グループの報告セグメントは、当社の構成単位のうち分離された財務諸表が入手可能であり、取締
役会が、経営資源の配分の決定及び業績を評価するために、定期的に検討を行う対象となっているもので
あります。
 「コンサルティング事業」は、主としてビジネスモデルパッケージ、経営効率化パッケージを取り扱っ
ております。
 「建築施工事業」は、主としてR+houseの建築施工を行っており"
4440,ア受託開発顧客の要求仕様に基づいた成果物提供サービス,40.00,explicit_sales_mix_v6,,,https://www.witz-inc.co.jp/wp/wp-content/uploads/management_policy2025_formulation.pdf,2027,"・ M&A) ❹ 高度技術職の階層確立および教育・次世代事業の研究開発の 評価制度への組み入れによる、育成・技術強化の実行性担保 ❶ 経営理念等の浸透活動による良好な組織風土の醸成 ❷ 属人的手当を逓減し、技術力・成果に見合う人事評価・ 給与制度への改定 ❸ テレワーク、福利厚生の充実等、働きやすい環境の整備 ❹ 個人の幸福と会社の発展をともに目指せる仕組み・制度の充実 効 果 • 高付加価値サービスの展開 • 高利益率案件の増大 • 顧客満足・信頼性の向上 • 従業員エンゲージメント向上 • 業務パフォーマンスの向上 • モチベーションの向上 • 人財の確保 • コミュニケーションの向上 ソフトウェア事業 基本戦略① 技術力と組織力を高めることにより収益性向上戦略の実行基盤を構築する。 17COPYRIGHT © Witz Corporation ALL RIGHTS RESERVED. 需要察知（ Vision ❶） 収益性（ Vision ❹） 環 境 ・課 題 • 技術の進歩に伴う、顧客・社会のニーズのスピーディな変化 • 少子高齢化に伴う将来的なエンジニア労働人口の減少 • グループ全体でのリソース活用・受注判断基準の改善 • 開発プロセスの効率化 • 価格交渉、販促活動等の営業力の強化 中 期 戦 略 ❶ 業界団体、公的機関、大学、研究機関等との連携強化による、 情報収集・共同研究の推進 ❷ 先行研究、事例、情報等、海外の先行的動向のキャッチアップ ❸ 高度技術職の階層確立および先行技術の推進等の 評価制度への組み入れによる、①・②の実行性担保 ❶ 労働力提供型中心から、知財提供・活用型の収益モデルへのシフト ❷ グループ内外の人財リソースを有効活用し、再配分・適正配置 ❸ 開発および業務効率の向上に向けた、システム・ＡＩを活用したＤＸによる工数削減 ❹ プライシングの適正化、販売数拡大、新規顧客・案件獲得に向けた営業力の強化 ❺ 事業ポートフォリオ管理による、継続・維持・改善・撤退等の適時適切な判断 ❻ 必要な技術力、人財、収益力を見据えた戦略的 M&A による事業拡大 効 果 • 会社の持続的な成長 • 技術的競争優位性の向上 • 市場の先発優位性の向上 • 売上高の上昇・利益率の向上による ROE 改善 ソフトウェア事業 基本戦略② 近未来のニーズを把握し、高利益率化・リソース配分・選択と集中など複数の施策を並行して推進することで、 持続的な企業価値の向上を実現する。 18COPYRIGHT © Witz Corporation ALL RIGHTS RESERVED. ソフトウェア事業 知財提供・活用型への売上構成目標 SES の比率を下げ、ソフトウェア受託開発および知財提供・活用型サービスへシフトし、収益性を高める。 製品・サービス 売上構成比率 2024年8月期 2025年8月期 2026年8月期 2027年8月期 ソフトウェア事業売上高 3,334百万円 3,692百万円 4,030百万円 4,525百万円 労 働 力 提 供 型 SES システムエンジニアの 労働力提供サービス 53% 50% 45% 40% ソフトウェア受託開発 顧客の要求仕様に基づいた 成果物提供サービス 40% 42% 46% 50% 知 財 提 供 ・活 用 型 コンサルティング ノウハウ等知財を活用した助言、 提案などのサービス 7% 8% 9% 10% コンテンツ ソフトウェア開発に係るノウハウや 情報等の動画・文書などを販売 ソフトウェアコンポーネント 他社のソフトウェア製品の一部として 利用されるソフトウェアのライセンス販売 自社プロダクト＆ サービス 自社開発のソフトウェア製品のライセンス 販売、自社開発のソフトウェアを 利用したサービスの提供 収益性 高 19COPYRIGHT © Witz Corporation ALL RIGHTS RESERVED. センシング事業 基本戦略 非破壊検査技術の利用用途の拡充と付加価値の向上を図り、事業規模の拡大と高利益率化につなげる。 収益性 環 境 ・課 題 • 高度な安全性が必要な製品等において、より高解像度の画像解析が求められる • 一部分野の製品は、サンプルではなく、全件検"
4440,供型SESシステムエンジニアの労働力提供サービス,53.00,explicit_sales_mix_v6,,,https://www.witz-inc.co.jp/wp/wp-content/uploads/management_policy2025_formulation.pdf,2027,"・ M&A) ❹ 高度技術職の階層確立および教育・次世代事業の研究開発の 評価制度への組み入れによる、育成・技術強化の実行性担保 ❶ 経営理念等の浸透活動による良好な組織風土の醸成 ❷ 属人的手当を逓減し、技術力・成果に見合う人事評価・ 給与制度への改定 ❸ テレワーク、福利厚生の充実等、働きやすい環境の整備 ❹ 個人の幸福と会社の発展をともに目指せる仕組み・制度の充実 効 果 • 高付加価値サービスの展開 • 高利益率案件の増大 • 顧客満足・信頼性の向上 • 従業員エンゲージメント向上 • 業務パフォーマンスの向上 • モチベーションの向上 • 人財の確保 • コミュニケーションの向上 ソフトウェア事業 基本戦略① 技術力と組織力を高めることにより収益性向上戦略の実行基盤を構築する。 17COPYRIGHT © Witz Corporation ALL RIGHTS RESERVED. 需要察知（ Vision ❶） 収益性（ Vision ❹） 環 境 ・課 題 • 技術の進歩に伴う、顧客・社会のニーズのスピーディな変化 • 少子高齢化に伴う将来的なエンジニア労働人口の減少 • グループ全体でのリソース活用・受注判断基準の改善 • 開発プロセスの効率化 • 価格交渉、販促活動等の営業力の強化 中 期 戦 略 ❶ 業界団体、公的機関、大学、研究機関等との連携強化による、 情報収集・共同研究の推進 ❷ 先行研究、事例、情報等、海外の先行的動向のキャッチアップ ❸ 高度技術職の階層確立および先行技術の推進等の 評価制度への組み入れによる、①・②の実行性担保 ❶ 労働力提供型中心から、知財提供・活用型の収益モデルへのシフト ❷ グループ内外の人財リソースを有効活用し、再配分・適正配置 ❸ 開発および業務効率の向上に向けた、システム・ＡＩを活用したＤＸによる工数削減 ❹ プライシングの適正化、販売数拡大、新規顧客・案件獲得に向けた営業力の強化 ❺ 事業ポートフォリオ管理による、継続・維持・改善・撤退等の適時適切な判断 ❻ 必要な技術力、人財、収益力を見据えた戦略的 M&A による事業拡大 効 果 • 会社の持続的な成長 • 技術的競争優位性の向上 • 市場の先発優位性の向上 • 売上高の上昇・利益率の向上による ROE 改善 ソフトウェア事業 基本戦略② 近未来のニーズを把握し、高利益率化・リソース配分・選択と集中など複数の施策を並行して推進することで、 持続的な企業価値の向上を実現する。 18COPYRIGHT © Witz Corporation ALL RIGHTS RESERVED. ソフトウェア事業 知財提供・活用型への売上構成目標 SES の比率を下げ、ソフトウェア受託開発および知財提供・活用型サービスへシフトし、収益性を高める。 製品・サービス 売上構成比率 2024年8月期 2025年8月期 2026年8月期 2027年8月期 ソフトウェア事業売上高 3,334百万円 3,692百万円 4,030百万円 4,525百万円 労 働 力 提 供 型 SES システムエンジニアの 労働力提供サービス 53% 50% 45% 40% ソフトウェア受託開発 顧客の要求仕様に基づいた 成果物提供サービス 40% 42% 46% 50% 知 財 提 供 ・活 用 型 コンサルティング ノウハウ等知財を活用した助言、 提案などのサービス 7% 8% 9% 10% コンテンツ ソフトウェア開発に係るノウハウや 情報等の動画・文書などを販売 ソフトウェアコンポーネント 他社のソフトウェア製品の一部として 利用されるソフトウェアのライセンス販売 自社プロダクト＆ サービス 自社開発のソフトウェア製品のライセンス 販売、自社開発のソフトウェアを 利用したサービスの提供 収益性 高 19COPYRIGHT © Witz Corporation ALL RIGHTS RESERVED. センシング事業 基本戦略 非破壊検査技術の利用用途の拡充と付加価値の向上を図り、事業規模の拡大と高利益率化につなげる。 収益性 環 境 ・課 題 • 高度な安全性が必要な製品等において、より高解像度の画像解析が求められる • 一部分野の製品は、サンプルではなく、全件検"
4440,提案などのサービス,7.00,explicit_sales_mix_v6,,,https://www.witz-inc.co.jp/wp/wp-content/uploads/management_policy2025_formulation.pdf,2027,"・ M&A) ❹ 高度技術職の階層確立および教育・次世代事業の研究開発の 評価制度への組み入れによる、育成・技術強化の実行性担保 ❶ 経営理念等の浸透活動による良好な組織風土の醸成 ❷ 属人的手当を逓減し、技術力・成果に見合う人事評価・ 給与制度への改定 ❸ テレワーク、福利厚生の充実等、働きやすい環境の整備 ❹ 個人の幸福と会社の発展をともに目指せる仕組み・制度の充実 効 果 • 高付加価値サービスの展開 • 高利益率案件の増大 • 顧客満足・信頼性の向上 • 従業員エンゲージメント向上 • 業務パフォーマンスの向上 • モチベーションの向上 • 人財の確保 • コミュニケーションの向上 ソフトウェア事業 基本戦略① 技術力と組織力を高めることにより収益性向上戦略の実行基盤を構築する。 17COPYRIGHT © Witz Corporation ALL RIGHTS RESERVED. 需要察知（ Vision ❶） 収益性（ Vision ❹） 環 境 ・課 題 • 技術の進歩に伴う、顧客・社会のニーズのスピーディな変化 • 少子高齢化に伴う将来的なエンジニア労働人口の減少 • グループ全体でのリソース活用・受注判断基準の改善 • 開発プロセスの効率化 • 価格交渉、販促活動等の営業力の強化 中 期 戦 略 ❶ 業界団体、公的機関、大学、研究機関等との連携強化による、 情報収集・共同研究の推進 ❷ 先行研究、事例、情報等、海外の先行的動向のキャッチアップ ❸ 高度技術職の階層確立および先行技術の推進等の 評価制度への組み入れによる、①・②の実行性担保 ❶ 労働力提供型中心から、知財提供・活用型の収益モデルへのシフト ❷ グループ内外の人財リソースを有効活用し、再配分・適正配置 ❸ 開発および業務効率の向上に向けた、システム・ＡＩを活用したＤＸによる工数削減 ❹ プライシングの適正化、販売数拡大、新規顧客・案件獲得に向けた営業力の強化 ❺ 事業ポートフォリオ管理による、継続・維持・改善・撤退等の適時適切な判断 ❻ 必要な技術力、人財、収益力を見据えた戦略的 M&A による事業拡大 効 果 • 会社の持続的な成長 • 技術的競争優位性の向上 • 市場の先発優位性の向上 • 売上高の上昇・利益率の向上による ROE 改善 ソフトウェア事業 基本戦略② 近未来のニーズを把握し、高利益率化・リソース配分・選択と集中など複数の施策を並行して推進することで、 持続的な企業価値の向上を実現する。 18COPYRIGHT © Witz Corporation ALL RIGHTS RESERVED. ソフトウェア事業 知財提供・活用型への売上構成目標 SES の比率を下げ、ソフトウェア受託開発および知財提供・活用型サービスへシフトし、収益性を高める。 製品・サービス 売上構成比率 2024年8月期 2025年8月期 2026年8月期 2027年8月期 ソフトウェア事業売上高 3,334百万円 3,692百万円 4,030百万円 4,525百万円 労 働 力 提 供 型 SES システムエンジニアの 労働力提供サービス 53% 50% 45% 40% ソフトウェア受託開発 顧客の要求仕様に基づいた 成果物提供サービス 40% 42% 46% 50% 知 財 提 供 ・活 用 型 コンサルティング ノウハウ等知財を活用した助言、 提案などのサービス 7% 8% 9% 10% コンテンツ ソフトウェア開発に係るノウハウや 情報等の動画・文書などを販売 ソフトウェアコンポーネント 他社のソフトウェア製品の一部として 利用されるソフトウェアのライセンス販売 自社プロダクト＆ サービス 自社開発のソフトウェア製品のライセンス 販売、自社開発のソフトウェアを 利用したサービスの提供 収益性 高 19COPYRIGHT © Witz Corporation ALL RIGHTS RESERVED. センシング事業 基本戦略 非破壊検査技術の利用用途の拡充と付加価値の向上を図り、事業規模の拡大と高利益率化につなげる。 収益性 環 境 ・課 題 • 高度な安全性が必要な製品等において、より高解像度の画像解析が求められる • 一部分野の製品は、サンプルではなく、全件検"
4444,サービス事業,0.10,external_customer_sales_table_v6,2.0,2026.0,https://www.e-infonet.jp/Portals/0/images/ir/News/第24期有価証券報告書.pdf,2026,"取っ
た前受金及び前受収益に関するものであります。
当連結会計年度の期首時点の契約負債残高は、全額が当連結会計年度の収益として認識されております。
(2) 残存履行義務に配分した取引価格
当初に予想される契約期間が１年を超える重要な契約がないため、実務上の便法を適用し、残存履行義務に関
する情報の記載を省略しております。
(セグメント情報等)
【セグメント情報】
当社グループはＷＥＢ受託開発・ＡＳＰサービス事業の単一セグメントであるため、記載を省略しております。
【関連情報】
前連結会計年度(自 2024年４月１日 至 2025年３月31日)
１ 製品及びサービスごとの情報
(単位：千円)
受託開発サービス 月額利用料サービス ＡＩサービス ＳＥＳ・その他 合計
外 部 顧 客 へ の
売上高 874,690 847,351 249,051 39,482 2,010,575
２ 地域ごとの情報
(1) 売上高
本邦以外の外部顧客への売上高がないため、該当事項はありません。
(2) 有形固定資産
本邦以外に所在している有形固定資産がないため、該当事項はありません。
３ 主要な顧客ごとの情報
外部顧客への売上高のうち、連結損益及び包括利益計算書の売上高の10%を占める相手先がないため、記載はあり
ません。
当連結会計年度(自 2025年４月１日 至 2026年３月31日)
１ 製品及びサービスごとの情報
(単位：千円)
受託開発サービス 月額利用料サービス ＡＩサービス ＳＥＳ・その他 合計
外 部 顧 客 へ の
売上高 927,473 778,406 354,592 24,551 2,085,024
株式会社インフォネット
83
２ 地域ごとの情報
(1) 売上高
本邦以外の 外部顧客への売上高 がないため、該当事項はありません。
(2) 有形固定資産
本邦以外に所在している有形固定資産がないため、該当事項はありません。
３ 主要な顧客ごとの情報
外部顧客への売上高のうち、連結損益及び包括利益計算書の売上高の10%を占める相手先がないため、記載はあり
ません。
【報告セグメントごとの固定資産の減損損失に関する情報】
当社グループはＷＥＢ受託開発・ＡＳＰサービス事業の単一セグメントであるため、記載を省略しております。
【報告セグメントごとののれんの償却額及び未償却残高に関する情報】
当社グループはＷＥＢ受託開発・ＡＳＰサービス事業の単一セグメントであるため、記載を省略しております。
【報告セグメントごとの負ののれん発生益に関する情報】
該当事項はありません。
【関連当事者情報】
１．関連当事者との取引
(1) 連結財務諸表提出会社と関連当事者との取引
(ア)連結財務諸表提出会社の非連結子会社及び関連会社等
前連結会計年度(自 2024年４月１日 至 2025年３月31日)
該当事項はありません。
当連結会計年度(自 2025年４月１日 至 2026年３月31日)
該当事項はありません。
(イ)連結財務諸表提出会社の役員及び主要株主(個人の場合に限る。)等
前連結会計年度(自 2024年４月１日 至 2025年３月31日)
種類 会社等の名
称又は氏名 所在地
資本金又は
出資金
(百万円)
事業の内容
又は職業
議決権等の所
有(被所有)
割合
関連当事者
との関係
取引の"
4444,受託開発サービス,0.05,external_customer_sales_table_v6,1.0,2026.0,https://www.e-infonet.jp/Portals/0/images/ir/News/第24期有価証券報告書.pdf,2026,"取っ
た前受金及び前受収益に関するものであります。
当連結会計年度の期首時点の契約負債残高は、全額が当連結会計年度の収益として認識されております。
(2) 残存履行義務に配分した取引価格
当初に予想される契約期間が１年を超える重要な契約がないため、実務上の便法を適用し、残存履行義務に関
する情報の記載を省略しております。
(セグメント情報等)
【セグメント情報】
当社グループはＷＥＢ受託開発・ＡＳＰサービス事業の単一セグメントであるため、記載を省略しております。
【関連情報】
前連結会計年度(自 2024年４月１日 至 2025年３月31日)
１ 製品及びサービスごとの情報
(単位：千円)
受託開発サービス 月額利用料サービス ＡＩサービス ＳＥＳ・その他 合計
外 部 顧 客 へ の
売上高 874,690 847,351 249,051 39,482 2,010,575
２ 地域ごとの情報
(1) 売上高
本邦以外の外部顧客への売上高がないため、該当事項はありません。
(2) 有形固定資産
本邦以外に所在している有形固定資産がないため、該当事項はありません。
３ 主要な顧客ごとの情報
外部顧客への売上高のうち、連結損益及び包括利益計算書の売上高の10%を占める相手先がないため、記載はあり
ません。
当連結会計年度(自 2025年４月１日 至 2026年３月31日)
１ 製品及びサービスごとの情報
(単位：千円)
受託開発サービス 月額利用料サービス ＡＩサービス ＳＥＳ・その他 合計
外 部 顧 客 へ の
売上高 927,473 778,406 354,592 24,551 2,085,024
株式会社インフォネット
83
２ 地域ごとの情報
(1) 売上高
本邦以外の 外部顧客への売上高 がないため、該当事項はありません。
(2) 有形固定資産
本邦以外に所在している有形固定資産がないため、該当事項はありません。
３ 主要な顧客ごとの情報
外部顧客への売上高のうち、連結損益及び包括利益計算書の売上高の10%を占める相手先がないため、記載はあり
ません。
【報告セグメントごとの固定資産の減損損失に関する情報】
当社グループはＷＥＢ受託開発・ＡＳＰサービス事業の単一セグメントであるため、記載を省略しております。
【報告セグメントごとののれんの償却額及び未償却残高に関する情報】
当社グループはＷＥＢ受託開発・ＡＳＰサービス事業の単一セグメントであるため、記載を省略しております。
【報告セグメントごとの負ののれん発生益に関する情報】
該当事項はありません。
【関連当事者情報】
１．関連当事者との取引
(1) 連結財務諸表提出会社と関連当事者との取引
(ア)連結財務諸表提出会社の非連結子会社及び関連会社等
前連結会計年度(自 2024年４月１日 至 2025年３月31日)
該当事項はありません。
当連結会計年度(自 2025年４月１日 至 2026年３月31日)
該当事項はありません。
(イ)連結財務諸表提出会社の役員及び主要株主(個人の場合に限る。)等
前連結会計年度(自 2024年４月１日 至 2025年３月31日)
種類 会社等の名
称又は氏名 所在地
資本金又は
出資金
(百万円)
事業の内容
又は職業
議決権等の所
有(被所有)
割合
関連当事者
との関係
取引の"
4444,月額利用料サービス,99.90,external_customer_sales_table_v6,2024.0,2026.0,https://www.e-infonet.jp/Portals/0/images/ir/News/第24期有価証券報告書.pdf,2026,"取っ
た前受金及び前受収益に関するものであります。
当連結会計年度の期首時点の契約負債残高は、全額が当連結会計年度の収益として認識されております。
(2) 残存履行義務に配分した取引価格
当初に予想される契約期間が１年を超える重要な契約がないため、実務上の便法を適用し、残存履行義務に関
する情報の記載を省略しております。
(セグメント情報等)
【セグメント情報】
当社グループはＷＥＢ受託開発・ＡＳＰサービス事業の単一セグメントであるため、記載を省略しております。
【関連情報】
前連結会計年度(自 2024年４月１日 至 2025年３月31日)
１ 製品及びサービスごとの情報
(単位：千円)
受託開発サービス 月額利用料サービス ＡＩサービス ＳＥＳ・その他 合計
外 部 顧 客 へ の
売上高 874,690 847,351 249,051 39,482 2,010,575
２ 地域ごとの情報
(1) 売上高
本邦以外の外部顧客への売上高がないため、該当事項はありません。
(2) 有形固定資産
本邦以外に所在している有形固定資産がないため、該当事項はありません。
３ 主要な顧客ごとの情報
外部顧客への売上高のうち、連結損益及び包括利益計算書の売上高の10%を占める相手先がないため、記載はあり
ません。
当連結会計年度(自 2025年４月１日 至 2026年３月31日)
１ 製品及びサービスごとの情報
(単位：千円)
受託開発サービス 月額利用料サービス ＡＩサービス ＳＥＳ・その他 合計
外 部 顧 客 へ の
売上高 927,473 778,406 354,592 24,551 2,085,024
株式会社インフォネット
83
２ 地域ごとの情報
(1) 売上高
本邦以外の 外部顧客への売上高 がないため、該当事項はありません。
(2) 有形固定資産
本邦以外に所在している有形固定資産がないため、該当事項はありません。
３ 主要な顧客ごとの情報
外部顧客への売上高のうち、連結損益及び包括利益計算書の売上高の10%を占める相手先がないため、記載はあり
ません。
【報告セグメントごとの固定資産の減損損失に関する情報】
当社グループはＷＥＢ受託開発・ＡＳＰサービス事業の単一セグメントであるため、記載を省略しております。
【報告セグメントごとののれんの償却額及び未償却残高に関する情報】
当社グループはＷＥＢ受託開発・ＡＳＰサービス事業の単一セグメントであるため、記載を省略しております。
【報告セグメントごとの負ののれん発生益に関する情報】
該当事項はありません。
【関連当事者情報】
１．関連当事者との取引
(1) 連結財務諸表提出会社と関連当事者との取引
(ア)連結財務諸表提出会社の非連結子会社及び関連会社等
前連結会計年度(自 2024年４月１日 至 2025年３月31日)
該当事項はありません。
当連結会計年度(自 2025年４月１日 至 2026年３月31日)
該当事項はありません。
(イ)連結財務諸表提出会社の役員及び主要株主(個人の場合に限る。)等
前連結会計年度(自 2024年４月１日 至 2025年３月31日)
種類 会社等の名
称又は氏名 所在地
資本金又は
出資金
(百万円)
事業の内容
又は職業
議決権等の所
有(被所有)
割合
関連当事者
との関係
取引の"
4444,製品及びサービス,0.49,external_customer_sales_table_v6,10.0,2026.0,https://www.e-infonet.jp/Portals/0/images/ir/News/第24期有価証券報告書.pdf,2026,"取っ
た前受金及び前受収益に関するものであります。
当連結会計年度の期首時点の契約負債残高は、全額が当連結会計年度の収益として認識されております。
(2) 残存履行義務に配分した取引価格
当初に予想される契約期間が１年を超える重要な契約がないため、実務上の便法を適用し、残存履行義務に関
する情報の記載を省略しております。
(セグメント情報等)
【セグメント情報】
当社グループはＷＥＢ受託開発・ＡＳＰサービス事業の単一セグメントであるため、記載を省略しております。
【関連情報】
前連結会計年度(自 2024年４月１日 至 2025年３月31日)
１ 製品及びサービスごとの情報
(単位：千円)
受託開発サービス 月額利用料サービス ＡＩサービス ＳＥＳ・その他 合計
外 部 顧 客 へ の
売上高 874,690 847,351 249,051 39,482 2,010,575
２ 地域ごとの情報
(1) 売上高
本邦以外の外部顧客への売上高がないため、該当事項はありません。
(2) 有形固定資産
本邦以外に所在している有形固定資産がないため、該当事項はありません。
３ 主要な顧客ごとの情報
外部顧客への売上高のうち、連結損益及び包括利益計算書の売上高の10%を占める相手先がないため、記載はあり
ません。
当連結会計年度(自 2025年４月１日 至 2026年３月31日)
１ 製品及びサービスごとの情報
(単位：千円)
受託開発サービス 月額利用料サービス ＡＩサービス ＳＥＳ・その他 合計
外 部 顧 客 へ の
売上高 927,473 778,406 354,592 24,551 2,085,024
株式会社インフォネット
83
２ 地域ごとの情報
(1) 売上高
本邦以外の 外部顧客への売上高 がないため、該当事項はありません。
(2) 有形固定資産
本邦以外に所在している有形固定資産がないため、該当事項はありません。
３ 主要な顧客ごとの情報
外部顧客への売上高のうち、連結損益及び包括利益計算書の売上高の10%を占める相手先がないため、記載はあり
ません。
【報告セグメントごとの固定資産の減損損失に関する情報】
当社グループはＷＥＢ受託開発・ＡＳＰサービス事業の単一セグメントであるため、記載を省略しております。
【報告セグメントごとののれんの償却額及び未償却残高に関する情報】
当社グループはＷＥＢ受託開発・ＡＳＰサービス事業の単一セグメントであるため、記載を省略しております。
【報告セグメントごとの負ののれん発生益に関する情報】
該当事項はありません。
【関連当事者情報】
１．関連当事者との取引
(1) 連結財務諸表提出会社と関連当事者との取引
(ア)連結財務諸表提出会社の非連結子会社及び関連会社等
前連結会計年度(自 2024年４月１日 至 2025年３月31日)
該当事項はありません。
当連結会計年度(自 2025年４月１日 至 2026年３月31日)
該当事項はありません。
(イ)連結財務諸表提出会社の役員及び主要株主(個人の場合に限る。)等
前連結会計年度(自 2024年４月１日 至 2025年３月31日)
種類 会社等の名
称又は氏名 所在地
資本金又は
出資金
(百万円)
事業の内容
又は職業
議決権等の所
有(被所有)
割合
関連当事者
との関係
取引の"
4476,グ事業,85.73,external_customer_sales_table_v6,2190940.0,2555647.0,https://aicross.co.jp/corporate/uploads/2026/08/555b7c141d9ba6a92404d761f7a74851.pdf,2026,",447
（中間連結キャッシュ・フロー計算書関係）
※ 現金及び現金同等物の中間期末残高と中間連結貸借対照表に掲記されている科目の金額との関係は、次の通
りであります。
（株主資本等関係）
Ⅰ 前中間連結会計期間（自 2025年１月１日 至 2025年６月30日）
１．配当金支払額
該当事項はありません。
２．基準日が当中間連結会計期間に属する配当のうち、配当の効力発生日が当中間連結会計期間の末日後とな
るもの
該当事項はありません。
Ⅱ 当中間連結会計期間（自 2026年１月１日 至 2026年６月30日）
１．配当金支払額
該当事項はありません。
２．基準日が当中間連結会計期間に属する配当のうち、配当の効力発生日が当中間連結会計期間の末日後とな
るもの
該当事項はありません。
- 13 -
（単位：千円）
報告セグメント
調整額
（注）１
中間連結損益
計算書計上額
（注）２
スマートメ
ッセージン
グ事業
AIトランス
フォーメー
ション事業
マーケティン
グソリューシ
ョン事業
計
売上高
外部顧客への売上高 1,876,135 45,855 － 1,921,991 － 1,921,991
セグメント間の内部売上高
又は振替高 － － － － － －
計 1,876,135 45,855 － 1,921,991 － 1,921,991
セグメント利益又はセグメン
ト損失（△） 509,554 △26,364 － 483,190 △316,597 166,592
（単位：千円）
報告セグメント
調整額
（注）１
中間連結損益
計算書計上額
（注）２
スマートメ
ッセージン
グ事業
AIトランス
フォーメー
ション事業
マーケティン
グソリューシ
ョン事業
計
売上高
 外部顧客への売上高 2,190,940 84,126 280,580 2,555,647 － 2,555,647
セグメント間の内部売上高
又は振替高 51 － 8,395 8,446 △8,446 －
計 2,190,991 84,126 288,975 2,564,093 △8,446 2,555,647
セグメント利益 559,608 1,962 33,529 595,101 △255,172 339,928
（セグメント情報等）
【セグメント情報】
Ⅰ 前中間連結会計期間（自 2025年１月１日 至 2025年６月30日）
１．報告セグメントごとの売上高及び利益又は損失の金額に関する情報
（注）１．セグメント利益又はセグメント損失の調整額は、報告セグメントに配分していない全社費用の金額であ
り、主に報告セグメントに帰属しない本社の管理部門における一般管理費等であります。
２．セグメント利益又はセグメント損失は、中間連結損益計算書の営業利益と調整を行っております。
Ⅱ 当中間連結会計期間（自 2026年１月１日 至 2026年６月30日）
１．報告セグメントごとの売上高及び利益又は損失の金額に関する情報
（注）１．セグメント利益の調整額は、報告セグメントに配分していない全社費用の金額であり、主に報告セグメン
トに帰属しない本社の管理部門における一般管理費等であります。
２．セグメント利益は、中間連結損益計算書の営業利益と調整を行っております。
２．報告セグメントの変更等に関する事項
当社グル"
4476,ション事業,3.29,external_customer_sales_table_v6,84126.0,2555647.0,https://aicross.co.jp/corporate/uploads/2026/08/555b7c141d9ba6a92404d761f7a74851.pdf,2026,",447
（中間連結キャッシュ・フロー計算書関係）
※ 現金及び現金同等物の中間期末残高と中間連結貸借対照表に掲記されている科目の金額との関係は、次の通
りであります。
（株主資本等関係）
Ⅰ 前中間連結会計期間（自 2025年１月１日 至 2025年６月30日）
１．配当金支払額
該当事項はありません。
２．基準日が当中間連結会計期間に属する配当のうち、配当の効力発生日が当中間連結会計期間の末日後とな
るもの
該当事項はありません。
Ⅱ 当中間連結会計期間（自 2026年１月１日 至 2026年６月30日）
１．配当金支払額
該当事項はありません。
２．基準日が当中間連結会計期間に属する配当のうち、配当の効力発生日が当中間連結会計期間の末日後とな
るもの
該当事項はありません。
- 13 -
（単位：千円）
報告セグメント
調整額
（注）１
中間連結損益
計算書計上額
（注）２
スマートメ
ッセージン
グ事業
AIトランス
フォーメー
ション事業
マーケティン
グソリューシ
ョン事業
計
売上高
外部顧客への売上高 1,876,135 45,855 － 1,921,991 － 1,921,991
セグメント間の内部売上高
又は振替高 － － － － － －
計 1,876,135 45,855 － 1,921,991 － 1,921,991
セグメント利益又はセグメン
ト損失（△） 509,554 △26,364 － 483,190 △316,597 166,592
（単位：千円）
報告セグメント
調整額
（注）１
中間連結損益
計算書計上額
（注）２
スマートメ
ッセージン
グ事業
AIトランス
フォーメー
ション事業
マーケティン
グソリューシ
ョン事業
計
売上高
 外部顧客への売上高 2,190,940 84,126 280,580 2,555,647 － 2,555,647
セグメント間の内部売上高
又は振替高 51 － 8,395 8,446 △8,446 －
計 2,190,991 84,126 288,975 2,564,093 △8,446 2,555,647
セグメント利益 559,608 1,962 33,529 595,101 △255,172 339,928
（セグメント情報等）
【セグメント情報】
Ⅰ 前中間連結会計期間（自 2025年１月１日 至 2025年６月30日）
１．報告セグメントごとの売上高及び利益又は損失の金額に関する情報
（注）１．セグメント利益又はセグメント損失の調整額は、報告セグメントに配分していない全社費用の金額であ
り、主に報告セグメントに帰属しない本社の管理部門における一般管理費等であります。
２．セグメント利益又はセグメント損失は、中間連結損益計算書の営業利益と調整を行っております。
Ⅱ 当中間連結会計期間（自 2026年１月１日 至 2026年６月30日）
１．報告セグメントごとの売上高及び利益又は損失の金額に関する情報
（注）１．セグメント利益の調整額は、報告セグメントに配分していない全社費用の金額であり、主に報告セグメン
トに帰属しない本社の管理部門における一般管理費等であります。
２．セグメント利益は、中間連結損益計算書の営業利益と調整を行っております。
２．報告セグメントの変更等に関する事項
当社グル"
4476,ョン事業,10.98,external_customer_sales_table_v6,280580.0,2555647.0,https://aicross.co.jp/corporate/uploads/2026/08/555b7c141d9ba6a92404d761f7a74851.pdf,2026,",447
（中間連結キャッシュ・フロー計算書関係）
※ 現金及び現金同等物の中間期末残高と中間連結貸借対照表に掲記されている科目の金額との関係は、次の通
りであります。
（株主資本等関係）
Ⅰ 前中間連結会計期間（自 2025年１月１日 至 2025年６月30日）
１．配当金支払額
該当事項はありません。
２．基準日が当中間連結会計期間に属する配当のうち、配当の効力発生日が当中間連結会計期間の末日後とな
るもの
該当事項はありません。
Ⅱ 当中間連結会計期間（自 2026年１月１日 至 2026年６月30日）
１．配当金支払額
該当事項はありません。
２．基準日が当中間連結会計期間に属する配当のうち、配当の効力発生日が当中間連結会計期間の末日後とな
るもの
該当事項はありません。
- 13 -
（単位：千円）
報告セグメント
調整額
（注）１
中間連結損益
計算書計上額
（注）２
スマートメ
ッセージン
グ事業
AIトランス
フォーメー
ション事業
マーケティン
グソリューシ
ョン事業
計
売上高
外部顧客への売上高 1,876,135 45,855 － 1,921,991 － 1,921,991
セグメント間の内部売上高
又は振替高 － － － － － －
計 1,876,135 45,855 － 1,921,991 － 1,921,991
セグメント利益又はセグメン
ト損失（△） 509,554 △26,364 － 483,190 △316,597 166,592
（単位：千円）
報告セグメント
調整額
（注）１
中間連結損益
計算書計上額
（注）２
スマートメ
ッセージン
グ事業
AIトランス
フォーメー
ション事業
マーケティン
グソリューシ
ョン事業
計
売上高
 外部顧客への売上高 2,190,940 84,126 280,580 2,555,647 － 2,555,647
セグメント間の内部売上高
又は振替高 51 － 8,395 8,446 △8,446 －
計 2,190,991 84,126 288,975 2,564,093 △8,446 2,555,647
セグメント利益 559,608 1,962 33,529 595,101 △255,172 339,928
（セグメント情報等）
【セグメント情報】
Ⅰ 前中間連結会計期間（自 2025年１月１日 至 2025年６月30日）
１．報告セグメントごとの売上高及び利益又は損失の金額に関する情報
（注）１．セグメント利益又はセグメント損失の調整額は、報告セグメントに配分していない全社費用の金額であ
り、主に報告セグメントに帰属しない本社の管理部門における一般管理費等であります。
２．セグメント利益又はセグメント損失は、中間連結損益計算書の営業利益と調整を行っております。
Ⅱ 当中間連結会計期間（自 2026年１月１日 至 2026年６月30日）
１．報告セグメントごとの売上高及び利益又は損失の金額に関する情報
（注）１．セグメント利益の調整額は、報告セグメントに配分していない全社費用の金額であり、主に報告セグメン
トに帰属しない本社の管理部門における一般管理費等であります。
２．セグメント利益は、中間連結損益計算書の営業利益と調整を行っております。
２．報告セグメントの変更等に関する事項
当社グル"
