batch,stock_code,yahoo_ticker,company_name,theme_name,cluster,source_url
2,2445,2445.T,2445.T,国土強靱化,防衛・国土強靱化,https://s.kabutan.jp/themes/%E5%9B%BD%E5%9C%9F%E5%BC%B7%E9%9D%B1%E5%8C%96/?market=all
2,2445,2445.T,2445.T,太陽光発電関連,GX・エネルギー,https://s.kabutan.jp/themes/%E5%A4%AA%E9%99%BD%E5%85%89%E7%99%BA%E9%9B%BB%E9%96%A2%E9%80%A3/?market=all
2,2445,2445.T,2445.T,建設,不動産・建設,https://s.kabutan.jp/themes/%E5%BB%BA%E8%A8%AD/?market=all
2,2445,2445.T,2445.T,耐震化,防衛・国土強靱化,https://s.kabutan.jp/themes/%E8%80%90%E9%9C%87%E5%8C%96/?market=all
2,244A,244A.T,グロースｘＰ,IT関連,デジタル・サービス,https://s.kabutan.jp/themes/IT%E9%96%A2%E9%80%A3/?market=all
2,244A,244A.T,グロースｘＰ,クラウドコンピューティング,デジタル・サービス,https://s.kabutan.jp/themes/%E3%82%AF%E3%83%A9%E3%82%A6%E3%83%89%E3%82%B3%E3%83%B3%E3%83%94%E3%83%A5%E3%83%BC%E3%83%86%E3%82%A3%E3%83%B3%E3%82%B0/?market=all
2,244A,244A.T,グロースｘＰ,デジタルトランスフォーメーション,デジタル・サービス,https://s.kabutan.jp/themes/%E3%83%87%E3%82%B8%E3%82%BF%E3%83%AB%E3%83%88%E3%83%A9%E3%83%B3%E3%82%B9%E3%83%95%E3%82%A9%E3%83%BC%E3%83%A1%E3%83%BC%E3%82%B7%E3%83%A7%E3%83%B3/?market=all
2,244A,244A.T,グロースｘＰ,データ分析・解析,AI・半導体,https://s.kabutan.jp/themes/%E3%83%87%E3%83%BC%E3%82%BF%E5%88%86%E6%9E%90%E3%83%BB%E8%A7%A3%E6%9E%90/?market=all
2,244A,244A.T,グロースｘＰ,人工知能,AI・半導体,https://s.kabutan.jp/themes/%E4%BA%BA%E5%B7%A5%E7%9F%A5%E8%83%BD/?market=all
2,2454,2454.T,2454.T,IT関連,デジタル・サービス,https://s.kabutan.jp/themes/IT%E9%96%A2%E9%80%A3/?market=all
2,2454,2454.T,2454.T,eコマース,内需・消費,https://s.kabutan.jp/themes/e%E3%82%B3%E3%83%9E%E3%83%BC%E3%82%B9/?market=all
2,2459,2459.T,アウン,IT関連,デジタル・サービス,https://s.kabutan.jp/themes/IT%E9%96%A2%E9%80%A3/?market=all
2,2459,2459.T,アウン,インバウンド,内需・消費,https://s.kabutan.jp/themes/%E3%82%A4%E3%83%B3%E3%83%90%E3%82%A6%E3%83%B3%E3%83%89/?market=all
2,2459,2459.T,アウン,不動産関連,不動産・建設,https://s.kabutan.jp/themes/%E4%B8%8D%E5%8B%95%E7%94%A3%E9%96%A2%E9%80%A3/?market=all
2,2459,2459.T,アウン,人工知能,AI・半導体,https://s.kabutan.jp/themes/%E4%BA%BA%E5%B7%A5%E7%9F%A5%E8%83%BD/?market=all
2,2459,2459.T,アウン,生成AI,AI・半導体,https://s.kabutan.jp/themes/%E7%94%9F%E6%88%90AI/?market=all
2,245A,245A.T,245A.T,外食,内需・消費,https://s.kabutan.jp/themes/%E5%A4%96%E9%A3%9F/?market=all
2,245A,245A.T,245A.T,小売り,内需・消費,https://s.kabutan.jp/themes/%E5%B0%8F%E5%A3%B2%E3%82%8A/?market=all
2,2462,2462.T,2462.T,介護関連,医療・ヘルスケア,https://s.kabutan.jp/themes/%E4%BB%8B%E8%AD%B7%E9%96%A2%E9%80%A3/?market=all
2,2464,2464.T,2464.T,サブスクリプション,デジタル・サービス,https://s.kabutan.jp/themes/%E3%82%B5%E3%83%96%E3%82%B9%E3%82%AF%E3%83%AA%E3%83%97%E3%82%B7%E3%83%A7%E3%83%B3/?market=all
2,2464,2464.T,2464.T,教育ICT,デジタル・サービス,https://s.kabutan.jp/themes/%E6%95%99%E8%82%B2ICT/?market=all
2,2467,2467.T,,IT関連,デジタル・サービス,https://s.kabutan.jp/themes/IT%E9%96%A2%E9%80%A3/?market=all
2,2467,2467.T,,サイバーセキュリティ,防衛・国土強靱化,https://s.kabutan.jp/themes/%E3%82%B5%E3%82%A4%E3%83%90%E3%83%BC%E3%82%BB%E3%82%AD%E3%83%A5%E3%83%AA%E3%83%86%E3%82%A3/?market=all
2,2467,2467.T,,マイナンバー,デジタル・サービス,https://s.kabutan.jp/themes/%E3%83%9E%E3%82%A4%E3%83%8A%E3%83%B3%E3%83%90%E3%83%BC/?market=all
2,2467,2467.T,,電子政府,デジタル・サービス,https://s.kabutan.jp/themes/%E9%9B%BB%E5%AD%90%E6%94%BF%E5%BA%9C/?market=all
2,246A,246A.T,アスア,クラウドコンピューティング,デジタル・サービス,https://s.kabutan.jp/themes/%E3%82%AF%E3%83%A9%E3%82%A6%E3%83%89%E3%82%B3%E3%83%B3%E3%83%94%E3%83%A5%E3%83%BC%E3%83%86%E3%82%A3%E3%83%B3%E3%82%B0/?market=all
2,246A,246A.T,アスア,データ分析・解析,AI・半導体,https://s.kabutan.jp/themes/%E3%83%87%E3%83%BC%E3%82%BF%E5%88%86%E6%9E%90%E3%83%BB%E8%A7%A3%E6%9E%90/?market=all
2,246A,246A.T,アスア,物流,物流・海運,https://s.kabutan.jp/themes/%E7%89%A9%E6%B5%81/?market=all
2,2471,2471.T,2471.T,デジタルトランスフォーメーション,デジタル・サービス,https://s.kabutan.jp/themes/%E3%83%87%E3%82%B8%E3%82%BF%E3%83%AB%E3%83%88%E3%83%A9%E3%83%B3%E3%82%B9%E3%83%95%E3%82%A9%E3%83%BC%E3%83%A1%E3%83%BC%E3%82%B7%E3%83%A7%E3%83%B3/?market=all
2,2471,2471.T,2471.T,マイナンバー,デジタル・サービス,https://s.kabutan.jp/themes/%E3%83%9E%E3%82%A4%E3%83%8A%E3%83%B3%E3%83%90%E3%83%BC/?market=all
2,2471,2471.T,2471.T,物流,物流・海運,https://s.kabutan.jp/themes/%E7%89%A9%E6%B5%81/?market=all
2,2471,2471.T,2471.T,脱炭素,GX・エネルギー,https://s.kabutan.jp/themes/%E8%84%B1%E7%82%AD%E7%B4%A0/?market=all
2,2477,2477.T,2477.T,生活防衛,内需・消費,https://s.kabutan.jp/themes/%E7%94%9F%E6%B4%BB%E9%98%B2%E8%A1%9B/?market=all
2,2479,2479.T,2479.T,IT関連,デジタル・サービス,https://s.kabutan.jp/themes/IT%E9%96%A2%E9%80%A3/?market=all
2,2479,2479.T,2479.T,インバウンド,内需・消費,https://s.kabutan.jp/themes/%E3%82%A4%E3%83%B3%E3%83%90%E3%82%A6%E3%83%B3%E3%83%89/?market=all
2,2479,2479.T,2479.T,クラウドコンピューティング,デジタル・サービス,https://s.kabutan.jp/themes/%E3%82%AF%E3%83%A9%E3%82%A6%E3%83%89%E3%82%B3%E3%83%B3%E3%83%94%E3%83%A5%E3%83%BC%E3%83%86%E3%82%A3%E3%83%B3%E3%82%B0/?market=all
2,247A,247A.T,Ａｉロボ,eコマース,内需・消費,https://s.kabutan.jp/themes/e%E3%82%B3%E3%83%9E%E3%83%BC%E3%82%B9/?market=all
2,247A,247A.T,Ａｉロボ,人工知能,AI・半導体,https://s.kabutan.jp/themes/%E4%BA%BA%E5%B7%A5%E7%9F%A5%E8%83%BD/?market=all
2,247A,247A.T,Ａｉロボ,小売り,内需・消費,https://s.kabutan.jp/themes/%E5%B0%8F%E5%A3%B2%E3%82%8A/?market=all
2,2480,2480.T,シスロケ,IT関連,デジタル・サービス,https://s.kabutan.jp/themes/IT%E9%96%A2%E9%80%A3/?market=all
2,2480,2480.T,シスロケ,クラウドコンピューティング,デジタル・サービス,https://s.kabutan.jp/themes/%E3%82%AF%E3%83%A9%E3%82%A6%E3%83%89%E3%82%B3%E3%83%B3%E3%83%94%E3%83%A5%E3%83%BC%E3%83%86%E3%82%A3%E3%83%B3%E3%82%B0/?market=all
2,2480,2480.T,シスロケ,データベース,デジタル・サービス,https://s.kabutan.jp/themes/%E3%83%87%E3%83%BC%E3%82%BF%E3%83%99%E3%83%BC%E3%82%B9/?market=all
2,2480,2480.T,シスロケ,データ分析・解析,AI・半導体,https://s.kabutan.jp/themes/%E3%83%87%E3%83%BC%E3%82%BF%E5%88%86%E6%9E%90%E3%83%BB%E8%A7%A3%E6%9E%90/?market=all
2,2483,2483.T,翻訳センター,インバウンド,内需・消費,https://s.kabutan.jp/themes/%E3%82%A4%E3%83%B3%E3%83%90%E3%82%A6%E3%83%B3%E3%83%89/?market=all
2,2483,2483.T,翻訳センター,人工知能,AI・半導体,https://s.kabutan.jp/themes/%E4%BA%BA%E5%B7%A5%E7%9F%A5%E8%83%BD/?market=all
2,2484,2484.T,2484.T,宅配,物流・海運,https://s.kabutan.jp/themes/%E5%AE%85%E9%85%8D/?market=all
2,2488,2488.T,ＪＴＰ,AIエージェント,AI・半導体,https://s.kabutan.jp/themes/AI%E3%82%A8%E3%83%BC%E3%82%B8%E3%82%A7%E3%83%B3%E3%83%88/?market=all
2,2488,2488.T,ＪＴＰ,IT関連,デジタル・サービス,https://s.kabutan.jp/themes/IT%E9%96%A2%E9%80%A3/?market=all
2,2488,2488.T,ＪＴＰ,クラウドコンピューティング,デジタル・サービス,https://s.kabutan.jp/themes/%E3%82%AF%E3%83%A9%E3%82%A6%E3%83%89%E3%82%B3%E3%83%B3%E3%83%94%E3%83%A5%E3%83%BC%E3%83%86%E3%82%A3%E3%83%B3%E3%82%B0/?market=all
2,2488,2488.T,ＪＴＰ,ロボット,AI・半導体,https://s.kabutan.jp/themes/%E3%83%AD%E3%83%9C%E3%83%83%E3%83%88/?market=all
2,2488,2488.T,ＪＴＰ,人工知能,AI・半導体,https://s.kabutan.jp/themes/%E4%BA%BA%E5%B7%A5%E7%9F%A5%E8%83%BD/?market=all
2,2488,2488.T,ＪＴＰ,教育ICT,デジタル・サービス,https://s.kabutan.jp/themes/%E6%95%99%E8%82%B2ICT/?market=all
2,2488,2488.T,ＪＴＰ,生成AI,AI・半導体,https://s.kabutan.jp/themes/%E7%94%9F%E6%88%90AI/?market=all
2,2489,2489.T,2489.T,ホテル,内需・消費,https://s.kabutan.jp/themes/%E3%83%9B%E3%83%86%E3%83%AB/?market=all
2,2489,2489.T,2489.T,蓄電池,GX・エネルギー,https://s.kabutan.jp/themes/%E8%93%84%E9%9B%BB%E6%B1%A0/?market=all
2,2491,2491.T,2491.T,eコマース,内需・消費,https://s.kabutan.jp/themes/e%E3%82%B3%E3%83%9E%E3%83%BC%E3%82%B9/?market=all
2,2491,2491.T,2491.T,サブスクリプション,デジタル・サービス,https://s.kabutan.jp/themes/%E3%82%B5%E3%83%96%E3%82%B9%E3%82%AF%E3%83%AA%E3%83%97%E3%82%B7%E3%83%A7%E3%83%B3/?market=all
2,2491,2491.T,2491.T,旅行,内需・消費,https://s.kabutan.jp/themes/%E6%97%85%E8%A1%8C/?market=all
2,2492,2492.T,2492.T,IT関連,デジタル・サービス,https://s.kabutan.jp/themes/IT%E9%96%A2%E9%80%A3/?market=all
2,2492,2492.T,2492.T,SaaS,デジタル・サービス,https://s.kabutan.jp/themes/SaaS/?market=all
2,2492,2492.T,2492.T,eコマース,内需・消費,https://s.kabutan.jp/themes/e%E3%82%B3%E3%83%9E%E3%83%BC%E3%82%B9/?market=all
2,2492,2492.T,2492.T,クラウドコンピューティング,デジタル・サービス,https://s.kabutan.jp/themes/%E3%82%AF%E3%83%A9%E3%82%A6%E3%83%89%E3%82%B3%E3%83%B3%E3%83%94%E3%83%A5%E3%83%BC%E3%83%86%E3%82%A3%E3%83%B3%E3%82%B0/?market=all
2,2492,2492.T,2492.T,デジタルトランスフォーメーション,デジタル・サービス,https://s.kabutan.jp/themes/%E3%83%87%E3%82%B8%E3%82%BF%E3%83%AB%E3%83%88%E3%83%A9%E3%83%B3%E3%82%B9%E3%83%95%E3%82%A9%E3%83%BC%E3%83%A1%E3%83%BC%E3%82%B7%E3%83%A7%E3%83%B3/?market=all
2,2492,2492.T,2492.T,フィンテック,金融・金利,https://s.kabutan.jp/themes/%E3%83%95%E3%82%A3%E3%83%B3%E3%83%86%E3%83%83%E3%82%AF/?market=all
2,2492,2492.T,2492.T,建設DX,不動産・建設,https://s.kabutan.jp/themes/%E5%BB%BA%E8%A8%ADDX/?market=all
2,2493,2493.T,2493.T,IT関連,デジタル・サービス,https://s.kabutan.jp/themes/IT%E9%96%A2%E9%80%A3/?market=all
2,2493,2493.T,2493.T,クラウドコンピューティング,デジタル・サービス,https://s.kabutan.jp/themes/%E3%82%AF%E3%83%A9%E3%82%A6%E3%83%89%E3%82%B3%E3%83%B3%E3%83%94%E3%83%A5%E3%83%BC%E3%83%86%E3%82%A3%E3%83%B3%E3%82%B0/?market=all
2,2497,2497.T,2497.T,生成AI,AI・半導体,https://s.kabutan.jp/themes/%E7%94%9F%E6%88%90AI/?market=all
2,2498,2498.T,2498.T,国土強靱化,防衛・国土強靱化,https://s.kabutan.jp/themes/%E5%9B%BD%E5%9C%9F%E5%BC%B7%E9%9D%B1%E5%8C%96/?market=all
2,2498,2498.T,2498.T,鉄道関連,物流・海運,https://s.kabutan.jp/themes/%E9%89%84%E9%81%93%E9%96%A2%E9%80%A3/?market=all
2,2498,2498.T,2498.T,防災,防衛・国土強靱化,https://s.kabutan.jp/themes/%E9%98%B2%E7%81%BD/?market=all
2,2501,2501.T,サッポロ,不動産関連,不動産・建設,https://s.kabutan.jp/themes/%E4%B8%8D%E5%8B%95%E7%94%A3%E9%96%A2%E9%80%A3/?market=all
2,2501,2501.T,サッポロ,円高メリット,内需・消費,https://s.kabutan.jp/themes/%E5%86%86%E9%AB%98%E3%83%A1%E3%83%AA%E3%83%83%E3%83%88/?market=all
2,2501,2501.T,サッポロ,外食,内需・消費,https://s.kabutan.jp/themes/%E5%A4%96%E9%A3%9F/?market=all
2,2502,2502.T,アサヒ,円高メリット,内需・消費,https://s.kabutan.jp/themes/%E5%86%86%E9%AB%98%E3%83%A1%E3%83%AA%E3%83%83%E3%83%88/?market=all
2,2502,2502.T,アサヒ,食品,内需・消費,https://s.kabutan.jp/themes/%E9%A3%9F%E5%93%81/?market=all
2,2503,2503.T,キリンＨＤ,円高メリット,内需・消費,https://s.kabutan.jp/themes/%E5%86%86%E9%AB%98%E3%83%A1%E3%83%AA%E3%83%83%E3%83%88/?market=all
2,2503,2503.T,キリンＨＤ,再生医療,医療・ヘルスケア,https://s.kabutan.jp/themes/%E5%86%8D%E7%94%9F%E5%8C%BB%E7%99%82/?market=all
2,2503,2503.T,キリンＨＤ,食品,内需・消費,https://s.kabutan.jp/themes/%E9%A3%9F%E5%93%81/?market=all
2,250A,250A.T,250A.T,外食,内需・消費,https://s.kabutan.jp/themes/%E5%A4%96%E9%A3%9F/?market=all
2,250A,250A.T,250A.T,食品,内需・消費,https://s.kabutan.jp/themes/%E9%A3%9F%E5%93%81/?market=all
2,2531,2531.T,2531.T,再生医療,医療・ヘルスケア,https://s.kabutan.jp/themes/%E5%86%8D%E7%94%9F%E5%8C%BB%E7%99%82/?market=all
2,253A,253A.T,253A.T,再生可能エネルギー,GX・エネルギー,https://s.kabutan.jp/themes/%E5%86%8D%E7%94%9F%E5%8F%AF%E8%83%BD%E3%82%A8%E3%83%8D%E3%83%AB%E3%82%AE%E3%83%BC/?market=all
2,253A,253A.T,253A.T,太陽光発電関連,GX・エネルギー,https://s.kabutan.jp/themes/%E5%A4%AA%E9%99%BD%E5%85%89%E7%99%BA%E9%9B%BB%E9%96%A2%E9%80%A3/?market=all
2,253A,253A.T,253A.T,建設,不動産・建設,https://s.kabutan.jp/themes/%E5%BB%BA%E8%A8%AD/?market=all
2,253A,253A.T,253A.T,送電,データセンター・電力,https://s.kabutan.jp/themes/%E9%80%81%E9%9B%BB/?market=all
2,253A,253A.T,253A.T,電力設備投資関連,データセンター・電力,https://s.kabutan.jp/themes/%E9%9B%BB%E5%8A%9B%E8%A8%AD%E5%82%99%E6%8A%95%E8%B3%87%E9%96%A2%E9%80%A3/?market=all
2,253A,253A.T,253A.T,風力発電,GX・エネルギー,https://s.kabutan.jp/themes/%E9%A2%A8%E5%8A%9B%E7%99%BA%E9%9B%BB/?market=all
2,254A,254A.T,ＡＩＦＣＧ,人工知能,AI・半導体,https://s.kabutan.jp/themes/%E4%BA%BA%E5%B7%A5%E7%9F%A5%E8%83%BD/?market=all
2,254A,254A.T,ＡＩＦＣＧ,生成AI,AI・半導体,https://s.kabutan.jp/themes/%E7%94%9F%E6%88%90AI/?market=all
2,255A,255A.T,ＧＬテクノ,半導体製造装置,AI・半導体,https://s.kabutan.jp/themes/%E5%8D%8A%E5%B0%8E%E4%BD%93%E8%A3%BD%E9%80%A0%E8%A3%85%E7%BD%AE/?market=all
2,256A,256A.T,256A.T,下水道,防衛・国土強靱化,https://s.kabutan.jp/themes/%E4%B8%8B%E6%B0%B4%E9%81%93/?market=all
2,256A,256A.T,256A.T,国土強靱化,防衛・国土強靱化,https://s.kabutan.jp/themes/%E5%9B%BD%E5%9C%9F%E5%BC%B7%E9%9D%B1%E5%8C%96/?market=all
2,256A,256A.T,256A.T,建設,不動産・建設,https://s.kabutan.jp/themes/%E5%BB%BA%E8%A8%AD/?market=all
2,256A,256A.T,256A.T,耐震化,防衛・国土強靱化,https://s.kabutan.jp/themes/%E8%80%90%E9%9C%87%E5%8C%96/?market=all
2,256A,256A.T,256A.T,防災,防衛・国土強靱化,https://s.kabutan.jp/themes/%E9%98%B2%E7%81%BD/?market=all
2,2573,2573.T,2573.T,食品,内需・消費,https://s.kabutan.jp/themes/%E9%A3%9F%E5%93%81/?market=all
2,2585,2585.T,2585.T,eコマース,内需・消費,https://s.kabutan.jp/themes/e%E3%82%B3%E3%83%9E%E3%83%BC%E3%82%B9/?market=all
2,2585,2585.T,2585.T,食品,内需・消費,https://s.kabutan.jp/themes/%E9%A3%9F%E5%93%81/?market=all
2,2586,2586.T,2586.T,食品,内需・消費,https://s.kabutan.jp/themes/%E9%A3%9F%E5%93%81/?market=all
2,2593,2593.T,2593.T,食品,内需・消費,https://s.kabutan.jp/themes/%E9%A3%9F%E5%93%81/?market=all
2,2594,2594.T,2594.T,外食,内需・消費,https://s.kabutan.jp/themes/%E5%A4%96%E9%A3%9F/?market=all
2,259A,259A.T,,小売り,内需・消費,https://s.kabutan.jp/themes/%E5%B0%8F%E5%A3%B2%E3%82%8A/?market=all
2,2607,2607.T,2607.T,食品,内需・消費,https://s.kabutan.jp/themes/%E9%A3%9F%E5%93%81/?market=all
2,2613,2613.T,2613.T,食品,内需・消費,https://s.kabutan.jp/themes/%E9%A3%9F%E5%93%81/?market=all
2,261A,261A.T,261A.T,デジタルトランスフォーメーション,デジタル・サービス,https://s.kabutan.jp/themes/%E3%83%87%E3%82%B8%E3%82%BF%E3%83%AB%E3%83%88%E3%83%A9%E3%83%B3%E3%82%B9%E3%83%95%E3%82%A9%E3%83%BC%E3%83%A1%E3%83%BC%E3%82%B7%E3%83%A7%E3%83%B3/?market=all
2,261A,261A.T,261A.T,下水道,防衛・国土強靱化,https://s.kabutan.jp/themes/%E4%B8%8B%E6%B0%B4%E9%81%93/?market=all
2,261A,261A.T,261A.T,国土強靱化,防衛・国土強靱化,https://s.kabutan.jp/themes/%E5%9B%BD%E5%9C%9F%E5%BC%B7%E9%9D%B1%E5%8C%96/?market=all
2,261A,261A.T,261A.T,水道関連,防衛・国土強靱化,https://s.kabutan.jp/themes/%E6%B0%B4%E9%81%93%E9%96%A2%E9%80%A3/?market=all
2,261A,261A.T,261A.T,耐震化,防衛・国土強靱化,https://s.kabutan.jp/themes/%E8%80%90%E9%9C%87%E5%8C%96/?market=all
2,261A,261A.T,261A.T,防災,防衛・国土強靱化,https://s.kabutan.jp/themes/%E9%98%B2%E7%81%BD/?market=all
2,262A,262A.T,262A.T,小売り,内需・消費,https://s.kabutan.jp/themes/%E5%B0%8F%E5%A3%B2%E3%82%8A/?market=all
2,264A,264A.T,264A.T,クラウドコンピューティング,デジタル・サービス,https://s.kabutan.jp/themes/%E3%82%AF%E3%83%A9%E3%82%A6%E3%83%89%E3%82%B3%E3%83%B3%E3%83%94%E3%83%A5%E3%83%BC%E3%83%86%E3%82%A3%E3%83%B3%E3%82%B0/?market=all
2,264A,264A.T,264A.T,デジタルトランスフォーメーション,デジタル・サービス,https://s.kabutan.jp/themes/%E3%83%87%E3%82%B8%E3%82%BF%E3%83%AB%E3%83%88%E3%83%A9%E3%83%B3%E3%82%B9%E3%83%95%E3%82%A9%E3%83%BC%E3%83%A1%E3%83%BC%E3%82%B7%E3%83%A7%E3%83%B3/?market=all
2,2653,2653.T,2653.T,小売り,内需・消費,https://s.kabutan.jp/themes/%E5%B0%8F%E5%A3%B2%E3%82%8A/?market=all
2,2653,2653.T,2653.T,食品,内需・消費,https://s.kabutan.jp/themes/%E9%A3%9F%E5%93%81/?market=all
2,2654,2654.T,2654.T,介護関連,医療・ヘルスケア,https://s.kabutan.jp/themes/%E4%BB%8B%E8%AD%B7%E9%96%A2%E9%80%A3/?market=all
2,2654,2654.T,2654.T,外食,内需・消費,https://s.kabutan.jp/themes/%E5%A4%96%E9%A3%9F/?market=all
2,2654,2654.T,2654.T,小売り,内需・消費,https://s.kabutan.jp/themes/%E5%B0%8F%E5%A3%B2%E3%82%8A/?market=all
2,2659,2659.T,2659.T,インバウンド,内需・消費,https://s.kabutan.jp/themes/%E3%82%A4%E3%83%B3%E3%83%90%E3%82%A6%E3%83%B3%E3%83%89/?market=all
2,2659,2659.T,2659.T,外食,内需・消費,https://s.kabutan.jp/themes/%E5%A4%96%E9%A3%9F/?market=all
2,265A,265A.T,Ｈｍｃｏｍｍ,AIエージェント,AI・半導体,https://s.kabutan.jp/themes/AI%E3%82%A8%E3%83%BC%E3%82%B8%E3%82%A7%E3%83%B3%E3%83%88/?market=all
2,265A,265A.T,Ｈｍｃｏｍｍ,IT関連,デジタル・サービス,https://s.kabutan.jp/themes/IT%E9%96%A2%E9%80%A3/?market=all
2,265A,265A.T,Ｈｍｃｏｍｍ,サブスクリプション,デジタル・サービス,https://s.kabutan.jp/themes/%E3%82%B5%E3%83%96%E3%82%B9%E3%82%AF%E3%83%AA%E3%83%97%E3%82%B7%E3%83%A7%E3%83%B3/?market=all
2,265A,265A.T,Ｈｍｃｏｍｍ,デジタルトランスフォーメーション,デジタル・サービス,https://s.kabutan.jp/themes/%E3%83%87%E3%82%B8%E3%82%BF%E3%83%AB%E3%83%88%E3%83%A9%E3%83%B3%E3%82%B9%E3%83%95%E3%82%A9%E3%83%BC%E3%83%A1%E3%83%BC%E3%82%B7%E3%83%A7%E3%83%B3/?market=all
2,265A,265A.T,Ｈｍｃｏｍｍ,人工知能,AI・半導体,https://s.kabutan.jp/themes/%E4%BA%BA%E5%B7%A5%E7%9F%A5%E8%83%BD/?market=all
2,265A,265A.T,Ｈｍｃｏｍｍ,生成AI,AI・半導体,https://s.kabutan.jp/themes/%E7%94%9F%E6%88%90AI/?market=all
2,2664,2664.T,2664.T,食品,内需・消費,https://s.kabutan.jp/themes/%E9%A3%9F%E5%93%81/?market=all
2,2666,2666.T,2666.T,サブスクリプション,デジタル・サービス,https://s.kabutan.jp/themes/%E3%82%B5%E3%83%96%E3%82%B9%E3%82%AF%E3%83%AA%E3%83%97%E3%82%B7%E3%83%A7%E3%83%B3/?market=all
2,2666,2666.T,2666.T,リース,金融・金利,https://s.kabutan.jp/themes/%E3%83%AA%E3%83%BC%E3%82%B9/?market=all
2,2666,2666.T,2666.T,小売り,内需・消費,https://s.kabutan.jp/themes/%E5%B0%8F%E5%A3%B2%E3%82%8A/?market=all
2,2667,2667.T,イメージワン,IT関連,デジタル・サービス,https://s.kabutan.jp/themes/IT%E9%96%A2%E9%80%A3/?market=all
2,2667,2667.T,イメージワン,クラウドコンピューティング,デジタル・サービス,https://s.kabutan.jp/themes/%E3%82%AF%E3%83%A9%E3%82%A6%E3%83%89%E3%82%B3%E3%83%B3%E3%83%94%E3%83%A5%E3%83%BC%E3%83%86%E3%82%A3%E3%83%B3%E3%82%B0/?market=all
2,2667,2667.T,イメージワン,サブスクリプション,デジタル・サービス,https://s.kabutan.jp/themes/%E3%82%B5%E3%83%96%E3%82%B9%E3%82%AF%E3%83%AA%E3%83%97%E3%82%B7%E3%83%A7%E3%83%B3/?market=all
2,2667,2667.T,イメージワン,データセンター,データセンター・電力,https://s.kabutan.jp/themes/%E3%83%87%E3%83%BC%E3%82%BF%E3%82%BB%E3%83%B3%E3%82%BF%E3%83%BC/?market=all
2,2667,2667.T,イメージワン,データ分析・解析,AI・半導体,https://s.kabutan.jp/themes/%E3%83%87%E3%83%BC%E3%82%BF%E5%88%86%E6%9E%90%E3%83%BB%E8%A7%A3%E6%9E%90/?market=all
2,2667,2667.T,イメージワン,ドローン,防衛・国土強靱化,https://s.kabutan.jp/themes/%E3%83%89%E3%83%AD%E3%83%BC%E3%83%B3/?market=all
2,2667,2667.T,イメージワン,人工知能,AI・半導体,https://s.kabutan.jp/themes/%E4%BA%BA%E5%B7%A5%E7%9F%A5%E8%83%BD/?market=all
2,2667,2667.T,イメージワン,再生可能エネルギー,GX・エネルギー,https://s.kabutan.jp/themes/%E5%86%8D%E7%94%9F%E5%8F%AF%E8%83%BD%E3%82%A8%E3%83%8D%E3%83%AB%E3%82%AE%E3%83%BC/?market=all
2,2667,2667.T,イメージワン,医療機器,医療・ヘルスケア,https://s.kabutan.jp/themes/%E5%8C%BB%E7%99%82%E6%A9%9F%E5%99%A8/?market=all
2,2667,2667.T,イメージワン,太陽光発電関連,GX・エネルギー,https://s.kabutan.jp/themes/%E5%A4%AA%E9%99%BD%E5%85%89%E7%99%BA%E9%9B%BB%E9%96%A2%E9%80%A3/?market=all
2,2667,2667.T,イメージワン,空飛ぶクルマ,自動車・モビリティ,https://s.kabutan.jp/themes/%E7%A9%BA%E9%A3%9B%E3%81%B6%E3%82%AF%E3%83%AB%E3%83%9E/?market=all
2,2667,2667.T,イメージワン,遠隔医療,医療・ヘルスケア,https://s.kabutan.jp/themes/%E9%81%A0%E9%9A%94%E5%8C%BB%E7%99%82/?market=all
2,2667,2667.T,イメージワン,風力発電,GX・エネルギー,https://s.kabutan.jp/themes/%E9%A2%A8%E5%8A%9B%E7%99%BA%E9%9B%BB/?market=all
2,2670,2670.T,ＡＢＣマート,インバウンド,内需・消費,https://s.kabutan.jp/themes/%E3%82%A4%E3%83%B3%E3%83%90%E3%82%A6%E3%83%B3%E3%83%89/?market=all
2,2670,2670.T,ＡＢＣマート,円高メリット,内需・消費,https://s.kabutan.jp/themes/%E5%86%86%E9%AB%98%E3%83%A1%E3%83%AA%E3%83%83%E3%83%88/?market=all
2,2670,2670.T,ＡＢＣマート,生活防衛,内需・消費,https://s.kabutan.jp/themes/%E7%94%9F%E6%B4%BB%E9%98%B2%E8%A1%9B/?market=all
2,2673,2673.T,2673.T,不動産関連,不動産・建設,https://s.kabutan.jp/themes/%E4%B8%8D%E5%8B%95%E7%94%A3%E9%96%A2%E9%80%A3/?market=all
2,2673,2673.T,2673.T,介護関連,医療・ヘルスケア,https://s.kabutan.jp/themes/%E4%BB%8B%E8%AD%B7%E9%96%A2%E9%80%A3/?market=all
2,2674,2674.T,2674.T,生活防衛,内需・消費,https://s.kabutan.jp/themes/%E7%94%9F%E6%B4%BB%E9%98%B2%E8%A1%9B/?market=all
2,2676,2676.T,高千穂交易,キャッシュレス決済,金融・金利,https://s.kabutan.jp/themes/%E3%82%AD%E3%83%A3%E3%83%83%E3%82%B7%E3%83%A5%E3%83%AC%E3%82%B9%E6%B1%BA%E6%B8%88/?market=all
2,2676,2676.T,高千穂交易,クラウドコンピューティング,デジタル・サービス,https://s.kabutan.jp/themes/%E3%82%AF%E3%83%A9%E3%82%A6%E3%83%89%E3%82%B3%E3%83%B3%E3%83%94%E3%83%A5%E3%83%BC%E3%83%86%E3%82%A3%E3%83%B3%E3%82%B0/?market=all
2,2676,2676.T,高千穂交易,データセンター,データセンター・電力,https://s.kabutan.jp/themes/%E3%83%87%E3%83%BC%E3%82%BF%E3%82%BB%E3%83%B3%E3%82%BF%E3%83%BC/?market=all
2,2676,2676.T,高千穂交易,半導体,AI・半導体,https://s.kabutan.jp/themes/%E5%8D%8A%E5%B0%8E%E4%BD%93/?market=all
2,2676,2676.T,高千穂交易,半導体商社,AI・半導体,https://s.kabutan.jp/themes/%E5%8D%8A%E5%B0%8E%E4%BD%93%E5%95%86%E7%A4%BE/?market=all
2,2678,2678.T,2678.T,IT関連,デジタル・サービス,https://s.kabutan.jp/themes/IT%E9%96%A2%E9%80%A3/?market=all
2,2678,2678.T,2678.T,eコマース,内需・消費,https://s.kabutan.jp/themes/e%E3%82%B3%E3%83%9E%E3%83%BC%E3%82%B9/?market=all
2,2681,2681.T,2681.T,宅配,物流・海運,https://s.kabutan.jp/themes/%E5%AE%85%E9%85%8D/?market=all
2,2681,2681.T,2681.T,小売り,内需・消費,https://s.kabutan.jp/themes/%E5%B0%8F%E5%A3%B2%E3%82%8A/?market=all
2,2681,2681.T,2681.T,生活防衛,内需・消費,https://s.kabutan.jp/themes/%E7%94%9F%E6%B4%BB%E9%98%B2%E8%A1%9B/?market=all
2,2683,2683.T,2683.T,外食,内需・消費,https://s.kabutan.jp/themes/%E5%A4%96%E9%A3%9F/?market=all
2,2683,2683.T,2683.T,小売り,内需・消費,https://s.kabutan.jp/themes/%E5%B0%8F%E5%A3%B2%E3%82%8A/?market=all
2,2687,2687.T,2687.T,ホテル,内需・消費,https://s.kabutan.jp/themes/%E3%83%9B%E3%83%86%E3%83%AB/?market=all
2,2687,2687.T,2687.T,マンション関連,不動産・建設,https://s.kabutan.jp/themes/%E3%83%9E%E3%83%B3%E3%82%B7%E3%83%A7%E3%83%B3%E9%96%A2%E9%80%A3/?market=all
2,2689,2689.T,2689.T,介護関連,医療・ヘルスケア,https://s.kabutan.jp/themes/%E4%BB%8B%E8%AD%B7%E9%96%A2%E9%80%A3/?market=all
2,2689,2689.T,2689.T,医薬品関連,医療・ヘルスケア,https://s.kabutan.jp/themes/%E5%8C%BB%E8%96%AC%E5%93%81%E9%96%A2%E9%80%A3/?market=all
2,268A,268A.T,リガクＨＤ,医療機器,医療・ヘルスケア,https://s.kabutan.jp/themes/%E5%8C%BB%E7%99%82%E6%A9%9F%E5%99%A8/?market=all
2,268A,268A.T,リガクＨＤ,半導体製造装置,AI・半導体,https://s.kabutan.jp/themes/%E5%8D%8A%E5%B0%8E%E4%BD%93%E8%A3%BD%E9%80%A0%E8%A3%85%E7%BD%AE/?market=all
2,2693,2693.T,2693.T,工作機械,設備投資・機械,https://s.kabutan.jp/themes/%E5%B7%A5%E4%BD%9C%E6%A9%9F%E6%A2%B0/?market=all
2,2693,2693.T,2693.T,量子コンピューター,AI・半導体,https://s.kabutan.jp/themes/%E9%87%8F%E5%AD%90%E3%82%B3%E3%83%B3%E3%83%94%E3%83%A5%E3%83%BC%E3%82%BF%E3%83%BC/?market=all
2,2694,2694.T,2694.T,外食,内需・消費,https://s.kabutan.jp/themes/%E5%A4%96%E9%A3%9F/?market=all
2,2694,2694.T,2694.T,宅配,物流・海運,https://s.kabutan.jp/themes/%E5%AE%85%E9%85%8D/?market=all
2,2694,2694.T,2694.T,生活防衛,内需・消費,https://s.kabutan.jp/themes/%E7%94%9F%E6%B4%BB%E9%98%B2%E8%A1%9B/?market=all
2,2695,2695.T,2695.T,外食,内需・消費,https://s.kabutan.jp/themes/%E5%A4%96%E9%A3%9F/?market=all
2,2695,2695.T,2695.T,生活防衛,内需・消費,https://s.kabutan.jp/themes/%E7%94%9F%E6%B4%BB%E9%98%B2%E8%A1%9B/?market=all
2,2698,2698.T,キャンドゥ,円高メリット,内需・消費,https://s.kabutan.jp/themes/%E5%86%86%E9%AB%98%E3%83%A1%E3%83%AA%E3%83%83%E3%83%88/?market=all
2,2698,2698.T,キャンドゥ,生活防衛,内需・消費,https://s.kabutan.jp/themes/%E7%94%9F%E6%B4%BB%E9%98%B2%E8%A1%9B/?market=all
2,269A,269A.T,Ｓａｐｅｅｔ,AIエージェント,AI・半導体,https://s.kabutan.jp/themes/AI%E3%82%A8%E3%83%BC%E3%82%B8%E3%82%A7%E3%83%B3%E3%83%88/?market=all
2,269A,269A.T,Ｓａｐｅｅｔ,IT関連,デジタル・サービス,https://s.kabutan.jp/themes/IT%E9%96%A2%E9%80%A3/?market=all
2,269A,269A.T,Ｓａｐｅｅｔ,SaaS,デジタル・サービス,https://s.kabutan.jp/themes/SaaS/?market=all
2,269A,269A.T,Ｓａｐｅｅｔ,クラウドコンピューティング,デジタル・サービス,https://s.kabutan.jp/themes/%E3%82%AF%E3%83%A9%E3%82%A6%E3%83%89%E3%82%B3%E3%83%B3%E3%83%94%E3%83%A5%E3%83%BC%E3%83%86%E3%82%A3%E3%83%B3%E3%82%B0/?market=all
2,269A,269A.T,Ｓａｐｅｅｔ,デジタルトランスフォーメーション,デジタル・サービス,https://s.kabutan.jp/themes/%E3%83%87%E3%82%B8%E3%82%BF%E3%83%AB%E3%83%88%E3%83%A9%E3%83%B3%E3%82%B9%E3%83%95%E3%82%A9%E3%83%BC%E3%83%A1%E3%83%BC%E3%82%B7%E3%83%A7%E3%83%B3/?market=all
2,269A,269A.T,Ｓａｐｅｅｔ,人工知能,AI・半導体,https://s.kabutan.jp/themes/%E4%BA%BA%E5%B7%A5%E7%9F%A5%E8%83%BD/?market=all
2,269A,269A.T,Ｓａｐｅｅｔ,生成AI,AI・半導体,https://s.kabutan.jp/themes/%E7%94%9F%E6%88%90AI/?market=all
2,2702,2702.T,2702.T,外食,内需・消費,https://s.kabutan.jp/themes/%E5%A4%96%E9%A3%9F/?market=all
2,2702,2702.T,2702.T,宅配,物流・海運,https://s.kabutan.jp/themes/%E5%AE%85%E9%85%8D/?market=all
2,2702,2702.T,2702.T,生活防衛,内需・消費,https://s.kabutan.jp/themes/%E7%94%9F%E6%B4%BB%E9%98%B2%E8%A1%9B/?market=all
2,2705,2705.T,2705.T,外食,内需・消費,https://s.kabutan.jp/themes/%E5%A4%96%E9%A3%9F/?market=all
2,2705,2705.T,2705.T,宅配,物流・海運,https://s.kabutan.jp/themes/%E5%AE%85%E9%85%8D/?market=all
2,2721,2721.T,2721.T,不動産関連,不動産・建設,https://s.kabutan.jp/themes/%E4%B8%8D%E5%8B%95%E7%94%A3%E9%96%A2%E9%80%A3/?market=all
2,2721,2721.T,2721.T,再生医療,医療・ヘルスケア,https://s.kabutan.jp/themes/%E5%86%8D%E7%94%9F%E5%8C%BB%E7%99%82/?market=all
2,2721,2721.T,2721.T,太陽光発電関連,GX・エネルギー,https://s.kabutan.jp/themes/%E5%A4%AA%E9%99%BD%E5%85%89%E7%99%BA%E9%9B%BB%E9%96%A2%E9%80%A3/?market=all
2,2730,2730.T,2730.T,インバウンド,内需・消費,https://s.kabutan.jp/themes/%E3%82%A4%E3%83%B3%E3%83%90%E3%82%A6%E3%83%B3%E3%83%89/?market=all
2,2730,2730.T,2730.T,太陽光発電関連,GX・エネルギー,https://s.kabutan.jp/themes/%E5%A4%AA%E9%99%BD%E5%85%89%E7%99%BA%E9%9B%BB%E9%96%A2%E9%80%A3/?market=all
2,2730,2730.T,2730.T,小売り,内需・消費,https://s.kabutan.jp/themes/%E5%B0%8F%E5%A3%B2%E3%82%8A/?market=all
2,2730,2730.T,2730.T,生活防衛,内需・消費,https://s.kabutan.jp/themes/%E7%94%9F%E6%B4%BB%E9%98%B2%E8%A1%9B/?market=all
2,2734,2734.T,2734.T,ホテル,内需・消費,https://s.kabutan.jp/themes/%E3%83%9B%E3%83%86%E3%83%AB/?market=all
2,2734,2734.T,2734.T,住宅関連,不動産・建設,https://s.kabutan.jp/themes/%E4%BD%8F%E5%AE%85%E9%96%A2%E9%80%A3/?market=all
2,2734,2734.T,2734.T,医薬品関連,医療・ヘルスケア,https://s.kabutan.jp/themes/%E5%8C%BB%E8%96%AC%E5%93%81%E9%96%A2%E9%80%A3/?market=all
2,2734,2734.T,2734.T,建設,不動産・建設,https://s.kabutan.jp/themes/%E5%BB%BA%E8%A8%AD/?market=all
2,2735,2735.T,2735.T,生活防衛,内需・消費,https://s.kabutan.jp/themes/%E7%94%9F%E6%B4%BB%E9%98%B2%E8%A1%9B/?market=all
2,2736,2736.T,2736.T,インバウンド,内需・消費,https://s.kabutan.jp/themes/%E3%82%A4%E3%83%B3%E3%83%90%E3%82%A6%E3%83%B3%E3%83%89/?market=all
2,2737,2737.T,トーメンデバ,半導体商社,AI・半導体,https://s.kabutan.jp/themes/%E5%8D%8A%E5%B0%8E%E4%BD%93%E5%95%86%E7%A4%BE/?market=all
2,2742,2742.T,2742.T,生活防衛,内需・消費,https://s.kabutan.jp/themes/%E7%94%9F%E6%B4%BB%E9%98%B2%E8%A1%9B/?market=all
2,274A,274A.T,274A.T,外食,内需・消費,https://s.kabutan.jp/themes/%E5%A4%96%E9%A3%9F/?market=all
2,274A,274A.T,274A.T,小売り,内需・消費,https://s.kabutan.jp/themes/%E5%B0%8F%E5%A3%B2%E3%82%8A/?market=all
2,2750,2750.T,2750.T,食品,内需・消費,https://s.kabutan.jp/themes/%E9%A3%9F%E5%93%81/?market=all
2,2751,2751.T,2751.T,リース,金融・金利,https://s.kabutan.jp/themes/%E3%83%AA%E3%83%BC%E3%82%B9/?market=all
2,2751,2751.T,2751.T,外食,内需・消費,https://s.kabutan.jp/themes/%E5%A4%96%E9%A3%9F/?market=all
2,2752,2752.T,2752.T,外食,内需・消費,https://s.kabutan.jp/themes/%E5%A4%96%E9%A3%9F/?market=all
2,2752,2752.T,2752.T,宅配,物流・海運,https://s.kabutan.jp/themes/%E5%AE%85%E9%85%8D/?market=all
2,2752,2752.T,2752.T,生活防衛,内需・消費,https://s.kabutan.jp/themes/%E7%94%9F%E6%B4%BB%E9%98%B2%E8%A1%9B/?market=all
2,2753,2753.T,2753.T,外食,内需・消費,https://s.kabutan.jp/themes/%E5%A4%96%E9%A3%9F/?market=all
2,275A,275A.T,,eコマース,内需・消費,https://s.kabutan.jp/themes/e%E3%82%B3%E3%83%9E%E3%83%BC%E3%82%B9/?market=all
2,275A,275A.T,,建設,不動産・建設,https://s.kabutan.jp/themes/%E5%BB%BA%E8%A8%AD/?market=all
2,2760,2760.T,東エレデバ,IT関連,デジタル・サービス,https://s.kabutan.jp/themes/IT%E9%96%A2%E9%80%A3/?market=all
2,2760,2760.T,東エレデバ,IoT,設備投資・機械,https://s.kabutan.jp/themes/IoT/?market=all
2,2760,2760.T,東エレデバ,サイバーセキュリティ,防衛・国土強靱化,https://s.kabutan.jp/themes/%E3%82%B5%E3%82%A4%E3%83%90%E3%83%BC%E3%82%BB%E3%82%AD%E3%83%A5%E3%83%AA%E3%83%86%E3%82%A3/?market=all
2,2760,2760.T,東エレデバ,データセンター,データセンター・電力,https://s.kabutan.jp/themes/%E3%83%87%E3%83%BC%E3%82%BF%E3%82%BB%E3%83%B3%E3%82%BF%E3%83%BC/?market=all
2,2760,2760.T,東エレデバ,ロボット,AI・半導体,https://s.kabutan.jp/themes/%E3%83%AD%E3%83%9C%E3%83%83%E3%83%88/?market=all
2,2760,2760.T,東エレデバ,人工知能,AI・半導体,https://s.kabutan.jp/themes/%E4%BA%BA%E5%B7%A5%E7%9F%A5%E8%83%BD/?market=all
2,2760,2760.T,東エレデバ,半導体,AI・半導体,https://s.kabutan.jp/themes/%E5%8D%8A%E5%B0%8E%E4%BD%93/?market=all
2,2760,2760.T,東エレデバ,半導体商社,AI・半導体,https://s.kabutan.jp/themes/%E5%8D%8A%E5%B0%8E%E4%BD%93%E5%95%86%E7%A4%BE/?market=all
2,2760,2760.T,東エレデバ,生成AI,AI・半導体,https://s.kabutan.jp/themes/%E7%94%9F%E6%88%90AI/?market=all
2,2762,2762.T,2762.T,外食,内需・消費,https://s.kabutan.jp/themes/%E5%A4%96%E9%A3%9F/?market=all
2,2762,2762.T,2762.T,小売り,内需・消費,https://s.kabutan.jp/themes/%E5%B0%8F%E5%A3%B2%E3%82%8A/?market=all
2,2764,2764.T,2764.T,ホテル,内需・消費,https://s.kabutan.jp/themes/%E3%83%9B%E3%83%86%E3%83%AB/?market=all
2,2764,2764.T,2764.T,外食,内需・消費,https://s.kabutan.jp/themes/%E5%A4%96%E9%A3%9F/?market=all
2,2768,2768.T,双日,データセンター,データセンター・電力,https://s.kabutan.jp/themes/%E3%83%87%E3%83%BC%E3%82%BF%E3%82%BB%E3%83%B3%E3%82%BF%E3%83%BC/?market=all
2,2768,2768.T,双日,レアアース,資源・素材,https://s.kabutan.jp/themes/%E3%83%AC%E3%82%A2%E3%82%A2%E3%83%BC%E3%82%B9/?market=all
2,2768,2768.T,双日,レアメタル,資源・素材,https://s.kabutan.jp/themes/%E3%83%AC%E3%82%A2%E3%83%A1%E3%82%BF%E3%83%AB/?market=all
2,2768,2768.T,双日,太陽光発電関連,GX・エネルギー,https://s.kabutan.jp/themes/%E5%A4%AA%E9%99%BD%E5%85%89%E7%99%BA%E9%9B%BB%E9%96%A2%E9%80%A3/?market=all
2,2768,2768.T,双日,総合商社,資源・素材,https://s.kabutan.jp/themes/%E7%B7%8F%E5%90%88%E5%95%86%E7%A4%BE/?market=all
2,2768,2768.T,双日,自動車部材・部品,自動車・モビリティ,https://s.kabutan.jp/themes/%E8%87%AA%E5%8B%95%E8%BB%8A%E9%83%A8%E6%9D%90%E3%83%BB%E9%83%A8%E5%93%81/?market=all
2,2768,2768.T,双日,資源開発,資源・素材,https://s.kabutan.jp/themes/%E8%B3%87%E6%BA%90%E9%96%8B%E7%99%BA/?market=all
2,2768,2768.T,双日,鉄道関連,物流・海運,https://s.kabutan.jp/themes/%E9%89%84%E9%81%93%E9%96%A2%E9%80%A3/?market=all
2,2768,2768.T,双日,銅,資源・素材,https://s.kabutan.jp/themes/%E9%8A%85/?market=all
2,2768,2768.T,双日,防衛,防衛・国土強靱化,https://s.kabutan.jp/themes/%E9%98%B2%E8%A1%9B/?market=all
2,2769,2769.T,2769.T,小売り,内需・消費,https://s.kabutan.jp/themes/%E5%B0%8F%E5%A3%B2%E3%82%8A/?market=all
2,276A,276A.T,ククレブ,サブスクリプション,デジタル・サービス,https://s.kabutan.jp/themes/%E3%82%B5%E3%83%96%E3%82%B9%E3%82%AF%E3%83%AA%E3%83%97%E3%82%B7%E3%83%A7%E3%83%B3/?market=all
2,276A,276A.T,ククレブ,デジタルトランスフォーメーション,デジタル・サービス,https://s.kabutan.jp/themes/%E3%83%87%E3%82%B8%E3%82%BF%E3%83%AB%E3%83%88%E3%83%A9%E3%83%B3%E3%82%B9%E3%83%95%E3%82%A9%E3%83%BC%E3%83%A1%E3%83%BC%E3%82%B7%E3%83%A7%E3%83%B3/?market=all
2,276A,276A.T,ククレブ,不動産テック,不動産・建設,https://s.kabutan.jp/themes/%E4%B8%8D%E5%8B%95%E7%94%A3%E3%83%86%E3%83%83%E3%82%AF/?market=all
2,276A,276A.T,ククレブ,不動産ファンド,不動産・建設,https://s.kabutan.jp/themes/%E4%B8%8D%E5%8B%95%E7%94%A3%E3%83%95%E3%82%A1%E3%83%B3%E3%83%89/?market=all
2,276A,276A.T,ククレブ,不動産関連,不動産・建設,https://s.kabutan.jp/themes/%E4%B8%8D%E5%8B%95%E7%94%A3%E9%96%A2%E9%80%A3/?market=all
2,276A,276A.T,ククレブ,人工知能,AI・半導体,https://s.kabutan.jp/themes/%E4%BA%BA%E5%B7%A5%E7%9F%A5%E8%83%BD/?market=all
2,2776,2776.T,新都ＨＤ,アルミニウム,資源・素材,https://s.kabutan.jp/themes/%E3%82%A2%E3%83%AB%E3%83%9F%E3%83%8B%E3%82%A6%E3%83%A0/?market=all
2,2776,2776.T,新都ＨＤ,インバウンド,内需・消費,https://s.kabutan.jp/themes/%E3%82%A4%E3%83%B3%E3%83%90%E3%82%A6%E3%83%B3%E3%83%89/?market=all
2,2776,2776.T,新都ＨＤ,データセンター,データセンター・電力,https://s.kabutan.jp/themes/%E3%83%87%E3%83%BC%E3%82%BF%E3%82%BB%E3%83%B3%E3%82%BF%E3%83%BC/?market=all
2,2776,2776.T,新都ＨＤ,不動産関連,不動産・建設,https://s.kabutan.jp/themes/%E4%B8%8D%E5%8B%95%E7%94%A3%E9%96%A2%E9%80%A3/?market=all
2,2776,2776.T,新都ＨＤ,銅,資源・素材,https://s.kabutan.jp/themes/%E9%8A%85/?market=all
2,277A,277A.T,グロービング,クラウドコンピューティング,デジタル・サービス,https://s.kabutan.jp/themes/%E3%82%AF%E3%83%A9%E3%82%A6%E3%83%89%E3%82%B3%E3%83%B3%E3%83%94%E3%83%A5%E3%83%BC%E3%83%86%E3%82%A3%E3%83%B3%E3%82%B0/?market=all
2,277A,277A.T,グロービング,デジタルトランスフォーメーション,デジタル・サービス,https://s.kabutan.jp/themes/%E3%83%87%E3%82%B8%E3%82%BF%E3%83%AB%E3%83%88%E3%83%A9%E3%83%B3%E3%82%B9%E3%83%95%E3%82%A9%E3%83%BC%E3%83%A1%E3%83%BC%E3%82%B7%E3%83%A7%E3%83%B3/?market=all
2,277A,277A.T,グロービング,人工知能,AI・半導体,https://s.kabutan.jp/themes/%E4%BA%BA%E5%B7%A5%E7%9F%A5%E8%83%BD/?market=all
2,2780,2780.T,2780.T,インバウンド,内需・消費,https://s.kabutan.jp/themes/%E3%82%A4%E3%83%B3%E3%83%90%E3%82%A6%E3%83%B3%E3%83%89/?market=all
2,2780,2780.T,2780.T,生活防衛,内需・消費,https://s.kabutan.jp/themes/%E7%94%9F%E6%B4%BB%E9%98%B2%E8%A1%9B/?market=all
2,2782,2782.T,セリア,円高メリット,内需・消費,https://s.kabutan.jp/themes/%E5%86%86%E9%AB%98%E3%83%A1%E3%83%AA%E3%83%83%E3%83%88/?market=all
2,2782,2782.T,セリア,生活防衛,内需・消費,https://s.kabutan.jp/themes/%E7%94%9F%E6%B4%BB%E9%98%B2%E8%A1%9B/?market=all
2,2784,2784.T,2784.T,ドローン,防衛・国土強靱化,https://s.kabutan.jp/themes/%E3%83%89%E3%83%AD%E3%83%BC%E3%83%B3/?market=all
2,2784,2784.T,2784.T,医薬品関連,医療・ヘルスケア,https://s.kabutan.jp/themes/%E5%8C%BB%E8%96%AC%E5%93%81%E9%96%A2%E9%80%A3/?market=all
2,2784,2784.T,2784.T,遠隔医療,医療・ヘルスケア,https://s.kabutan.jp/themes/%E9%81%A0%E9%9A%94%E5%8C%BB%E7%99%82/?market=all
2,2788,2788.T,2788.T,電気自動車関連,自動車・モビリティ,https://s.kabutan.jp/themes/%E9%9B%BB%E6%B0%97%E8%87%AA%E5%8B%95%E8%BB%8A%E9%96%A2%E9%80%A3/?market=all
2,2789,2789.T,2789.T,外食,内需・消費,https://s.kabutan.jp/themes/%E5%A4%96%E9%A3%9F/?market=all
2,278A,278A.T,テラドローン,ドローン,防衛・国土強靱化,https://s.kabutan.jp/themes/%E3%83%89%E3%83%AD%E3%83%BC%E3%83%B3/?market=all
2,278A,278A.T,テラドローン,人工知能,AI・半導体,https://s.kabutan.jp/themes/%E4%BA%BA%E5%B7%A5%E7%9F%A5%E8%83%BD/?market=all
2,278A,278A.T,テラドローン,空飛ぶクルマ,自動車・モビリティ,https://s.kabutan.jp/themes/%E7%A9%BA%E9%A3%9B%E3%81%B6%E3%82%AF%E3%83%AB%E3%83%9E/?market=all
2,278A,278A.T,テラドローン,防衛,防衛・国土強靱化,https://s.kabutan.jp/themes/%E9%98%B2%E8%A1%9B/?market=all
2,2791,2791.T,大黒天,円高メリット,内需・消費,https://s.kabutan.jp/themes/%E5%86%86%E9%AB%98%E3%83%A1%E3%83%AA%E3%83%83%E3%83%88/?market=all
2,2791,2791.T,大黒天,小売り,内需・消費,https://s.kabutan.jp/themes/%E5%B0%8F%E5%A3%B2%E3%82%8A/?market=all
2,2791,2791.T,大黒天,生活防衛,内需・消費,https://s.kabutan.jp/themes/%E7%94%9F%E6%B4%BB%E9%98%B2%E8%A1%9B/?market=all
2,2792,2792.T,2792.T,eコマース,内需・消費,https://s.kabutan.jp/themes/e%E3%82%B3%E3%83%9E%E3%83%BC%E3%82%B9/?market=all
2,2795,2795.T,2795.T,キャッシュレス決済,金融・金利,https://s.kabutan.jp/themes/%E3%82%AD%E3%83%A3%E3%83%83%E3%82%B7%E3%83%A5%E3%83%AC%E3%82%B9%E6%B1%BA%E6%B8%88/?market=all
2,2798,2798.T,2798.T,外食,内需・消費,https://s.kabutan.jp/themes/%E5%A4%96%E9%A3%9F/?market=all
2,2798,2798.T,2798.T,宅配,物流・海運,https://s.kabutan.jp/themes/%E5%AE%85%E9%85%8D/?market=all
2,2801,2801.T,2801.T,食品,内需・消費,https://s.kabutan.jp/themes/%E9%A3%9F%E5%93%81/?market=all
2,2802,2802.T,味の素,アンモニア,GX・エネルギー,https://s.kabutan.jp/themes/%E3%82%A2%E3%83%B3%E3%83%A2%E3%83%8B%E3%82%A2/?market=all
2,2802,2802.T,味の素,介護関連,医療・ヘルスケア,https://s.kabutan.jp/themes/%E4%BB%8B%E8%AD%B7%E9%96%A2%E9%80%A3/?market=all
2,2802,2802.T,味の素,半導体部材・部品,AI・半導体,https://s.kabutan.jp/themes/%E5%8D%8A%E5%B0%8E%E4%BD%93%E9%83%A8%E6%9D%90%E3%83%BB%E9%83%A8%E5%93%81/?market=all
2,2802,2802.T,味の素,食品,内需・消費,https://s.kabutan.jp/themes/%E9%A3%9F%E5%93%81/?market=all
2,2806,2806.T,2806.T,食品,内需・消費,https://s.kabutan.jp/themes/%E9%A3%9F%E5%93%81/?market=all
2,2809,2809.T,2809.T,介護関連,医療・ヘルスケア,https://s.kabutan.jp/themes/%E4%BB%8B%E8%AD%B7%E9%96%A2%E9%80%A3/?market=all
2,2809,2809.T,2809.T,宅配,物流・海運,https://s.kabutan.jp/themes/%E5%AE%85%E9%85%8D/?market=all
2,2809,2809.T,2809.T,食品,内需・消費,https://s.kabutan.jp/themes/%E9%A3%9F%E5%93%81/?market=all
2,280A,280A.T,ＴＭＨ,半導体,AI・半導体,https://s.kabutan.jp/themes/%E5%8D%8A%E5%B0%8E%E4%BD%93/?market=all
2,280A,280A.T,ＴＭＨ,半導体商社,AI・半導体,https://s.kabutan.jp/themes/%E5%8D%8A%E5%B0%8E%E4%BD%93%E5%95%86%E7%A4%BE/?market=all
2,280A,280A.T,ＴＭＨ,半導体製造装置,AI・半導体,https://s.kabutan.jp/themes/%E5%8D%8A%E5%B0%8E%E4%BD%93%E8%A3%BD%E9%80%A0%E8%A3%85%E7%BD%AE/?market=all
2,2811,2811.T,2811.T,食品,内需・消費,https://s.kabutan.jp/themes/%E9%A3%9F%E5%93%81/?market=all
2,2813,2813.T,2813.T,外食,内需・消費,https://s.kabutan.jp/themes/%E5%A4%96%E9%A3%9F/?market=all
2,2814,2814.T,2814.T,食品,内需・消費,https://s.kabutan.jp/themes/%E9%A3%9F%E5%93%81/?market=all
2,2816,2816.T,2816.T,食品,内需・消費,https://s.kabutan.jp/themes/%E9%A3%9F%E5%93%81/?market=all
2,2818,2818.T,2818.T,外食,内需・消費,https://s.kabutan.jp/themes/%E5%A4%96%E9%A3%9F/?market=all
2,2819,2819.T,2819.T,倉庫,物流・海運,https://s.kabutan.jp/themes/%E5%80%89%E5%BA%AB/?market=all
2,2819,2819.T,2819.T,物流,物流・海運,https://s.kabutan.jp/themes/%E7%89%A9%E6%B5%81/?market=all
2,2819,2819.T,2819.T,陸運,物流・海運,https://s.kabutan.jp/themes/%E9%99%B8%E9%81%8B/?market=all
2,281A,281A.T,インフォメテ,IT関連,デジタル・サービス,https://s.kabutan.jp/themes/IT%E9%96%A2%E9%80%A3/?market=all
2,281A,281A.T,インフォメテ,IoT,設備投資・機械,https://s.kabutan.jp/themes/IoT/?market=all
2,281A,281A.T,インフォメテ,クラウドコンピューティング,デジタル・サービス,https://s.kabutan.jp/themes/%E3%82%AF%E3%83%A9%E3%82%A6%E3%83%89%E3%82%B3%E3%83%B3%E3%83%94%E3%83%A5%E3%83%BC%E3%83%86%E3%82%A3%E3%83%B3%E3%82%B0/?market=all
2,281A,281A.T,インフォメテ,人工知能,AI・半導体,https://s.kabutan.jp/themes/%E4%BA%BA%E5%B7%A5%E7%9F%A5%E8%83%BD/?market=all
2,281A,281A.T,インフォメテ,太陽光発電関連,GX・エネルギー,https://s.kabutan.jp/themes/%E5%A4%AA%E9%99%BD%E5%85%89%E7%99%BA%E9%9B%BB%E9%96%A2%E9%80%A3/?market=all
2,281A,281A.T,インフォメテ,省エネ関連,GX・エネルギー,https://s.kabutan.jp/themes/%E7%9C%81%E3%82%A8%E3%83%8D%E9%96%A2%E9%80%A3/?market=all
2,281A,281A.T,インフォメテ,蓄電池,GX・エネルギー,https://s.kabutan.jp/themes/%E8%93%84%E9%9B%BB%E6%B1%A0/?market=all
2,281A,281A.T,インフォメテ,電気自動車関連,自動車・モビリティ,https://s.kabutan.jp/themes/%E9%9B%BB%E6%B0%97%E8%87%AA%E5%8B%95%E8%BB%8A%E9%96%A2%E9%80%A3/?market=all
2,2820,2820.T,やまみ,円高メリット,内需・消費,https://s.kabutan.jp/themes/%E5%86%86%E9%AB%98%E3%83%A1%E3%83%AA%E3%83%83%E3%83%88/?market=all
2,2820,2820.T,やまみ,食品,内需・消費,https://s.kabutan.jp/themes/%E9%A3%9F%E5%93%81/?market=all
2,2831,2831.T,2831.T,食品,内需・消費,https://s.kabutan.jp/themes/%E9%A3%9F%E5%93%81/?market=all
2,285A,285A.T,キオクシア,データセンター,データセンター・電力,https://s.kabutan.jp/themes/%E3%83%87%E3%83%BC%E3%82%BF%E3%82%BB%E3%83%B3%E3%82%BF%E3%83%BC/?market=all
2,285A,285A.T,キオクシア,半導体,AI・半導体,https://s.kabutan.jp/themes/%E5%8D%8A%E5%B0%8E%E4%BD%93/?market=all
2,286A,286A.T,ユカリア,デジタルトランスフォーメーション,デジタル・サービス,https://s.kabutan.jp/themes/%E3%83%87%E3%82%B8%E3%82%BF%E3%83%AB%E3%83%88%E3%83%A9%E3%83%B3%E3%82%B9%E3%83%95%E3%82%A9%E3%83%BC%E3%83%A1%E3%83%BC%E3%82%B7%E3%83%A7%E3%83%B3/?market=all
2,286A,286A.T,ユカリア,データ分析・解析,AI・半導体,https://s.kabutan.jp/themes/%E3%83%87%E3%83%BC%E3%82%BF%E5%88%86%E6%9E%90%E3%83%BB%E8%A7%A3%E6%9E%90/?market=all
2,286A,286A.T,ユカリア,介護関連,医療・ヘルスケア,https://s.kabutan.jp/themes/%E4%BB%8B%E8%AD%B7%E9%96%A2%E9%80%A3/?market=all
2,2871,2871.T,ニチレイ,円高メリット,内需・消費,https://s.kabutan.jp/themes/%E5%86%86%E9%AB%98%E3%83%A1%E3%83%AA%E3%83%83%E3%83%88/?market=all
2,2871,2871.T,ニチレイ,物流,物流・海運,https://s.kabutan.jp/themes/%E7%89%A9%E6%B5%81/?market=all
2,2872,2872.T,2872.T,食品,内需・消費,https://s.kabutan.jp/themes/%E9%A3%9F%E5%93%81/?market=all
2,2874,2874.T,2874.T,倉庫,物流・海運,https://s.kabutan.jp/themes/%E5%80%89%E5%BA%AB/?market=all
2,2876,2876.T,2876.T,外食,内需・消費,https://s.kabutan.jp/themes/%E5%A4%96%E9%A3%9F/?market=all
2,2876,2876.T,2876.T,宅配,物流・海運,https://s.kabutan.jp/themes/%E5%AE%85%E9%85%8D/?market=all
2,2876,2876.T,2876.T,食品,内需・消費,https://s.kabutan.jp/themes/%E9%A3%9F%E5%93%81/?market=all
2,2877,2877.T,2877.T,介護関連,医療・ヘルスケア,https://s.kabutan.jp/themes/%E4%BB%8B%E8%AD%B7%E9%96%A2%E9%80%A3/?market=all
2,2877,2877.T,2877.T,食品,内需・消費,https://s.kabutan.jp/themes/%E9%A3%9F%E5%93%81/?market=all
2,287A,287A.T,黒田グループ,半導体,AI・半導体,https://s.kabutan.jp/themes/%E5%8D%8A%E5%B0%8E%E4%BD%93/?market=all
2,287A,287A.T,黒田グループ,半導体商社,AI・半導体,https://s.kabutan.jp/themes/%E5%8D%8A%E5%B0%8E%E4%BD%93%E5%95%86%E7%A4%BE/?market=all
2,287A,287A.T,黒田グループ,半導体部材・部品,AI・半導体,https://s.kabutan.jp/themes/%E5%8D%8A%E5%B0%8E%E4%BD%93%E9%83%A8%E6%9D%90%E3%83%BB%E9%83%A8%E5%93%81/?market=all
2,287A,287A.T,黒田グループ,自動車部材・部品,自動車・モビリティ,https://s.kabutan.jp/themes/%E8%87%AA%E5%8B%95%E8%BB%8A%E9%83%A8%E6%9D%90%E3%83%BB%E9%83%A8%E5%93%81/?market=all
2,2882,2882.T,2882.T,eコマース,内需・消費,https://s.kabutan.jp/themes/e%E3%82%B3%E3%83%9E%E3%83%BC%E3%82%B9/?market=all
2,2882,2882.T,2882.T,外食,内需・消費,https://s.kabutan.jp/themes/%E5%A4%96%E9%A3%9F/?market=all
2,2882,2882.T,2882.T,食品,内需・消費,https://s.kabutan.jp/themes/%E9%A3%9F%E5%93%81/?market=all
2,2883,2883.T,2883.T,介護関連,医療・ヘルスケア,https://s.kabutan.jp/themes/%E4%BB%8B%E8%AD%B7%E9%96%A2%E9%80%A3/?market=all
2,2883,2883.T,2883.T,外食,内需・消費,https://s.kabutan.jp/themes/%E5%A4%96%E9%A3%9F/?market=all
2,2884,2884.T,2884.T,食品,内需・消費,https://s.kabutan.jp/themes/%E9%A3%9F%E5%93%81/?market=all
2,288A,288A.T,288A.T,サブスクリプション,デジタル・サービス,https://s.kabutan.jp/themes/%E3%82%B5%E3%83%96%E3%82%B9%E3%82%AF%E3%83%AA%E3%83%97%E3%82%B7%E3%83%A7%E3%83%B3/?market=all
2,2892,2892.T,2892.T,食品,内需・消費,https://s.kabutan.jp/themes/%E9%A3%9F%E5%93%81/?market=all
2,2894,2894.T,2894.T,防災,防衛・国土強靱化,https://s.kabutan.jp/themes/%E9%98%B2%E7%81%BD/?market=all
2,2897,2897.T,2897.T,食品,内需・消費,https://s.kabutan.jp/themes/%E9%A3%9F%E5%93%81/?market=all
2,2901,2901.T,2901.T,eコマース,内需・消費,https://s.kabutan.jp/themes/e%E3%82%B3%E3%83%9E%E3%83%BC%E3%82%B9/?market=all
2,2901,2901.T,2901.T,サブスクリプション,デジタル・サービス,https://s.kabutan.jp/themes/%E3%82%B5%E3%83%96%E3%82%B9%E3%82%AF%E3%83%AA%E3%83%97%E3%82%B7%E3%83%A7%E3%83%B3/?market=all
2,2901,2901.T,2901.T,介護関連,医療・ヘルスケア,https://s.kabutan.jp/themes/%E4%BB%8B%E8%AD%B7%E9%96%A2%E9%80%A3/?market=all
2,2901,2901.T,2901.T,食品,内需・消費,https://s.kabutan.jp/themes/%E9%A3%9F%E5%93%81/?market=all
2,2902,2902.T,,食品,内需・消費,https://s.kabutan.jp/themes/%E9%A3%9F%E5%93%81/?market=all
2,2903,2903.T,2903.T,食品,内需・消費,https://s.kabutan.jp/themes/%E9%A3%9F%E5%93%81/?market=all
2,2904,2904.T,2904.T,食品,内需・消費,https://s.kabutan.jp/themes/%E9%A3%9F%E5%93%81/?market=all
2,2907,2907.T,2907.T,食品,内需・消費,https://s.kabutan.jp/themes/%E9%A3%9F%E5%93%81/?market=all
2,2908,2908.T,2908.T,食品,内需・消費,https://s.kabutan.jp/themes/%E9%A3%9F%E5%93%81/?market=all
2,290A,290A.T,Ｓｙｎｓ,クラウドコンピューティング,デジタル・サービス,https://s.kabutan.jp/themes/%E3%82%AF%E3%83%A9%E3%82%A6%E3%83%89%E3%82%B3%E3%83%B3%E3%83%94%E3%83%A5%E3%83%BC%E3%83%86%E3%82%A3%E3%83%B3%E3%82%B0/?market=all
2,290A,290A.T,Ｓｙｎｓ,データ分析・解析,AI・半導体,https://s.kabutan.jp/themes/%E3%83%87%E3%83%BC%E3%82%BF%E5%88%86%E6%9E%90%E3%83%BB%E8%A7%A3%E6%9E%90/?market=all
2,290A,290A.T,Ｓｙｎｓ,宇宙開発関連,防衛・国土強靱化,https://s.kabutan.jp/themes/%E5%AE%87%E5%AE%99%E9%96%8B%E7%99%BA%E9%96%A2%E9%80%A3/?market=all
2,290A,290A.T,Ｓｙｎｓ,資源開発,資源・素材,https://s.kabutan.jp/themes/%E8%B3%87%E6%BA%90%E9%96%8B%E7%99%BA/?market=all
2,290A,290A.T,Ｓｙｎｓ,防災,防衛・国土強靱化,https://s.kabutan.jp/themes/%E9%98%B2%E7%81%BD/?market=all
2,290A,290A.T,Ｓｙｎｓ,防衛,防衛・国土強靱化,https://s.kabutan.jp/themes/%E9%98%B2%E8%A1%9B/?market=all
2,2911,2911.T,2911.T,介護関連,医療・ヘルスケア,https://s.kabutan.jp/themes/%E4%BB%8B%E8%AD%B7%E9%96%A2%E9%80%A3/?market=all
2,2911,2911.T,2911.T,食品,内需・消費,https://s.kabutan.jp/themes/%E9%A3%9F%E5%93%81/?market=all
2,2916,2916.T,2916.T,食品,内需・消費,https://s.kabutan.jp/themes/%E9%A3%9F%E5%93%81/?market=all
2,2917,2917.T,2917.T,食品,内需・消費,https://s.kabutan.jp/themes/%E9%A3%9F%E5%93%81/?market=all
2,2922,2922.T,2922.T,食品,内需・消費,https://s.kabutan.jp/themes/%E9%A3%9F%E5%93%81/?market=all
2,2923,2923.T,2923.T,食品,内需・消費,https://s.kabutan.jp/themes/%E9%A3%9F%E5%93%81/?market=all
2,2924,2924.T,2924.T,食品,内需・消費,https://s.kabutan.jp/themes/%E9%A3%9F%E5%93%81/?market=all
2,2926,2926.T,2926.T,小売り,内需・消費,https://s.kabutan.jp/themes/%E5%B0%8F%E5%A3%B2%E3%82%8A/?market=all
2,2927,2927.T,2927.T,外食,内需・消費,https://s.kabutan.jp/themes/%E5%A4%96%E9%A3%9F/?market=all
2,2929,2929.T,2929.T,バイオテクノロジー関連,医療・ヘルスケア,https://s.kabutan.jp/themes/%E3%83%90%E3%82%A4%E3%82%AA%E3%83%86%E3%82%AF%E3%83%8E%E3%83%AD%E3%82%B8%E3%83%BC%E9%96%A2%E9%80%A3/?market=all
2,2929,2929.T,2929.T,創薬,医療・ヘルスケア,https://s.kabutan.jp/themes/%E5%89%B5%E8%96%AC/?market=all
2,2929,2929.T,2929.T,医薬品関連,医療・ヘルスケア,https://s.kabutan.jp/themes/%E5%8C%BB%E8%96%AC%E5%93%81%E9%96%A2%E9%80%A3/?market=all
2,2930,2930.T,2930.T,インバウンド,内需・消費,https://s.kabutan.jp/themes/%E3%82%A4%E3%83%B3%E3%83%90%E3%82%A6%E3%83%B3%E3%83%89/?market=all
2,2931,2931.T,2931.T,バイオテクノロジー関連,医療・ヘルスケア,https://s.kabutan.jp/themes/%E3%83%90%E3%82%A4%E3%82%AA%E3%83%86%E3%82%AF%E3%83%8E%E3%83%AD%E3%82%B8%E3%83%BC%E9%96%A2%E9%80%A3/?market=all
2,2931,2931.T,2931.T,脱炭素,GX・エネルギー,https://s.kabutan.jp/themes/%E8%84%B1%E7%82%AD%E7%B4%A0/?market=all
2,2931,2931.T,2931.T,食品,内需・消費,https://s.kabutan.jp/themes/%E9%A3%9F%E5%93%81/?market=all
2,2932,2932.T,2932.T,食品,内需・消費,https://s.kabutan.jp/themes/%E9%A3%9F%E5%93%81/?market=all
2,2933,2933.T,2933.T,食品,内需・消費,https://s.kabutan.jp/themes/%E9%A3%9F%E5%93%81/?market=all
2,2934,2934.T,2934.T,eコマース,内需・消費,https://s.kabutan.jp/themes/e%E3%82%B3%E3%83%9E%E3%83%BC%E3%82%B9/?market=all
2,2934,2934.T,2934.T,サブスクリプション,デジタル・サービス,https://s.kabutan.jp/themes/%E3%82%B5%E3%83%96%E3%82%B9%E3%82%AF%E3%83%AA%E3%83%97%E3%82%B7%E3%83%A7%E3%83%B3/?market=all
2,2934,2934.T,2934.T,デジタルトランスフォーメーション,デジタル・サービス,https://s.kabutan.jp/themes/%E3%83%87%E3%82%B8%E3%82%BF%E3%83%AB%E3%83%88%E3%83%A9%E3%83%B3%E3%82%B9%E3%83%95%E3%82%A9%E3%83%BC%E3%83%A1%E3%83%BC%E3%82%B7%E3%83%A7%E3%83%B3/?market=all
2,2934,2934.T,2934.T,宅配,物流・海運,https://s.kabutan.jp/themes/%E5%AE%85%E9%85%8D/?market=all
2,2934,2934.T,2934.T,物流,物流・海運,https://s.kabutan.jp/themes/%E7%89%A9%E6%B5%81/?market=all
2,2936,2936.T,2936.T,eコマース,内需・消費,https://s.kabutan.jp/themes/e%E3%82%B3%E3%83%9E%E3%83%BC%E3%82%B9/?market=all
2,2936,2936.T,2936.T,サブスクリプション,デジタル・サービス,https://s.kabutan.jp/themes/%E3%82%B5%E3%83%96%E3%82%B9%E3%82%AF%E3%83%AA%E3%83%97%E3%82%B7%E3%83%A7%E3%83%B3/?market=all
2,2936,2936.T,2936.T,食品,内需・消費,https://s.kabutan.jp/themes/%E9%A3%9F%E5%93%81/?market=all
2,2937,2937.T,2937.T,eコマース,内需・消費,https://s.kabutan.jp/themes/e%E3%82%B3%E3%83%9E%E3%83%BC%E3%82%B9/?market=all
2,2937,2937.T,2937.T,小売り,内需・消費,https://s.kabutan.jp/themes/%E5%B0%8F%E5%A3%B2%E3%82%8A/?market=all
2,2937,2937.T,2937.T,食品,内需・消費,https://s.kabutan.jp/themes/%E9%A3%9F%E5%93%81/?market=all
2,2938,2938.T,2938.T,食品,内需・消費,https://s.kabutan.jp/themes/%E9%A3%9F%E5%93%81/?market=all
2,2962,2962.T,テクニスコ,データセンター,データセンター・電力,https://s.kabutan.jp/themes/%E3%83%87%E3%83%BC%E3%82%BF%E3%82%BB%E3%83%B3%E3%82%BF%E3%83%BC/?market=all
2,2962,2962.T,テクニスコ,半導体,AI・半導体,https://s.kabutan.jp/themes/%E5%8D%8A%E5%B0%8E%E4%BD%93/?market=all
2,2962,2962.T,テクニスコ,半導体部材・部品,AI・半導体,https://s.kabutan.jp/themes/%E5%8D%8A%E5%B0%8E%E4%BD%93%E9%83%A8%E6%9D%90%E3%83%BB%E9%83%A8%E5%93%81/?market=all
2,2962,2962.T,テクニスコ,水素,GX・エネルギー,https://s.kabutan.jp/themes/%E6%B0%B4%E7%B4%A0/?market=all
2,2970,2970.T,2970.T,マンション関連,不動産・建設,https://s.kabutan.jp/themes/%E3%83%9E%E3%83%B3%E3%82%B7%E3%83%A7%E3%83%B3%E9%96%A2%E9%80%A3/?market=all
2,2970,2970.T,2970.T,不動産関連,不動産・建設,https://s.kabutan.jp/themes/%E4%B8%8D%E5%8B%95%E7%94%A3%E9%96%A2%E9%80%A3/?market=all
2,2974,2974.T,,不動産関連,不動産・建設,https://s.kabutan.jp/themes/%E4%B8%8D%E5%8B%95%E7%94%A3%E9%96%A2%E9%80%A3/?market=all
2,2974,2974.T,,住宅関連,不動産・建設,https://s.kabutan.jp/themes/%E4%BD%8F%E5%AE%85%E9%96%A2%E9%80%A3/?market=all
2,2975,2975.T,2975.T,不動産関連,不動産・建設,https://s.kabutan.jp/themes/%E4%B8%8D%E5%8B%95%E7%94%A3%E9%96%A2%E9%80%A3/?market=all
2,2976,2976.T,,不動産関連,不動産・建設,https://s.kabutan.jp/themes/%E4%B8%8D%E5%8B%95%E7%94%A3%E9%96%A2%E9%80%A3/?market=all
2,2976,2976.T,,住宅関連,不動産・建設,https://s.kabutan.jp/themes/%E4%BD%8F%E5%AE%85%E9%96%A2%E9%80%A3/?market=all
2,2978,2978.T,2978.T,サブスクリプション,デジタル・サービス,https://s.kabutan.jp/themes/%E3%82%B5%E3%83%96%E3%82%B9%E3%82%AF%E3%83%AA%E3%83%97%E3%82%B7%E3%83%A7%E3%83%B3/?market=all
2,2979,2979.T,,物流,物流・海運,https://s.kabutan.jp/themes/%E7%89%A9%E6%B5%81/?market=all
2,297A,297A.T,297A.T,ホテル,内需・消費,https://s.kabutan.jp/themes/%E3%83%9B%E3%83%86%E3%83%AB/?market=all
2,297A,297A.T,297A.T,不動産関連,不動産・建設,https://s.kabutan.jp/themes/%E4%B8%8D%E5%8B%95%E7%94%A3%E9%96%A2%E9%80%A3/?market=all
2,297A,297A.T,297A.T,保険,金融・金利,https://s.kabutan.jp/themes/%E4%BF%9D%E9%99%BA/?market=all
2,297A,297A.T,297A.T,外食,内需・消費,https://s.kabutan.jp/themes/%E5%A4%96%E9%A3%9F/?market=all
2,297A,297A.T,297A.T,小売り,内需・消費,https://s.kabutan.jp/themes/%E5%B0%8F%E5%A3%B2%E3%82%8A/?market=all
2,297A,297A.T,297A.T,旅行,内需・消費,https://s.kabutan.jp/themes/%E6%97%85%E8%A1%8C/?market=all
2,297A,297A.T,297A.T,鉄道関連,物流・海運,https://s.kabutan.jp/themes/%E9%89%84%E9%81%93%E9%96%A2%E9%80%A3/?market=all
2,2980,2980.T,ＳＲＥＨＤ,IT関連,デジタル・サービス,https://s.kabutan.jp/themes/IT%E9%96%A2%E9%80%A3/?market=all
2,2980,2980.T,ＳＲＥＨＤ,SaaS,デジタル・サービス,https://s.kabutan.jp/themes/SaaS/?market=all
2,2980,2980.T,ＳＲＥＨＤ,クラウドコンピューティング,デジタル・サービス,https://s.kabutan.jp/themes/%E3%82%AF%E3%83%A9%E3%82%A6%E3%83%89%E3%82%B3%E3%83%B3%E3%83%94%E3%83%A5%E3%83%BC%E3%83%86%E3%82%A3%E3%83%B3%E3%82%B0/?market=all
2,2980,2980.T,ＳＲＥＨＤ,スマートグリッド,データセンター・電力,https://s.kabutan.jp/themes/%E3%82%B9%E3%83%9E%E3%83%BC%E3%83%88%E3%82%B0%E3%83%AA%E3%83%83%E3%83%89/?market=all
2,2980,2980.T,ＳＲＥＨＤ,デジタルトランスフォーメーション,デジタル・サービス,https://s.kabutan.jp/themes/%E3%83%87%E3%82%B8%E3%82%BF%E3%83%AB%E3%83%88%E3%83%A9%E3%83%B3%E3%82%B9%E3%83%95%E3%82%A9%E3%83%BC%E3%83%A1%E3%83%BC%E3%82%B7%E3%83%A7%E3%83%B3/?market=all
2,2980,2980.T,ＳＲＥＨＤ,データ分析・解析,AI・半導体,https://s.kabutan.jp/themes/%E3%83%87%E3%83%BC%E3%82%BF%E5%88%86%E6%9E%90%E3%83%BB%E8%A7%A3%E6%9E%90/?market=all
2,2980,2980.T,ＳＲＥＨＤ,不動産テック,不動産・建設,https://s.kabutan.jp/themes/%E4%B8%8D%E5%8B%95%E7%94%A3%E3%83%86%E3%83%83%E3%82%AF/?market=all
2,2980,2980.T,ＳＲＥＨＤ,不動産関連,不動産・建設,https://s.kabutan.jp/themes/%E4%B8%8D%E5%8B%95%E7%94%A3%E9%96%A2%E9%80%A3/?market=all
2,2980,2980.T,ＳＲＥＨＤ,人工知能,AI・半導体,https://s.kabutan.jp/themes/%E4%BA%BA%E5%B7%A5%E7%9F%A5%E8%83%BD/?market=all
2,2981,2981.T,2981.T,IT関連,デジタル・サービス,https://s.kabutan.jp/themes/IT%E9%96%A2%E9%80%A3/?market=all
2,2981,2981.T,2981.T,サブスクリプション,デジタル・サービス,https://s.kabutan.jp/themes/%E3%82%B5%E3%83%96%E3%82%B9%E3%82%AF%E3%83%AA%E3%83%97%E3%82%B7%E3%83%A7%E3%83%B3/?market=all
2,2981,2981.T,2981.T,不動産テック,不動産・建設,https://s.kabutan.jp/themes/%E4%B8%8D%E5%8B%95%E7%94%A3%E3%83%86%E3%83%83%E3%82%AF/?market=all
2,2981,2981.T,2981.T,不動産関連,不動産・建設,https://s.kabutan.jp/themes/%E4%B8%8D%E5%8B%95%E7%94%A3%E9%96%A2%E9%80%A3/?market=all
2,2982,2982.T,2982.T,マンション関連,不動産・建設,https://s.kabutan.jp/themes/%E3%83%9E%E3%83%B3%E3%82%B7%E3%83%A7%E3%83%B3%E9%96%A2%E9%80%A3/?market=all
2,2982,2982.T,2982.T,不動産ファンド,不動産・建設,https://s.kabutan.jp/themes/%E4%B8%8D%E5%8B%95%E7%94%A3%E3%83%95%E3%82%A1%E3%83%B3%E3%83%89/?market=all
2,2982,2982.T,2982.T,不動産関連,不動産・建設,https://s.kabutan.jp/themes/%E4%B8%8D%E5%8B%95%E7%94%A3%E9%96%A2%E9%80%A3/?market=all
2,2982,2982.T,2982.T,脱炭素,GX・エネルギー,https://s.kabutan.jp/themes/%E8%84%B1%E7%82%AD%E7%B4%A0/?market=all
2,2982,2982.T,2982.T,蓄電池,GX・エネルギー,https://s.kabutan.jp/themes/%E8%93%84%E9%9B%BB%E6%B1%A0/?market=all
2,2983,2983.T,2983.T,不動産関連,不動産・建設,https://s.kabutan.jp/themes/%E4%B8%8D%E5%8B%95%E7%94%A3%E9%96%A2%E9%80%A3/?market=all
2,2983,2983.T,2983.T,住宅関連,不動産・建設,https://s.kabutan.jp/themes/%E4%BD%8F%E5%AE%85%E9%96%A2%E9%80%A3/?market=all
2,2984,2984.T,2984.T,マンション関連,不動産・建設,https://s.kabutan.jp/themes/%E3%83%9E%E3%83%B3%E3%82%B7%E3%83%A7%E3%83%B3%E9%96%A2%E9%80%A3/?market=all
2,2984,2984.T,2984.T,不動産関連,不動産・建設,https://s.kabutan.jp/themes/%E4%B8%8D%E5%8B%95%E7%94%A3%E9%96%A2%E9%80%A3/?market=all
2,2984,2984.T,2984.T,介護関連,医療・ヘルスケア,https://s.kabutan.jp/themes/%E4%BB%8B%E8%AD%B7%E9%96%A2%E9%80%A3/?market=all
2,2984,2984.T,2984.T,住宅関連,不動産・建設,https://s.kabutan.jp/themes/%E4%BD%8F%E5%AE%85%E9%96%A2%E9%80%A3/?market=all
2,2984,2984.T,2984.T,外食,内需・消費,https://s.kabutan.jp/themes/%E5%A4%96%E9%A3%9F/?market=all
2,2986,2986.T,2986.T,インバウンド,内需・消費,https://s.kabutan.jp/themes/%E3%82%A4%E3%83%B3%E3%83%90%E3%82%A6%E3%83%B3%E3%83%89/?market=all
2,2986,2986.T,2986.T,ホテル,内需・消費,https://s.kabutan.jp/themes/%E3%83%9B%E3%83%86%E3%83%AB/?market=all
2,2986,2986.T,2986.T,不動産関連,不動産・建設,https://s.kabutan.jp/themes/%E4%B8%8D%E5%8B%95%E7%94%A3%E9%96%A2%E9%80%A3/?market=all
2,298A,298A.T,ＧＶＡテック,IT関連,デジタル・サービス,https://s.kabutan.jp/themes/IT%E9%96%A2%E9%80%A3/?market=all
2,298A,298A.T,ＧＶＡテック,SaaS,デジタル・サービス,https://s.kabutan.jp/themes/SaaS/?market=all
2,298A,298A.T,ＧＶＡテック,デジタルトランスフォーメーション,デジタル・サービス,https://s.kabutan.jp/themes/%E3%83%87%E3%82%B8%E3%82%BF%E3%83%AB%E3%83%88%E3%83%A9%E3%83%B3%E3%82%B9%E3%83%95%E3%82%A9%E3%83%BC%E3%83%A1%E3%83%BC%E3%82%B7%E3%83%A7%E3%83%B3/?market=all
2,298A,298A.T,ＧＶＡテック,人工知能,AI・半導体,https://s.kabutan.jp/themes/%E4%BA%BA%E5%B7%A5%E7%9F%A5%E8%83%BD/?market=all
2,2991,2991.T,2991.T,不動産関連,不動産・建設,https://s.kabutan.jp/themes/%E4%B8%8D%E5%8B%95%E7%94%A3%E9%96%A2%E9%80%A3/?market=all
2,2993,2993.T,2993.T,不動産関連,不動産・建設,https://s.kabutan.jp/themes/%E4%B8%8D%E5%8B%95%E7%94%A3%E9%96%A2%E9%80%A3/?market=all
2,2997,2997.T,2997.T,不動産関連,不動産・建設,https://s.kabutan.jp/themes/%E4%B8%8D%E5%8B%95%E7%94%A3%E9%96%A2%E9%80%A3/?market=all
2,2997,2997.T,2997.T,倉庫,物流・海運,https://s.kabutan.jp/themes/%E5%80%89%E5%BA%AB/?market=all
2,2998,2998.T,2998.T,不動産ファンド,不動産・建設,https://s.kabutan.jp/themes/%E4%B8%8D%E5%8B%95%E7%94%A3%E3%83%95%E3%82%A1%E3%83%B3%E3%83%89/?market=all
2,2998,2998.T,2998.T,不動産関連,不動産・建設,https://s.kabutan.jp/themes/%E4%B8%8D%E5%8B%95%E7%94%A3%E9%96%A2%E9%80%A3/?market=all
2,2999,2999.T,2999.T,不動産関連,不動産・建設,https://s.kabutan.jp/themes/%E4%B8%8D%E5%8B%95%E7%94%A3%E9%96%A2%E9%80%A3/?market=all
2,2999,2999.T,2999.T,住宅関連,不動産・建設,https://s.kabutan.jp/themes/%E4%BD%8F%E5%AE%85%E9%96%A2%E9%80%A3/?market=all
2,3001,3001.T,3001.T,不動産関連,不動産・建設,https://s.kabutan.jp/themes/%E4%B8%8D%E5%8B%95%E7%94%A3%E9%96%A2%E9%80%A3/?market=all
2,3001,3001.T,3001.T,機械,設備投資・機械,https://s.kabutan.jp/themes/%E6%A9%9F%E6%A2%B0/?market=all
2,3001,3001.T,3001.T,防災,防衛・国土強靱化,https://s.kabutan.jp/themes/%E9%98%B2%E7%81%BD/?market=all
2,3002,3002.T,3002.T,再生医療,医療・ヘルスケア,https://s.kabutan.jp/themes/%E5%86%8D%E7%94%9F%E5%8C%BB%E7%99%82/?market=all
2,3003,3003.T,3003.T,ホテル,内需・消費,https://s.kabutan.jp/themes/%E3%83%9B%E3%83%86%E3%83%AB/?market=all
2,3003,3003.T,3003.T,不動産関連,不動産・建設,https://s.kabutan.jp/themes/%E4%B8%8D%E5%8B%95%E7%94%A3%E9%96%A2%E9%80%A3/?market=all
2,3003,3003.T,3003.T,介護関連,医療・ヘルスケア,https://s.kabutan.jp/themes/%E4%BB%8B%E8%AD%B7%E9%96%A2%E9%80%A3/?market=all
2,3003,3003.T,3003.T,保険,金融・金利,https://s.kabutan.jp/themes/%E4%BF%9D%E9%99%BA/?market=all
2,3004,3004.T,3004.T,宇宙開発関連,防衛・国土強靱化,https://s.kabutan.jp/themes/%E5%AE%87%E5%AE%99%E9%96%8B%E7%99%BA%E9%96%A2%E9%80%A3/?market=all
2,3004,3004.T,3004.T,建設機械,設備投資・機械,https://s.kabutan.jp/themes/%E5%BB%BA%E8%A8%AD%E6%A9%9F%E6%A2%B0/?market=all
2,3004,3004.T,3004.T,防災,防衛・国土強靱化,https://s.kabutan.jp/themes/%E9%98%B2%E7%81%BD/?market=all
2,3004,3004.T,3004.T,食品,内需・消費,https://s.kabutan.jp/themes/%E9%A3%9F%E5%93%81/?market=all
2,300A,300A.T,300A.T,クラウドコンピューティング,デジタル・サービス,https://s.kabutan.jp/themes/%E3%82%AF%E3%83%A9%E3%82%A6%E3%83%89%E3%82%B3%E3%83%B3%E3%83%94%E3%83%A5%E3%83%BC%E3%83%86%E3%82%A3%E3%83%B3%E3%82%B0/?market=all
2,300A,300A.T,300A.T,デジタルトランスフォーメーション,デジタル・サービス,https://s.kabutan.jp/themes/%E3%83%87%E3%82%B8%E3%82%BF%E3%83%AB%E3%83%88%E3%83%A9%E3%83%B3%E3%82%B9%E3%83%95%E3%82%A9%E3%83%BC%E3%83%A1%E3%83%BC%E3%82%B7%E3%83%A7%E3%83%B3/?market=all
2,300A,300A.T,300A.T,物流,物流・海運,https://s.kabutan.jp/themes/%E7%89%A9%E6%B5%81/?market=all
2,3010,3010.T,3010.T,インバウンド,内需・消費,https://s.kabutan.jp/themes/%E3%82%A4%E3%83%B3%E3%83%90%E3%82%A6%E3%83%B3%E3%83%89/?market=all
2,3010,3010.T,3010.T,ホテル,内需・消費,https://s.kabutan.jp/themes/%E3%83%9B%E3%83%86%E3%83%AB/?market=all
2,3010,3010.T,3010.T,不動産関連,不動産・建設,https://s.kabutan.jp/themes/%E4%B8%8D%E5%8B%95%E7%94%A3%E9%96%A2%E9%80%A3/?market=all
2,3020,3020.T,3020.T,小売り,内需・消費,https://s.kabutan.jp/themes/%E5%B0%8F%E5%A3%B2%E3%82%8A/?market=all
2,3021,3021.T,3021.T,サブスクリプション,デジタル・サービス,https://s.kabutan.jp/themes/%E3%82%B5%E3%83%96%E3%82%B9%E3%82%AF%E3%83%AA%E3%83%97%E3%82%B7%E3%83%A7%E3%83%B3/?market=all
2,3021,3021.T,3021.T,教育ICT,デジタル・サービス,https://s.kabutan.jp/themes/%E6%95%99%E8%82%B2ICT/?market=all
2,3021,3021.T,3021.T,生活防衛,内需・消費,https://s.kabutan.jp/themes/%E7%94%9F%E6%B4%BB%E9%98%B2%E8%A1%9B/?market=all
2,3023,3023.T,3023.T,建設機械,設備投資・機械,https://s.kabutan.jp/themes/%E5%BB%BA%E8%A8%AD%E6%A9%9F%E6%A2%B0/?market=all
2,3024,3024.T,3024.T,水道関連,防衛・国土強靱化,https://s.kabutan.jp/themes/%E6%B0%B4%E9%81%93%E9%96%A2%E9%80%A3/?market=all
2,3024,3024.T,3024.T,物流,物流・海運,https://s.kabutan.jp/themes/%E7%89%A9%E6%B5%81/?market=all
2,302A,302A.T,302A.T,IT関連,デジタル・サービス,https://s.kabutan.jp/themes/IT%E9%96%A2%E9%80%A3/?market=all
2,302A,302A.T,302A.T,デジタルトランスフォーメーション,デジタル・サービス,https://s.kabutan.jp/themes/%E3%83%87%E3%82%B8%E3%82%BF%E3%83%AB%E3%83%88%E3%83%A9%E3%83%B3%E3%82%B9%E3%83%95%E3%82%A9%E3%83%BC%E3%83%A1%E3%83%BC%E3%82%B7%E3%83%A7%E3%83%B3/?market=all
2,3030,3030.T,3030.T,外食,内需・消費,https://s.kabutan.jp/themes/%E5%A4%96%E9%A3%9F/?market=all
2,3031,3031.T,3031.T,IT関連,デジタル・サービス,https://s.kabutan.jp/themes/IT%E9%96%A2%E9%80%A3/?market=all
2,3031,3031.T,3031.T,eコマース,内需・消費,https://s.kabutan.jp/themes/e%E3%82%B3%E3%83%9E%E3%83%BC%E3%82%B9/?market=all
2,3031,3031.T,3031.T,クラウドコンピューティング,デジタル・サービス,https://s.kabutan.jp/themes/%E3%82%AF%E3%83%A9%E3%82%A6%E3%83%89%E3%82%B3%E3%83%B3%E3%83%94%E3%83%A5%E3%83%BC%E3%83%86%E3%82%A3%E3%83%B3%E3%82%B0/?market=all
2,3031,3031.T,3031.T,フィンテック,金融・金利,https://s.kabutan.jp/themes/%E3%83%95%E3%82%A3%E3%83%B3%E3%83%86%E3%83%83%E3%82%AF/?market=all
2,3032,3032.T,,生活防衛,内需・消費,https://s.kabutan.jp/themes/%E7%94%9F%E6%B4%BB%E9%98%B2%E8%A1%9B/?market=all
2,3036,3036.T,アルコニクス,アルミニウム,資源・素材,https://s.kabutan.jp/themes/%E3%82%A2%E3%83%AB%E3%83%9F%E3%83%8B%E3%82%A6%E3%83%A0/?market=all
2,3036,3036.T,アルコニクス,レアアース,資源・素材,https://s.kabutan.jp/themes/%E3%83%AC%E3%82%A2%E3%82%A2%E3%83%BC%E3%82%B9/?market=all
2,3036,3036.T,アルコニクス,レアメタル,資源・素材,https://s.kabutan.jp/themes/%E3%83%AC%E3%82%A2%E3%83%A1%E3%82%BF%E3%83%AB/?market=all
2,3036,3036.T,アルコニクス,半導体製造装置,AI・半導体,https://s.kabutan.jp/themes/%E5%8D%8A%E5%B0%8E%E4%BD%93%E8%A3%BD%E9%80%A0%E8%A3%85%E7%BD%AE/?market=all
2,3036,3036.T,アルコニクス,自動車部材・部品,自動車・モビリティ,https://s.kabutan.jp/themes/%E8%87%AA%E5%8B%95%E8%BB%8A%E9%83%A8%E6%9D%90%E3%83%BB%E9%83%A8%E5%93%81/?market=all
2,3036,3036.T,アルコニクス,都市鉱山,資源・素材,https://s.kabutan.jp/themes/%E9%83%BD%E5%B8%82%E9%89%B1%E5%B1%B1/?market=all
2,3036,3036.T,アルコニクス,銅,資源・素材,https://s.kabutan.jp/themes/%E9%8A%85/?market=all
2,3036,3036.T,アルコニクス,電気自動車関連,自動車・モビリティ,https://s.kabutan.jp/themes/%E9%9B%BB%E6%B0%97%E8%87%AA%E5%8B%95%E8%BB%8A%E9%96%A2%E9%80%A3/?market=all
2,3036,3036.T,アルコニクス,非鉄,資源・素材,https://s.kabutan.jp/themes/%E9%9D%9E%E9%89%84/?market=all
2,3038,3038.T,神戸物産,円高メリット,内需・消費,https://s.kabutan.jp/themes/%E5%86%86%E9%AB%98%E3%83%A1%E3%83%AA%E3%83%83%E3%83%88/?market=all
2,3038,3038.T,神戸物産,再生可能エネルギー,GX・エネルギー,https://s.kabutan.jp/themes/%E5%86%8D%E7%94%9F%E5%8F%AF%E8%83%BD%E3%82%A8%E3%83%8D%E3%83%AB%E3%82%AE%E3%83%BC/?market=all
2,3038,3038.T,神戸物産,外食,内需・消費,https://s.kabutan.jp/themes/%E5%A4%96%E9%A3%9F/?market=all
2,3038,3038.T,神戸物産,生活防衛,内需・消費,https://s.kabutan.jp/themes/%E7%94%9F%E6%B4%BB%E9%98%B2%E8%A1%9B/?market=all
2,303A,303A.T,ｖｉｓｕｍｏ,IT関連,デジタル・サービス,https://s.kabutan.jp/themes/IT%E9%96%A2%E9%80%A3/?market=all
2,303A,303A.T,ｖｉｓｕｍｏ,SaaS,デジタル・サービス,https://s.kabutan.jp/themes/SaaS/?market=all
2,303A,303A.T,ｖｉｓｕｍｏ,eコマース,内需・消費,https://s.kabutan.jp/themes/e%E3%82%B3%E3%83%9E%E3%83%BC%E3%82%B9/?market=all
2,303A,303A.T,ｖｉｓｕｍｏ,人工知能,AI・半導体,https://s.kabutan.jp/themes/%E4%BA%BA%E5%B7%A5%E7%9F%A5%E8%83%BD/?market=all
2,3040,3040.T,ソリトン,IT関連,デジタル・サービス,https://s.kabutan.jp/themes/IT%E9%96%A2%E9%80%A3/?market=all
2,3040,3040.T,ソリトン,IoT,設備投資・機械,https://s.kabutan.jp/themes/IoT/?market=all
2,3040,3040.T,ソリトン,クラウドコンピューティング,デジタル・サービス,https://s.kabutan.jp/themes/%E3%82%AF%E3%83%A9%E3%82%A6%E3%83%89%E3%82%B3%E3%83%B3%E3%83%94%E3%83%A5%E3%83%BC%E3%83%86%E3%82%A3%E3%83%B3%E3%82%B0/?market=all
2,3040,3040.T,ソリトン,サイバーセキュリティ,防衛・国土強靱化,https://s.kabutan.jp/themes/%E3%82%B5%E3%82%A4%E3%83%90%E3%83%BC%E3%82%BB%E3%82%AD%E3%83%A5%E3%83%AA%E3%83%86%E3%82%A3/?market=all
2,3040,3040.T,ソリトン,人工知能,AI・半導体,https://s.kabutan.jp/themes/%E4%BA%BA%E5%B7%A5%E7%9F%A5%E8%83%BD/?market=all
2,3040,3040.T,ソリトン,宇宙開発関連,防衛・国土強靱化,https://s.kabutan.jp/themes/%E5%AE%87%E5%AE%99%E9%96%8B%E7%99%BA%E9%96%A2%E9%80%A3/?market=all
2,3040,3040.T,ソリトン,自動運転車,自動車・モビリティ,https://s.kabutan.jp/themes/%E8%87%AA%E5%8B%95%E9%81%8B%E8%BB%A2%E8%BB%8A/?market=all
2,3042,3042.T,3042.T,IT関連,デジタル・サービス,https://s.kabutan.jp/themes/IT%E9%96%A2%E9%80%A3/?market=all
2,3042,3042.T,3042.T,クラウドコンピューティング,デジタル・サービス,https://s.kabutan.jp/themes/%E3%82%AF%E3%83%A9%E3%82%A6%E3%83%89%E3%82%B3%E3%83%B3%E3%83%94%E3%83%A5%E3%83%BC%E3%83%86%E3%82%A3%E3%83%B3%E3%82%B0/?market=all
2,3042,3042.T,3042.T,サイバーセキュリティ,防衛・国土強靱化,https://s.kabutan.jp/themes/%E3%82%B5%E3%82%A4%E3%83%90%E3%83%BC%E3%82%BB%E3%82%AD%E3%83%A5%E3%83%AA%E3%83%86%E3%82%A3/?market=all
2,3042,3042.T,3042.T,マイナンバー,デジタル・サービス,https://s.kabutan.jp/themes/%E3%83%9E%E3%82%A4%E3%83%8A%E3%83%B3%E3%83%90%E3%83%BC/?market=all
2,3045,3045.T,3045.T,ホテル,内需・消費,https://s.kabutan.jp/themes/%E3%83%9B%E3%83%86%E3%83%AB/?market=all
2,3045,3045.T,3045.T,倉庫,物流・海運,https://s.kabutan.jp/themes/%E5%80%89%E5%BA%AB/?market=all
2,3045,3045.T,3045.T,物流,物流・海運,https://s.kabutan.jp/themes/%E7%89%A9%E6%B5%81/?market=all
2,3046,3046.T,3046.T,生活防衛,内需・消費,https://s.kabutan.jp/themes/%E7%94%9F%E6%B4%BB%E9%98%B2%E8%A1%9B/?market=all
2,3047,3047.T,,陸運,物流・海運,https://s.kabutan.jp/themes/%E9%99%B8%E9%81%8B/?market=all
2,3048,3048.T,3048.T,インバウンド,内需・消費,https://s.kabutan.jp/themes/%E3%82%A4%E3%83%B3%E3%83%90%E3%82%A6%E3%83%B3%E3%83%89/?market=all
2,3048,3048.T,3048.T,小売り,内需・消費,https://s.kabutan.jp/themes/%E5%B0%8F%E5%A3%B2%E3%82%8A/?market=all
2,3048,3048.T,3048.T,生活防衛,内需・消費,https://s.kabutan.jp/themes/%E7%94%9F%E6%B4%BB%E9%98%B2%E8%A1%9B/?market=all
2,304A,304A.T,フォルシア,IT関連,デジタル・サービス,https://s.kabutan.jp/themes/IT%E9%96%A2%E9%80%A3/?market=all
2,304A,304A.T,フォルシア,SaaS,デジタル・サービス,https://s.kabutan.jp/themes/SaaS/?market=all
2,304A,304A.T,フォルシア,デジタルトランスフォーメーション,デジタル・サービス,https://s.kabutan.jp/themes/%E3%83%87%E3%82%B8%E3%82%BF%E3%83%AB%E3%83%88%E3%83%A9%E3%83%B3%E3%82%B9%E3%83%95%E3%82%A9%E3%83%BC%E3%83%A1%E3%83%BC%E3%82%B7%E3%83%A7%E3%83%B3/?market=all
2,304A,304A.T,フォルシア,データ分析・解析,AI・半導体,https://s.kabutan.jp/themes/%E3%83%87%E3%83%BC%E3%82%BF%E5%88%86%E6%9E%90%E3%83%BB%E8%A7%A3%E6%9E%90/?market=all
2,304A,304A.T,フォルシア,人工知能,AI・半導体,https://s.kabutan.jp/themes/%E4%BA%BA%E5%B7%A5%E7%9F%A5%E8%83%BD/?market=all
2,304A,304A.T,フォルシア,旅行,内需・消費,https://s.kabutan.jp/themes/%E6%97%85%E8%A1%8C/?market=all
2,3050,3050.T,3050.T,太陽光発電関連,GX・エネルギー,https://s.kabutan.jp/themes/%E5%A4%AA%E9%99%BD%E5%85%89%E7%99%BA%E9%9B%BB%E9%96%A2%E9%80%A3/?market=all
2,3050,3050.T,3050.T,小売り,内需・消費,https://s.kabutan.jp/themes/%E5%B0%8F%E5%A3%B2%E3%82%8A/?market=all
2,3050,3050.T,3050.T,生活防衛,内需・消費,https://s.kabutan.jp/themes/%E7%94%9F%E6%B4%BB%E9%98%B2%E8%A1%9B/?market=all
2,3050,3050.T,3050.T,防災,防衛・国土強靱化,https://s.kabutan.jp/themes/%E9%98%B2%E7%81%BD/?market=all
2,3053,3053.T,3053.T,外食,内需・消費,https://s.kabutan.jp/themes/%E5%A4%96%E9%A3%9F/?market=all
2,3054,3054.T,3054.T,IoT,設備投資・機械,https://s.kabutan.jp/themes/IoT/?market=all
2,3054,3054.T,3054.T,クラウドコンピューティング,デジタル・サービス,https://s.kabutan.jp/themes/%E3%82%AF%E3%83%A9%E3%82%A6%E3%83%89%E3%82%B3%E3%83%B3%E3%83%94%E3%83%A5%E3%83%BC%E3%83%86%E3%82%A3%E3%83%B3%E3%82%B0/?market=all
2,3054,3054.T,3054.T,サイバーセキュリティ,防衛・国土強靱化,https://s.kabutan.jp/themes/%E3%82%B5%E3%82%A4%E3%83%90%E3%83%BC%E3%82%BB%E3%82%AD%E3%83%A5%E3%83%AA%E3%83%86%E3%82%A3/?market=all
2,3054,3054.T,3054.T,教育ICT,デジタル・サービス,https://s.kabutan.jp/themes/%E6%95%99%E8%82%B2ICT/?market=all
2,3055,3055.T,,介護関連,医療・ヘルスケア,https://s.kabutan.jp/themes/%E4%BB%8B%E8%AD%B7%E9%96%A2%E9%80%A3/?market=all
2,3055,3055.T,,医療機器,医療・ヘルスケア,https://s.kabutan.jp/themes/%E5%8C%BB%E7%99%82%E6%A9%9F%E5%99%A8/?market=all
2,3055,3055.T,,医薬品関連,医療・ヘルスケア,https://s.kabutan.jp/themes/%E5%8C%BB%E8%96%AC%E5%93%81%E9%96%A2%E9%80%A3/?market=all
2,3058,3058.T,3058.T,小売り,内需・消費,https://s.kabutan.jp/themes/%E5%B0%8F%E5%A3%B2%E3%82%8A/?market=all
2,3059,3059.T,3059.T,生活防衛,内需・消費,https://s.kabutan.jp/themes/%E7%94%9F%E6%B4%BB%E9%98%B2%E8%A1%9B/?market=all
2,3063,3063.T,3063.T,不動産関連,不動産・建設,https://s.kabutan.jp/themes/%E4%B8%8D%E5%8B%95%E7%94%A3%E9%96%A2%E9%80%A3/?market=all
2,3063,3063.T,3063.T,外食,内需・消費,https://s.kabutan.jp/themes/%E5%A4%96%E9%A3%9F/?market=all
2,3064,3064.T,3064.T,eコマース,内需・消費,https://s.kabutan.jp/themes/e%E3%82%B3%E3%83%9E%E3%83%BC%E3%82%B9/?market=all
2,3064,3064.T,3064.T,小売り,内需・消費,https://s.kabutan.jp/themes/%E5%B0%8F%E5%A3%B2%E3%82%8A/?market=all
2,3065,3065.T,3065.T,外食,内需・消費,https://s.kabutan.jp/themes/%E5%A4%96%E9%A3%9F/?market=all
2,3066,3066.T,,外食,内需・消費,https://s.kabutan.jp/themes/%E5%A4%96%E9%A3%9F/?market=all
2,3067,3067.T,3067.T,外食,内需・消費,https://s.kabutan.jp/themes/%E5%A4%96%E9%A3%9F/?market=all
2,3068,3068.T,3068.T,外食,内需・消費,https://s.kabutan.jp/themes/%E5%A4%96%E9%A3%9F/?market=all
2,3069,3069.T,3069.T,外食,内需・消費,https://s.kabutan.jp/themes/%E5%A4%96%E9%A3%9F/?market=all
2,3070,3070.T,3070.T,eコマース,内需・消費,https://s.kabutan.jp/themes/e%E3%82%B3%E3%83%9E%E3%83%BC%E3%82%B9/?market=all
2,3070,3070.T,3070.T,ゲーム関連,デジタル・サービス,https://s.kabutan.jp/themes/%E3%82%B2%E3%83%BC%E3%83%A0%E9%96%A2%E9%80%A3/?market=all
2,3070,3070.T,3070.T,小売り,内需・消費,https://s.kabutan.jp/themes/%E5%B0%8F%E5%A3%B2%E3%82%8A/?market=all
2,3070,3070.T,3070.T,物流,物流・海運,https://s.kabutan.jp/themes/%E7%89%A9%E6%B5%81/?market=all
2,3071,3071.T,3071.T,インバウンド,内需・消費,https://s.kabutan.jp/themes/%E3%82%A4%E3%83%B3%E3%83%90%E3%82%A6%E3%83%B3%E3%83%89/?market=all
2,3075,3075.T,3075.T,外食,内需・消費,https://s.kabutan.jp/themes/%E5%A4%96%E9%A3%9F/?market=all
2,3076,3076.T,3076.T,IoT,設備投資・機械,https://s.kabutan.jp/themes/IoT/?market=all
2,3076,3076.T,3076.T,耐震化,防衛・国土強靱化,https://s.kabutan.jp/themes/%E8%80%90%E9%9C%87%E5%8C%96/?market=all
2,3076,3076.T,3076.T,脱炭素,GX・エネルギー,https://s.kabutan.jp/themes/%E8%84%B1%E7%82%AD%E7%B4%A0/?market=all
2,3077,3077.T,3077.T,外食,内需・消費,https://s.kabutan.jp/themes/%E5%A4%96%E9%A3%9F/?market=all
2,3080,3080.T,3080.T,生活防衛,内需・消費,https://s.kabutan.jp/themes/%E7%94%9F%E6%B4%BB%E9%98%B2%E8%A1%9B/?market=all
2,3080,3080.T,3080.T,食品,内需・消費,https://s.kabutan.jp/themes/%E9%A3%9F%E5%93%81/?market=all
2,3082,3082.T,3082.T,外食,内需・消費,https://s.kabutan.jp/themes/%E5%A4%96%E9%A3%9F/?market=all
2,3082,3082.T,3082.T,生成AI,AI・半導体,https://s.kabutan.jp/themes/%E7%94%9F%E6%88%90AI/?market=all
2,3083,3083.T,スターシーズ,サーバー冷却,データセンター・電力,https://s.kabutan.jp/themes/%E3%82%B5%E3%83%BC%E3%83%90%E3%83%BC%E5%86%B7%E5%8D%B4/?market=all
2,3083,3083.T,スターシーズ,データセンター,データセンター・電力,https://s.kabutan.jp/themes/%E3%83%87%E3%83%BC%E3%82%BF%E3%82%BB%E3%83%B3%E3%82%BF%E3%83%BC/?market=all
2,3083,3083.T,スターシーズ,小売り,内需・消費,https://s.kabutan.jp/themes/%E5%B0%8F%E5%A3%B2%E3%82%8A/?market=all
2,3083,3083.T,スターシーズ,脱炭素,GX・エネルギー,https://s.kabutan.jp/themes/%E8%84%B1%E7%82%AD%E7%B4%A0/?market=all
2,3083,3083.T,スターシーズ,蓄電池,GX・エネルギー,https://s.kabutan.jp/themes/%E8%93%84%E9%9B%BB%E6%B1%A0/?market=all
2,3086,3086.T,3086.T,インバウンド,内需・消費,https://s.kabutan.jp/themes/%E3%82%A4%E3%83%B3%E3%83%90%E3%82%A6%E3%83%B3%E3%83%89/?market=all
2,3086,3086.T,3086.T,サブスクリプション,デジタル・サービス,https://s.kabutan.jp/themes/%E3%82%B5%E3%83%96%E3%82%B9%E3%82%AF%E3%83%AA%E3%83%97%E3%82%B7%E3%83%A7%E3%83%B3/?market=all
2,3086,3086.T,3086.T,再開発,不動産・建設,https://s.kabutan.jp/themes/%E5%86%8D%E9%96%8B%E7%99%BA/?market=all
2,3086,3086.T,3086.T,小売り,内需・消費,https://s.kabutan.jp/themes/%E5%B0%8F%E5%A3%B2%E3%82%8A/?market=all
2,3087,3087.T,3087.T,外食,内需・消費,https://s.kabutan.jp/themes/%E5%A4%96%E9%A3%9F/?market=all
2,3088,3088.T,3088.T,インバウンド,内需・消費,https://s.kabutan.jp/themes/%E3%82%A4%E3%83%B3%E3%83%90%E3%82%A6%E3%83%B3%E3%83%89/?market=all
2,3088,3088.T,3088.T,小売り,内需・消費,https://s.kabutan.jp/themes/%E5%B0%8F%E5%A3%B2%E3%82%8A/?market=all
2,3089,3089.T,Ｔアルファ,半導体製造装置,AI・半導体,https://s.kabutan.jp/themes/%E5%8D%8A%E5%B0%8E%E4%BD%93%E8%A3%BD%E9%80%A0%E8%A3%85%E7%BD%AE/?market=all
2,3089,3089.T,Ｔアルファ,機械,設備投資・機械,https://s.kabutan.jp/themes/%E6%A9%9F%E6%A2%B0/?market=all
2,3089,3089.T,Ｔアルファ,自動車電子化,自動車・モビリティ,https://s.kabutan.jp/themes/%E8%87%AA%E5%8B%95%E8%BB%8A%E9%9B%BB%E5%AD%90%E5%8C%96/?market=all
2,3091,3091.T,3091.T,外食,内需・消費,https://s.kabutan.jp/themes/%E5%A4%96%E9%A3%9F/?market=all
2,3092,3092.T,3092.T,eコマース,内需・消費,https://s.kabutan.jp/themes/e%E3%82%B3%E3%83%9E%E3%83%BC%E3%82%B9/?market=all
2,3093,3093.T,3093.T,生活防衛,内需・消費,https://s.kabutan.jp/themes/%E7%94%9F%E6%B4%BB%E9%98%B2%E8%A1%9B/?market=all
2,3096,3096.T,3096.T,外食,内需・消費,https://s.kabutan.jp/themes/%E5%A4%96%E9%A3%9F/?market=all
2,3096,3096.T,3096.T,宅配,物流・海運,https://s.kabutan.jp/themes/%E5%AE%85%E9%85%8D/?market=all
2,3096,3096.T,3096.T,小売り,内需・消費,https://s.kabutan.jp/themes/%E5%B0%8F%E5%A3%B2%E3%82%8A/?market=all
2,3097,3097.T,3097.T,外食,内需・消費,https://s.kabutan.jp/themes/%E5%A4%96%E9%A3%9F/?market=all
2,3099,3099.T,3099.T,インバウンド,内需・消費,https://s.kabutan.jp/themes/%E3%82%A4%E3%83%B3%E3%83%90%E3%82%A6%E3%83%B3%E3%83%89/?market=all
2,3099,3099.T,3099.T,不動産関連,不動産・建設,https://s.kabutan.jp/themes/%E4%B8%8D%E5%8B%95%E7%94%A3%E9%96%A2%E9%80%A3/?market=all
2,3099,3099.T,3099.T,宅配,物流・海運,https://s.kabutan.jp/themes/%E5%AE%85%E9%85%8D/?market=all
2,3099,3099.T,3099.T,小売り,内需・消費,https://s.kabutan.jp/themes/%E5%B0%8F%E5%A3%B2%E3%82%8A/?market=all
2,3101,3101.T,3101.T,バイオテクノロジー関連,医療・ヘルスケア,https://s.kabutan.jp/themes/%E3%83%90%E3%82%A4%E3%82%AA%E3%83%86%E3%82%AF%E3%83%8E%E3%83%AD%E3%82%B8%E3%83%BC%E9%96%A2%E9%80%A3/?market=all
2,3101,3101.T,3101.T,自動車軽量化,自動車・モビリティ,https://s.kabutan.jp/themes/%E8%87%AA%E5%8B%95%E8%BB%8A%E8%BB%BD%E9%87%8F%E5%8C%96/?market=all
2,3101,3101.T,3101.T,自動車部材・部品,自動車・モビリティ,https://s.kabutan.jp/themes/%E8%87%AA%E5%8B%95%E8%BB%8A%E9%83%A8%E6%9D%90%E3%83%BB%E9%83%A8%E5%93%81/?market=all
2,3103,3103.T,ユニチカ,3Dプリンター,設備投資・機械,https://s.kabutan.jp/themes/3D%E3%83%97%E3%83%AA%E3%83%B3%E3%82%BF%E3%83%BC/?market=all
2,3103,3103.T,ユニチカ,データセンター,データセンター・電力,https://s.kabutan.jp/themes/%E3%83%87%E3%83%BC%E3%82%BF%E3%82%BB%E3%83%B3%E3%82%BF%E3%83%BC/?market=all
2,3103,3103.T,ユニチカ,半導体部材・部品,AI・半導体,https://s.kabutan.jp/themes/%E5%8D%8A%E5%B0%8E%E4%BD%93%E9%83%A8%E6%9D%90%E3%83%BB%E9%83%A8%E5%93%81/?market=all
2,3103,3103.T,ユニチカ,自動車部材・部品,自動車・モビリティ,https://s.kabutan.jp/themes/%E8%87%AA%E5%8B%95%E8%BB%8A%E9%83%A8%E6%9D%90%E3%83%BB%E9%83%A8%E5%93%81/?market=all
2,3103,3103.T,ユニチカ,防災,防衛・国土強靱化,https://s.kabutan.jp/themes/%E9%98%B2%E7%81%BD/?market=all
2,3104,3104.T,富士紡ＨＤ,半導体部材・部品,AI・半導体,https://s.kabutan.jp/themes/%E5%8D%8A%E5%B0%8E%E4%BD%93%E9%83%A8%E6%9D%90%E3%83%BB%E9%83%A8%E5%93%81/?market=all
2,3105,3105.T,日清紡ＨＤ,不動産関連,不動産・建設,https://s.kabutan.jp/themes/%E4%B8%8D%E5%8B%95%E7%94%A3%E9%96%A2%E9%80%A3/?market=all
2,3105,3105.T,日清紡ＨＤ,半導体,AI・半導体,https://s.kabutan.jp/themes/%E5%8D%8A%E5%B0%8E%E4%BD%93/?market=all
2,3105,3105.T,日清紡ＨＤ,自動車部材・部品,自動車・モビリティ,https://s.kabutan.jp/themes/%E8%87%AA%E5%8B%95%E8%BB%8A%E9%83%A8%E6%9D%90%E3%83%BB%E9%83%A8%E5%93%81/?market=all
2,3105,3105.T,日清紡ＨＤ,防災,防衛・国土強靱化,https://s.kabutan.jp/themes/%E9%98%B2%E7%81%BD/?market=all
2,3105,3105.T,日清紡ＨＤ,防衛,防衛・国土強靱化,https://s.kabutan.jp/themes/%E9%98%B2%E8%A1%9B/?market=all
2,3106,3106.T,クラボウ,バイオテクノロジー関連,医療・ヘルスケア,https://s.kabutan.jp/themes/%E3%83%90%E3%82%A4%E3%82%AA%E3%83%86%E3%82%AF%E3%83%8E%E3%83%AD%E3%82%B8%E3%83%BC%E9%96%A2%E9%80%A3/?market=all
2,3106,3106.T,クラボウ,ホテル,内需・消費,https://s.kabutan.jp/themes/%E3%83%9B%E3%83%86%E3%83%AB/?market=all
2,3106,3106.T,クラボウ,再生医療,医療・ヘルスケア,https://s.kabutan.jp/themes/%E5%86%8D%E7%94%9F%E5%8C%BB%E7%99%82/?market=all
2,3106,3106.T,クラボウ,医療機器,医療・ヘルスケア,https://s.kabutan.jp/themes/%E5%8C%BB%E7%99%82%E6%A9%9F%E5%99%A8/?market=all
2,3106,3106.T,クラボウ,半導体,AI・半導体,https://s.kabutan.jp/themes/%E5%8D%8A%E5%B0%8E%E4%BD%93/?market=all
2,3106,3106.T,クラボウ,半導体製造装置,AI・半導体,https://s.kabutan.jp/themes/%E5%8D%8A%E5%B0%8E%E4%BD%93%E8%A3%BD%E9%80%A0%E8%A3%85%E7%BD%AE/?market=all
2,3106,3106.T,クラボウ,自動車部材・部品,自動車・モビリティ,https://s.kabutan.jp/themes/%E8%87%AA%E5%8B%95%E8%BB%8A%E9%83%A8%E6%9D%90%E3%83%BB%E9%83%A8%E5%93%81/?market=all
2,3107,3107.T,3107.T,IT関連,デジタル・サービス,https://s.kabutan.jp/themes/IT%E9%96%A2%E9%80%A3/?market=all
2,3107,3107.T,3107.T,eコマース,内需・消費,https://s.kabutan.jp/themes/e%E3%82%B3%E3%83%9E%E3%83%BC%E3%82%B9/?market=all
2,3107,3107.T,3107.T,サブスクリプション,デジタル・サービス,https://s.kabutan.jp/themes/%E3%82%B5%E3%83%96%E3%82%B9%E3%82%AF%E3%83%AA%E3%83%97%E3%82%B7%E3%83%A7%E3%83%B3/?market=all
2,3107,3107.T,3107.T,工作機械,設備投資・機械,https://s.kabutan.jp/themes/%E5%B7%A5%E4%BD%9C%E6%A9%9F%E6%A2%B0/?market=all
2,3107,3107.T,3107.T,教育ICT,デジタル・サービス,https://s.kabutan.jp/themes/%E6%95%99%E8%82%B2ICT/?market=all
2,3107,3107.T,3107.T,機械,設備投資・機械,https://s.kabutan.jp/themes/%E6%A9%9F%E6%A2%B0/?market=all
2,3110,3110.T,日東紡,データセンター,データセンター・電力,https://s.kabutan.jp/themes/%E3%83%87%E3%83%BC%E3%82%BF%E3%82%BB%E3%83%B3%E3%82%BF%E3%83%BC/?market=all
2,3110,3110.T,日東紡,半導体部材・部品,AI・半導体,https://s.kabutan.jp/themes/%E5%8D%8A%E5%B0%8E%E4%BD%93%E9%83%A8%E6%9D%90%E3%83%BB%E9%83%A8%E5%93%81/?market=all
2,3111,3111.T,3111.T,不動産関連,不動産・建設,https://s.kabutan.jp/themes/%E4%B8%8D%E5%8B%95%E7%94%A3%E9%96%A2%E9%80%A3/?market=all
2,3111,3111.T,3111.T,食品,内需・消費,https://s.kabutan.jp/themes/%E9%A3%9F%E5%93%81/?market=all
2,3113,3113.T,3113.T,キャッシュレス決済,金融・金利,https://s.kabutan.jp/themes/%E3%82%AD%E3%83%A3%E3%83%83%E3%82%B7%E3%83%A5%E3%83%AC%E3%82%B9%E6%B1%BA%E6%B8%88/?market=all
2,3113,3113.T,3113.T,再生可能エネルギー,GX・エネルギー,https://s.kabutan.jp/themes/%E5%86%8D%E7%94%9F%E5%8F%AF%E8%83%BD%E3%82%A8%E3%83%8D%E3%83%AB%E3%82%AE%E3%83%BC/?market=all
2,3113,3113.T,3113.T,蓄電池,GX・エネルギー,https://s.kabutan.jp/themes/%E8%93%84%E9%9B%BB%E6%B1%A0/?market=all
2,3113,3113.T,3113.T,証券,金融・金利,https://s.kabutan.jp/themes/%E8%A8%BC%E5%88%B8/?market=all
2,3116,3116.T,3116.T,自動車軽量化,自動車・モビリティ,https://s.kabutan.jp/themes/%E8%87%AA%E5%8B%95%E8%BB%8A%E8%BB%BD%E9%87%8F%E5%8C%96/?market=all
2,3116,3116.T,3116.T,自動車部材・部品,自動車・モビリティ,https://s.kabutan.jp/themes/%E8%87%AA%E5%8B%95%E8%BB%8A%E9%83%A8%E6%9D%90%E3%83%BB%E9%83%A8%E5%93%81/?market=all
2,3121,3121.T,3121.T,ホテル,内需・消費,https://s.kabutan.jp/themes/%E3%83%9B%E3%83%86%E3%83%AB/?market=all
2,3121,3121.T,3121.T,不動産ファンド,不動産・建設,https://s.kabutan.jp/themes/%E4%B8%8D%E5%8B%95%E7%94%A3%E3%83%95%E3%82%A1%E3%83%B3%E3%83%89/?market=all
2,3123,3123.T,3123.T,不動産関連,不動産・建設,https://s.kabutan.jp/themes/%E4%B8%8D%E5%8B%95%E7%94%A3%E9%96%A2%E9%80%A3/?market=all
2,3131,3131.T,シンデンハイ,IoT,設備投資・機械,https://s.kabutan.jp/themes/IoT/?market=all
2,3131,3131.T,シンデンハイ,リチウムイオン電池,自動車・モビリティ,https://s.kabutan.jp/themes/%E3%83%AA%E3%83%81%E3%82%A6%E3%83%A0%E3%82%A4%E3%82%AA%E3%83%B3%E9%9B%BB%E6%B1%A0/?market=all
2,3131,3131.T,シンデンハイ,半導体商社,AI・半導体,https://s.kabutan.jp/themes/%E5%8D%8A%E5%B0%8E%E4%BD%93%E5%95%86%E7%A4%BE/?market=all
2,3131,3131.T,シンデンハイ,蓄電池,GX・エネルギー,https://s.kabutan.jp/themes/%E8%93%84%E9%9B%BB%E6%B1%A0/?market=all
2,3131,3131.T,シンデンハイ,量子コンピューター,AI・半導体,https://s.kabutan.jp/themes/%E9%87%8F%E5%AD%90%E3%82%B3%E3%83%B3%E3%83%94%E3%83%A5%E3%83%BC%E3%82%BF%E3%83%BC/?market=all
2,3132,3132.T,マクニカＨＤ,IoT,設備投資・機械,https://s.kabutan.jp/themes/IoT/?market=all
2,3132,3132.T,マクニカＨＤ,サイバーセキュリティ,防衛・国土強靱化,https://s.kabutan.jp/themes/%E3%82%B5%E3%82%A4%E3%83%90%E3%83%BC%E3%82%BB%E3%82%AD%E3%83%A5%E3%83%AA%E3%83%86%E3%82%A3/?market=all
2,3132,3132.T,マクニカＨＤ,デジタルトランスフォーメーション,デジタル・サービス,https://s.kabutan.jp/themes/%E3%83%87%E3%82%B8%E3%82%BF%E3%83%AB%E3%83%88%E3%83%A9%E3%83%B3%E3%82%B9%E3%83%95%E3%82%A9%E3%83%BC%E3%83%A1%E3%83%BC%E3%82%B7%E3%83%A7%E3%83%B3/?market=all
2,3132,3132.T,マクニカＨＤ,フィジカルAI,AI・半導体,https://s.kabutan.jp/themes/%E3%83%95%E3%82%A3%E3%82%B8%E3%82%AB%E3%83%ABAI/?market=all
2,3132,3132.T,マクニカＨＤ,人工知能,AI・半導体,https://s.kabutan.jp/themes/%E4%BA%BA%E5%B7%A5%E7%9F%A5%E8%83%BD/?market=all
2,3132,3132.T,マクニカＨＤ,半導体,AI・半導体,https://s.kabutan.jp/themes/%E5%8D%8A%E5%B0%8E%E4%BD%93/?market=all
2,3132,3132.T,マクニカＨＤ,半導体商社,AI・半導体,https://s.kabutan.jp/themes/%E5%8D%8A%E5%B0%8E%E4%BD%93%E5%95%86%E7%A4%BE/?market=all
2,3132,3132.T,マクニカＨＤ,生成AI,AI・半導体,https://s.kabutan.jp/themes/%E7%94%9F%E6%88%90AI/?market=all
2,3132,3132.T,マクニカＨＤ,自動運転車,自動車・モビリティ,https://s.kabutan.jp/themes/%E8%87%AA%E5%8B%95%E9%81%8B%E8%BB%A2%E8%BB%8A/?market=all
2,3133,3133.T,3133.T,再生可能エネルギー,GX・エネルギー,https://s.kabutan.jp/themes/%E5%86%8D%E7%94%9F%E5%8F%AF%E8%83%BD%E3%82%A8%E3%83%8D%E3%83%AB%E3%82%AE%E3%83%BC/?market=all
2,3133,3133.T,3133.T,外食,内需・消費,https://s.kabutan.jp/themes/%E5%A4%96%E9%A3%9F/?market=all
2,3133,3133.T,3133.T,太陽光発電関連,GX・エネルギー,https://s.kabutan.jp/themes/%E5%A4%AA%E9%99%BD%E5%85%89%E7%99%BA%E9%9B%BB%E9%96%A2%E9%80%A3/?market=all
2,3133,3133.T,3133.T,小売り,内需・消費,https://s.kabutan.jp/themes/%E5%B0%8F%E5%A3%B2%E3%82%8A/?market=all
2,3133,3133.T,3133.T,蓄電池,GX・エネルギー,https://s.kabutan.jp/themes/%E8%93%84%E9%9B%BB%E6%B1%A0/?market=all
2,3134,3134.T,3134.T,eコマース,内需・消費,https://s.kabutan.jp/themes/e%E3%82%B3%E3%83%9E%E3%83%BC%E3%82%B9/?market=all
2,3134,3134.T,3134.T,ゲーム関連,デジタル・サービス,https://s.kabutan.jp/themes/%E3%82%B2%E3%83%BC%E3%83%A0%E9%96%A2%E9%80%A3/?market=all
2,3134,3134.T,3134.T,小売り,内需・消費,https://s.kabutan.jp/themes/%E5%B0%8F%E5%A3%B2%E3%82%8A/?market=all
2,3135,3135.T,3135.T,医療機器,医療・ヘルスケア,https://s.kabutan.jp/themes/%E5%8C%BB%E7%99%82%E6%A9%9F%E5%99%A8/?market=all
2,3137,3137.T,3137.T,宅配,物流・海運,https://s.kabutan.jp/themes/%E5%AE%85%E9%85%8D/?market=all
2,3137,3137.T,3137.T,小売り,内需・消費,https://s.kabutan.jp/themes/%E5%B0%8F%E5%A3%B2%E3%82%8A/?market=all
2,3138,3138.T,3138.T,サブスクリプション,デジタル・サービス,https://s.kabutan.jp/themes/%E3%82%B5%E3%83%96%E3%82%B9%E3%82%AF%E3%83%AA%E3%83%97%E3%82%B7%E3%83%A7%E3%83%B3/?market=all
2,3139,3139.T,ラクトＪ,円高メリット,内需・消費,https://s.kabutan.jp/themes/%E5%86%86%E9%AB%98%E3%83%A1%E3%83%AA%E3%83%83%E3%83%88/?market=all
2,3148,3148.T,3148.T,介護関連,医療・ヘルスケア,https://s.kabutan.jp/themes/%E4%BB%8B%E8%AD%B7%E9%96%A2%E9%80%A3/?market=all
2,3148,3148.T,3148.T,小売り,内需・消費,https://s.kabutan.jp/themes/%E5%B0%8F%E5%A3%B2%E3%82%8A/?market=all
2,3148,3148.T,3148.T,食品,内需・消費,https://s.kabutan.jp/themes/%E9%A3%9F%E5%93%81/?market=all
2,3150,3150.T,3150.T,再生可能エネルギー,GX・エネルギー,https://s.kabutan.jp/themes/%E5%86%8D%E7%94%9F%E5%8F%AF%E8%83%BD%E3%82%A8%E3%83%8D%E3%83%AB%E3%82%AE%E3%83%BC/?market=all
2,3150,3150.T,3150.T,省エネ関連,GX・エネルギー,https://s.kabutan.jp/themes/%E7%9C%81%E3%82%A8%E3%83%8D%E9%96%A2%E9%80%A3/?market=all
2,3150,3150.T,3150.T,蓄電池,GX・エネルギー,https://s.kabutan.jp/themes/%E8%93%84%E9%9B%BB%E6%B1%A0/?market=all
2,3151,3151.T,3151.T,介護関連,医療・ヘルスケア,https://s.kabutan.jp/themes/%E4%BB%8B%E8%AD%B7%E9%96%A2%E9%80%A3/?market=all
2,3151,3151.T,3151.T,医療機器,医療・ヘルスケア,https://s.kabutan.jp/themes/%E5%8C%BB%E7%99%82%E6%A9%9F%E5%99%A8/?market=all
2,3151,3151.T,3151.T,医薬品関連,医療・ヘルスケア,https://s.kabutan.jp/themes/%E5%8C%BB%E8%96%AC%E5%93%81%E9%96%A2%E9%80%A3/?market=all
2,3153,3153.T,八洲電機,データセンター,データセンター・電力,https://s.kabutan.jp/themes/%E3%83%87%E3%83%BC%E3%82%BF%E3%82%BB%E3%83%B3%E3%82%BF%E3%83%BC/?market=all
2,3153,3153.T,八洲電機,受変電設備,データセンター・電力,https://s.kabutan.jp/themes/%E5%8F%97%E5%A4%89%E9%9B%BB%E8%A8%AD%E5%82%99/?market=all
2,3153,3153.T,八洲電機,設備投資,設備投資・機械,https://s.kabutan.jp/themes/%E8%A8%AD%E5%82%99%E6%8A%95%E8%B3%87/?market=all
2,3153,3153.T,八洲電機,鉄道関連,物流・海運,https://s.kabutan.jp/themes/%E9%89%84%E9%81%93%E9%96%A2%E9%80%A3/?market=all
2,3154,3154.T,3154.T,介護関連,医療・ヘルスケア,https://s.kabutan.jp/themes/%E4%BB%8B%E8%AD%B7%E9%96%A2%E9%80%A3/?market=all
2,3154,3154.T,3154.T,医療機器,医療・ヘルスケア,https://s.kabutan.jp/themes/%E5%8C%BB%E7%99%82%E6%A9%9F%E5%99%A8/?market=all
2,3156,3156.T,レスター,キャッシュレス決済,金融・金利,https://s.kabutan.jp/themes/%E3%82%AD%E3%83%A3%E3%83%83%E3%82%B7%E3%83%A5%E3%83%AC%E3%82%B9%E6%B1%BA%E6%B8%88/?market=all
2,3156,3156.T,レスター,ゲーム関連,デジタル・サービス,https://s.kabutan.jp/themes/%E3%82%B2%E3%83%BC%E3%83%A0%E9%96%A2%E9%80%A3/?market=all
2,3156,3156.T,レスター,ドローン,防衛・国土強靱化,https://s.kabutan.jp/themes/%E3%83%89%E3%83%AD%E3%83%BC%E3%83%B3/?market=all
2,3156,3156.T,レスター,マイナンバー,デジタル・サービス,https://s.kabutan.jp/themes/%E3%83%9E%E3%82%A4%E3%83%8A%E3%83%B3%E3%83%90%E3%83%BC/?market=all
2,3156,3156.T,レスター,再生可能エネルギー,GX・エネルギー,https://s.kabutan.jp/themes/%E5%86%8D%E7%94%9F%E5%8F%AF%E8%83%BD%E3%82%A8%E3%83%8D%E3%83%AB%E3%82%AE%E3%83%BC/?market=all
2,3156,3156.T,レスター,半導体,AI・半導体,https://s.kabutan.jp/themes/%E5%8D%8A%E5%B0%8E%E4%BD%93/?market=all
2,3156,3156.T,レスター,半導体商社,AI・半導体,https://s.kabutan.jp/themes/%E5%8D%8A%E5%B0%8E%E4%BD%93%E5%95%86%E7%A4%BE/?market=all
2,3156,3156.T,レスター,太陽光発電関連,GX・エネルギー,https://s.kabutan.jp/themes/%E5%A4%AA%E9%99%BD%E5%85%89%E7%99%BA%E9%9B%BB%E9%96%A2%E9%80%A3/?market=all
2,3156,3156.T,レスター,自動運転車,自動車・モビリティ,https://s.kabutan.jp/themes/%E8%87%AA%E5%8B%95%E9%81%8B%E8%BB%A2%E8%BB%8A/?market=all
2,3156,3156.T,レスター,風力発電,GX・エネルギー,https://s.kabutan.jp/themes/%E9%A2%A8%E5%8A%9B%E7%99%BA%E9%9B%BB/?market=all
2,3157,3157.T,3157.T,住宅関連,不動産・建設,https://s.kabutan.jp/themes/%E4%BD%8F%E5%AE%85%E9%96%A2%E9%80%A3/?market=all
2,3160,3160.T,3160.T,小売り,内需・消費,https://s.kabutan.jp/themes/%E5%B0%8F%E5%A3%B2%E3%82%8A/?market=all
2,3161,3161.T,3161.T,住宅関連,不動産・建設,https://s.kabutan.jp/themes/%E4%BD%8F%E5%AE%85%E9%96%A2%E9%80%A3/?market=all
2,3166,3166.T,3166.T,住宅関連,不動産・建設,https://s.kabutan.jp/themes/%E4%BD%8F%E5%AE%85%E9%96%A2%E9%80%A3/?market=all
2,3166,3166.T,3166.T,建設,不動産・建設,https://s.kabutan.jp/themes/%E5%BB%BA%E8%A8%AD/?market=all
2,3167,3167.T,ＴＯＫＡＩ,データセンター,データセンター・電力,https://s.kabutan.jp/themes/%E3%83%87%E3%83%BC%E3%82%BF%E3%82%BB%E3%83%B3%E3%82%BF%E3%83%BC/?market=all
2,3167,3167.T,ＴＯＫＡＩ,介護関連,医療・ヘルスケア,https://s.kabutan.jp/themes/%E4%BB%8B%E8%AD%B7%E9%96%A2%E9%80%A3/?market=all
2,3168,3168.T,ＭＥＲＦ,アルミニウム,資源・素材,https://s.kabutan.jp/themes/%E3%82%A2%E3%83%AB%E3%83%9F%E3%83%8B%E3%82%A6%E3%83%A0/?market=all
2,3168,3168.T,ＭＥＲＦ,レアメタル,資源・素材,https://s.kabutan.jp/themes/%E3%83%AC%E3%82%A2%E3%83%A1%E3%82%BF%E3%83%AB/?market=all
2,3168,3168.T,ＭＥＲＦ,銅,資源・素材,https://s.kabutan.jp/themes/%E9%8A%85/?market=all
2,3168,3168.T,ＭＥＲＦ,非鉄,資源・素材,https://s.kabutan.jp/themes/%E9%9D%9E%E9%89%84/?market=all
2,3169,3169.T,3169.T,eコマース,内需・消費,https://s.kabutan.jp/themes/e%E3%82%B3%E3%83%9E%E3%83%BC%E3%82%B9/?market=all
2,3169,3169.T,3169.T,小売り,内需・消費,https://s.kabutan.jp/themes/%E5%B0%8F%E5%A3%B2%E3%82%8A/?market=all
2,3172,3172.T,3172.T,eコマース,内需・消費,https://s.kabutan.jp/themes/e%E3%82%B3%E3%83%9E%E3%83%BC%E3%82%B9/?market=all
2,3172,3172.T,3172.T,倉庫,物流・海運,https://s.kabutan.jp/themes/%E5%80%89%E5%BA%AB/?market=all
2,3172,3172.T,3172.T,小売り,内需・消費,https://s.kabutan.jp/themes/%E5%B0%8F%E5%A3%B2%E3%82%8A/?market=all
2,3172,3172.T,3172.T,物流,物流・海運,https://s.kabutan.jp/themes/%E7%89%A9%E6%B5%81/?market=all
2,3173,3173.T,3173.T,光ファイバー,データセンター・電力,https://s.kabutan.jp/themes/%E5%85%89%E3%83%95%E3%82%A1%E3%82%A4%E3%83%90%E3%83%BC/?market=all
2,3173,3173.T,3173.T,工作機械,設備投資・機械,https://s.kabutan.jp/themes/%E5%B7%A5%E4%BD%9C%E6%A9%9F%E6%A2%B0/?market=all
2,3175,3175.T,3175.T,外食,内需・消費,https://s.kabutan.jp/themes/%E5%A4%96%E9%A3%9F/?market=all
2,3176,3176.T,三洋貿易,レアアース,資源・素材,https://s.kabutan.jp/themes/%E3%83%AC%E3%82%A2%E3%82%A2%E3%83%BC%E3%82%B9/?market=all
2,3176,3176.T,三洋貿易,機械,設備投資・機械,https://s.kabutan.jp/themes/%E6%A9%9F%E6%A2%B0/?market=all
2,3176,3176.T,三洋貿易,自動車部材・部品,自動車・モビリティ,https://s.kabutan.jp/themes/%E8%87%AA%E5%8B%95%E8%BB%8A%E9%83%A8%E6%9D%90%E3%83%BB%E9%83%A8%E5%93%81/?market=all
2,3177,3177.T,3177.T,外食,内需・消費,https://s.kabutan.jp/themes/%E5%A4%96%E9%A3%9F/?market=all
2,3177,3177.T,3177.T,小売り,内需・消費,https://s.kabutan.jp/themes/%E5%B0%8F%E5%A3%B2%E3%82%8A/?market=all
2,3178,3178.T,3178.T,小売り,内需・消費,https://s.kabutan.jp/themes/%E5%B0%8F%E5%A3%B2%E3%82%8A/?market=all
2,3179,3179.T,3179.T,eコマース,内需・消費,https://s.kabutan.jp/themes/e%E3%82%B3%E3%83%9E%E3%83%BC%E3%82%B9/?market=all
2,3179,3179.T,3179.T,小売り,内需・消費,https://s.kabutan.jp/themes/%E5%B0%8F%E5%A3%B2%E3%82%8A/?market=all
2,3182,3182.T,3182.T,eコマース,内需・消費,https://s.kabutan.jp/themes/e%E3%82%B3%E3%83%9E%E3%83%BC%E3%82%B9/?market=all
2,3182,3182.T,3182.T,サブスクリプション,デジタル・サービス,https://s.kabutan.jp/themes/%E3%82%B5%E3%83%96%E3%82%B9%E3%82%AF%E3%83%AA%E3%83%97%E3%82%B7%E3%83%A7%E3%83%B3/?market=all
2,3182,3182.T,3182.T,宅配,物流・海運,https://s.kabutan.jp/themes/%E5%AE%85%E9%85%8D/?market=all
2,3183,3183.T,3183.T,医療機器,医療・ヘルスケア,https://s.kabutan.jp/themes/%E5%8C%BB%E7%99%82%E6%A9%9F%E5%99%A8/?market=all
2,3185,3185.T,3185.T,eコマース,内需・消費,https://s.kabutan.jp/themes/e%E3%82%B3%E3%83%9E%E3%83%BC%E3%82%B9/?market=all
2,3185,3185.T,3185.T,小売り,内需・消費,https://s.kabutan.jp/themes/%E5%B0%8F%E5%A3%B2%E3%82%8A/?market=all
2,3189,3189.T,ＡＮＡＰＨＤ,人工知能,AI・半導体,https://s.kabutan.jp/themes/%E4%BA%BA%E5%B7%A5%E7%9F%A5%E8%83%BD/?market=all
2,3189,3189.T,ＡＮＡＰＨＤ,小売り,内需・消費,https://s.kabutan.jp/themes/%E5%B0%8F%E5%A3%B2%E3%82%8A/?market=all
2,3191,3191.T,3191.T,小売り,内需・消費,https://s.kabutan.jp/themes/%E5%B0%8F%E5%A3%B2%E3%82%8A/?market=all
2,3192,3192.T,3192.T,eコマース,内需・消費,https://s.kabutan.jp/themes/e%E3%82%B3%E3%83%9E%E3%83%BC%E3%82%B9/?market=all
2,3193,3193.T,3193.T,外食,内需・消費,https://s.kabutan.jp/themes/%E5%A4%96%E9%A3%9F/?market=all
2,3195,3195.T,3195.T,IT関連,デジタル・サービス,https://s.kabutan.jp/themes/IT%E9%96%A2%E9%80%A3/?market=all
2,3195,3195.T,3195.T,eコマース,内需・消費,https://s.kabutan.jp/themes/e%E3%82%B3%E3%83%9E%E3%83%BC%E3%82%B9/?market=all
2,3196,3196.T,3196.T,外食,内需・消費,https://s.kabutan.jp/themes/%E5%A4%96%E9%A3%9F/?market=all
2,3197,3197.T,3197.T,外食,内需・消費,https://s.kabutan.jp/themes/%E5%A4%96%E9%A3%9F/?market=all
2,3197,3197.T,3197.T,宅配,物流・海運,https://s.kabutan.jp/themes/%E5%AE%85%E9%85%8D/?market=all
2,3197,3197.T,3197.T,生活防衛,内需・消費,https://s.kabutan.jp/themes/%E7%94%9F%E6%B4%BB%E9%98%B2%E8%A1%9B/?market=all
2,3199,3199.T,3199.T,小売り,内需・消費,https://s.kabutan.jp/themes/%E5%B0%8F%E5%A3%B2%E3%82%8A/?market=all
2,3199,3199.T,3199.T,建設,不動産・建設,https://s.kabutan.jp/themes/%E5%BB%BA%E8%A8%AD/?market=all
2,319A,319A.T,319A.T,FA関連,設備投資・機械,https://s.kabutan.jp/themes/FA%E9%96%A2%E9%80%A3/?market=all
2,319A,319A.T,319A.T,機械,設備投資・機械,https://s.kabutan.jp/themes/%E6%A9%9F%E6%A2%B0/?market=all
2,319A,319A.T,319A.T,自動車部材・部品,自動車・モビリティ,https://s.kabutan.jp/themes/%E8%87%AA%E5%8B%95%E8%BB%8A%E9%83%A8%E6%9D%90%E3%83%BB%E9%83%A8%E5%93%81/?market=all
2,3201,3201.T,3201.T,不動産関連,不動産・建設,https://s.kabutan.jp/themes/%E4%B8%8D%E5%8B%95%E7%94%A3%E9%96%A2%E9%80%A3/?market=all
2,3201,3201.T,3201.T,介護関連,医療・ヘルスケア,https://s.kabutan.jp/themes/%E4%BB%8B%E8%AD%B7%E9%96%A2%E9%80%A3/?market=all
2,3201,3201.T,3201.T,自動車部材・部品,自動車・モビリティ,https://s.kabutan.jp/themes/%E8%87%AA%E5%8B%95%E8%BB%8A%E9%83%A8%E6%9D%90%E3%83%BB%E9%83%A8%E5%93%81/?market=all
2,3201,3201.T,3201.T,防衛,防衛・国土強靱化,https://s.kabutan.jp/themes/%E9%98%B2%E8%A1%9B/?market=all
2,3202,3202.T,3202.T,ホームヘルスケア,医療・ヘルスケア,https://s.kabutan.jp/themes/%E3%83%9B%E3%83%BC%E3%83%A0%E3%83%98%E3%83%AB%E3%82%B9%E3%82%B1%E3%82%A2/?market=all
2,3204,3204.T,トーア紡,半導体部材・部品,AI・半導体,https://s.kabutan.jp/themes/%E5%8D%8A%E5%B0%8E%E4%BD%93%E9%83%A8%E6%9D%90%E3%83%BB%E9%83%A8%E5%93%81/?market=all
2,3204,3204.T,トーア紡,自動車部材・部品,自動車・モビリティ,https://s.kabutan.jp/themes/%E8%87%AA%E5%8B%95%E8%BB%8A%E9%83%A8%E6%9D%90%E3%83%BB%E9%83%A8%E5%93%81/?market=all
2,3221,3221.T,3221.T,外食,内需・消費,https://s.kabutan.jp/themes/%E5%A4%96%E9%A3%9F/?market=all
2,3221,3221.T,3221.T,建設,不動産・建設,https://s.kabutan.jp/themes/%E5%BB%BA%E8%A8%AD/?market=all
2,3223,3223.T,3223.T,外食,内需・消費,https://s.kabutan.jp/themes/%E5%A4%96%E9%A3%9F/?market=all
2,3224,3224.T,3224.T,外食,内需・消費,https://s.kabutan.jp/themes/%E5%A4%96%E9%A3%9F/?market=all
2,3224,3224.T,3224.T,太陽光発電関連,GX・エネルギー,https://s.kabutan.jp/themes/%E5%A4%AA%E9%99%BD%E5%85%89%E7%99%BA%E9%9B%BB%E9%96%A2%E9%80%A3/?market=all
2,3224,3224.T,3224.T,小売り,内需・消費,https://s.kabutan.jp/themes/%E5%B0%8F%E5%A3%B2%E3%82%8A/?market=all
2,3231,3231.T,3231.T,ホテル,内需・消費,https://s.kabutan.jp/themes/%E3%83%9B%E3%83%86%E3%83%AB/?market=all
2,3231,3231.T,3231.T,マンション関連,不動産・建設,https://s.kabutan.jp/themes/%E3%83%9E%E3%83%B3%E3%82%B7%E3%83%A7%E3%83%B3%E9%96%A2%E9%80%A3/?market=all
2,3231,3231.T,3231.T,不動産関連,不動産・建設,https://s.kabutan.jp/themes/%E4%B8%8D%E5%8B%95%E7%94%A3%E9%96%A2%E9%80%A3/?market=all
2,3231,3231.T,3231.T,風力発電,GX・エネルギー,https://s.kabutan.jp/themes/%E9%A2%A8%E5%8A%9B%E7%99%BA%E9%9B%BB/?market=all
2,3232,3232.T,3232.T,ホテル,内需・消費,https://s.kabutan.jp/themes/%E3%83%9B%E3%83%86%E3%83%AB/?market=all
2,3232,3232.T,3232.T,不動産関連,不動産・建設,https://s.kabutan.jp/themes/%E4%B8%8D%E5%8B%95%E7%94%A3%E9%96%A2%E9%80%A3/?market=all
2,3232,3232.T,3232.T,住宅関連,不動産・建設,https://s.kabutan.jp/themes/%E4%BD%8F%E5%AE%85%E9%96%A2%E9%80%A3/?market=all
2,3232,3232.T,3232.T,再生可能エネルギー,GX・エネルギー,https://s.kabutan.jp/themes/%E5%86%8D%E7%94%9F%E5%8F%AF%E8%83%BD%E3%82%A8%E3%83%8D%E3%83%AB%E3%82%AE%E3%83%BC/?market=all
2,3232,3232.T,3232.T,太陽光発電関連,GX・エネルギー,https://s.kabutan.jp/themes/%E5%A4%AA%E9%99%BD%E5%85%89%E7%99%BA%E9%9B%BB%E9%96%A2%E9%80%A3/?market=all
2,3232,3232.T,3232.T,脱炭素,GX・エネルギー,https://s.kabutan.jp/themes/%E8%84%B1%E7%82%AD%E7%B4%A0/?market=all
2,3236,3236.T,3236.T,マンション関連,不動産・建設,https://s.kabutan.jp/themes/%E3%83%9E%E3%83%B3%E3%82%B7%E3%83%A7%E3%83%B3%E9%96%A2%E9%80%A3/?market=all
2,3237,3237.T,3237.T,ホテル,内需・消費,https://s.kabutan.jp/themes/%E3%83%9B%E3%83%86%E3%83%AB/?market=all
2,3237,3237.T,3237.T,不動産関連,不動産・建設,https://s.kabutan.jp/themes/%E4%B8%8D%E5%8B%95%E7%94%A3%E9%96%A2%E9%80%A3/?market=all
2,3238,3238.T,3238.T,マンション関連,不動産・建設,https://s.kabutan.jp/themes/%E3%83%9E%E3%83%B3%E3%82%B7%E3%83%A7%E3%83%B3%E9%96%A2%E9%80%A3/?market=all
2,3238,3238.T,3238.T,不動産関連,不動産・建設,https://s.kabutan.jp/themes/%E4%B8%8D%E5%8B%95%E7%94%A3%E9%96%A2%E9%80%A3/?market=all
2,323A,323A.T,323A.T,IT関連,デジタル・サービス,https://s.kabutan.jp/themes/IT%E9%96%A2%E9%80%A3/?market=all
2,323A,323A.T,323A.T,SaaS,デジタル・サービス,https://s.kabutan.jp/themes/SaaS/?market=all
2,323A,323A.T,323A.T,クラウドコンピューティング,デジタル・サービス,https://s.kabutan.jp/themes/%E3%82%AF%E3%83%A9%E3%82%A6%E3%83%89%E3%82%B3%E3%83%B3%E3%83%94%E3%83%A5%E3%83%BC%E3%83%86%E3%82%A3%E3%83%B3%E3%82%B0/?market=all
2,323A,323A.T,323A.T,サブスクリプション,デジタル・サービス,https://s.kabutan.jp/themes/%E3%82%B5%E3%83%96%E3%82%B9%E3%82%AF%E3%83%AA%E3%83%97%E3%82%B7%E3%83%A7%E3%83%B3/?market=all
2,3241,3241.T,3241.T,不動産関連,不動産・建設,https://s.kabutan.jp/themes/%E4%B8%8D%E5%8B%95%E7%94%A3%E9%96%A2%E9%80%A3/?market=all
2,3241,3241.T,3241.T,住宅関連,不動産・建設,https://s.kabutan.jp/themes/%E4%BD%8F%E5%AE%85%E9%96%A2%E9%80%A3/?market=all
2,3242,3242.T,3242.T,ホテル,内需・消費,https://s.kabutan.jp/themes/%E3%83%9B%E3%83%86%E3%83%AB/?market=all
2,3242,3242.T,3242.T,不動産関連,不動産・建設,https://s.kabutan.jp/themes/%E4%B8%8D%E5%8B%95%E7%94%A3%E9%96%A2%E9%80%A3/?market=all
2,3245,3245.T,3245.T,マンション関連,不動産・建設,https://s.kabutan.jp/themes/%E3%83%9E%E3%83%B3%E3%82%B7%E3%83%A7%E3%83%B3%E9%96%A2%E9%80%A3/?market=all
2,3245,3245.T,3245.T,不動産関連,不動産・建設,https://s.kabutan.jp/themes/%E4%B8%8D%E5%8B%95%E7%94%A3%E9%96%A2%E9%80%A3/?market=all
2,3246,3246.T,3246.T,マンション関連,不動産・建設,https://s.kabutan.jp/themes/%E3%83%9E%E3%83%B3%E3%82%B7%E3%83%A7%E3%83%B3%E9%96%A2%E9%80%A3/?market=all
2,3248,3248.T,3248.T,マンション関連,不動産・建設,https://s.kabutan.jp/themes/%E3%83%9E%E3%83%B3%E3%82%B7%E3%83%A7%E3%83%B3%E9%96%A2%E9%80%A3/?market=all
2,3248,3248.T,3248.T,不動産関連,不動産・建設,https://s.kabutan.jp/themes/%E4%B8%8D%E5%8B%95%E7%94%A3%E9%96%A2%E9%80%A3/?market=all
2,324A,324A.T,324A.T,ホテル,内需・消費,https://s.kabutan.jp/themes/%E3%83%9B%E3%83%86%E3%83%AB/?market=all
2,324A,324A.T,324A.T,旅行,内需・消費,https://s.kabutan.jp/themes/%E6%97%85%E8%A1%8C/?market=all
2,3252,3252.T,3252.T,不動産ファンド,不動産・建設,https://s.kabutan.jp/themes/%E4%B8%8D%E5%8B%95%E7%94%A3%E3%83%95%E3%82%A1%E3%83%B3%E3%83%89/?market=all
2,325A,325A.T,325A.T,eコマース,内需・消費,https://s.kabutan.jp/themes/e%E3%82%B3%E3%83%9E%E3%83%BC%E3%82%B9/?market=all
2,325A,325A.T,325A.T,ホームヘルスケア,医療・ヘルスケア,https://s.kabutan.jp/themes/%E3%83%9B%E3%83%BC%E3%83%A0%E3%83%98%E3%83%AB%E3%82%B9%E3%82%B1%E3%82%A2/?market=all
2,325A,325A.T,325A.T,医療機器,医療・ヘルスケア,https://s.kabutan.jp/themes/%E5%8C%BB%E7%99%82%E6%A9%9F%E5%99%A8/?market=all
2,325A,325A.T,325A.T,小売り,内需・消費,https://s.kabutan.jp/themes/%E5%B0%8F%E5%A3%B2%E3%82%8A/?market=all
2,3260,3260.T,,マンション関連,不動産・建設,https://s.kabutan.jp/themes/%E3%83%9E%E3%83%B3%E3%82%B7%E3%83%A7%E3%83%B3%E9%96%A2%E9%80%A3/?market=all
2,3260,3260.T,,不動産関連,不動産・建設,https://s.kabutan.jp/themes/%E4%B8%8D%E5%8B%95%E7%94%A3%E9%96%A2%E9%80%A3/?market=all
2,3261,3261.T,3261.T,不動産関連,不動産・建設,https://s.kabutan.jp/themes/%E4%B8%8D%E5%8B%95%E7%94%A3%E9%96%A2%E9%80%A3/?market=all
2,3261,3261.T,3261.T,住宅関連,不動産・建設,https://s.kabutan.jp/themes/%E4%BD%8F%E5%AE%85%E9%96%A2%E9%80%A3/?market=all
