batch,stock_code,long_name,website,theme_specs
1,137A,"Cocolive, Inc.",https://cocolive.co.jp,"サブスクリプション[cur=8,grow=5,prior=7]"
1,138A,"Hikari Food Service Co., Ltd.",https://www.hikari-food-service.jp,"小売り[cur=8,grow=5,prior=7]"
1,1401,Mbs Inc,https://www.homemakeup.co.jp,"住宅関連[cur=8,grow=5,prior=7] ; 耐震化[cur=8,grow=5,prior=7]"
1,1414,"SHO-BOND Holdings Co.,Ltd.",https://www.sho-bondhd.jp,"耐震化[cur=58,grow=56,prior=57] ; 防災[cur=42,grow=40,prior=41]"
1,1417,MIRAIT ONE Corporation,https://www.mirait-one.com,"データセンター[cur=58,grow=56,prior=57] ; ドローン[cur=8,grow=5,prior=7] ; 光ファイバー[cur=8,grow=5,prior=7] ; 太陽光発電関連[cur=8,grow=5,prior=7]"
1,141A,"TRIAL Holdings, Inc.",https://www.trial-holdings.inc,"外食[cur=58,grow=46,prior=54] ; 物流[cur=42,grow=30,prior=38] ; 食品[cur=42,grow=30,prior=38]"
1,1420,Sanyo Homes Corporation,https://www.sanyohomes.co.jp,"介護関連[cur=8,grow=5,prior=7]"
1,1431,"Lib Work Co.,Ltd.",https://www.libwork.co.jp,"SaaS[cur=8,grow=5,prior=7] ; サブスクリプション[cur=8,grow=5,prior=7] ; 建設[cur=42,grow=30,prior=38]"
1,1433,"Besterra Co., Ltd.",https://www.besterra.co.jp,"原子力発電[cur=8,grow=5,prior=7] ; 脱炭素[cur=8,grow=5,prior=7]"
1,1435,"Robot Home, Inc.",https://corp.robothome.jp,"不動産テック[cur=8,grow=5,prior=7] ; 不動産ファンド[cur=8,grow=5,prior=7]"
1,1436,GreenEnergy & Company Inc.,https://green-energy.co.jp,"住宅関連[cur=42,grow=42,prior=42]"
1,1438,"Gifu landscape architect Co., Ltd.",https://www.gifu-zohen.co.jp,"住宅関連[cur=8,grow=5,prior=7] ; 太陽光発電関連[cur=8,grow=5,prior=7]"
1,143A,"Ishin Co., Ltd.",https://ishin1853.co.jp,"デジタルトランスフォーメーション[cur=42,grow=30,prior=38] ; 防災[cur=8,grow=5,prior=7]"
1,1443,"Giken Holdings Co., Ltd.",https://www.giken-hd.co.jp,"防災[cur=8,grow=5,prior=7]"
1,1447,"SAAF Holdings Co.,Ltd.",https://www.saaf-hd.co.jp,"クラウドコンピューティング[cur=42,grow=42,prior=42] ; デジタルトランスフォーメーション[cur=8,grow=5,prior=7] ; フィンテック[cur=8,grow=5,prior=7] ; マイナンバー[cur=8,grow=5,prior=7] ; 防災[cur=8,grow=5,prior=7] ; 電子政府[cur=8,grow=5,prior=7]"
1,1449,,,"住宅関連[cur=8,grow=5,prior=7] ; 建設[cur=8,grow=5,prior=7]"
1,145A,L is B corp.,https://www.l-is-b.com,"生成AI[cur=8,grow=5,prior=7]"
1,146A,Columbia Works Inc.,https://columbiaworks.jp,"マンション関連[cur=8,grow=5,prior=7] ; 不動産ファンド[cur=42,grow=40,prior=41]"
1,147A,"Soracom, Inc.",https://www.soracom.io,"クラウドコンピューティング[cur=42,grow=30,prior=38] ; 生成AI[cur=8,grow=5,prior=7]"
1,150A,"JSH Co.,Ltd.",https://www.jsh-japan.jp,"旅行[cur=58,grow=54,prior=57]"
1,1514,"Sumiseki Holdings,Inc.",https://www.sumiseki.co.jp,"半導体部材・部品[cur=8,grow=5,prior=7] ; 風力発電[cur=8,grow=5,prior=7]"
1,1515,"Nittetsu Mining Co., Ltd.",https://www.nittetsukou.co.jp,"太陽光発電関連[cur=58,grow=56,prior=57] ; 機械[cur=42,grow=40,prior=41] ; 資源開発[cur=42,grow=40,prior=41] ; 銅[cur=42,grow=40,prior=41] ; 非鉄[cur=8,grow=5,prior=7]"
1,1518,"Mitsui Matsushima Holdings Co., Ltd.",https://www.mitsui-matsushima.co.jp,"半導体部材・部品[cur=8,grow=5,prior=7]"
1,151A,Dive Group Inc.,https://dive.design,"ホテル[cur=46,grow=46,prior=46]"
1,153A,Caulis Inc.,https://www.caulis.jp,"証券[cur=8,grow=5,prior=7]"
1,156A,Material Group Inc.,https://materialgroup.jp,"サブスクリプション[cur=8,grow=5,prior=7]"
1,1605,Inpex Corporation,https://www.inpex.com,"アンモニア[cur=8,grow=5,prior=7] ; レアメタル[cur=8,grow=5,prior=7] ; 再生可能エネルギー[cur=8,grow=5,prior=7] ; 太陽光発電関連[cur=8,grow=5,prior=7] ; 核融合発電[cur=8,grow=5,prior=7] ; 水素[cur=8,grow=5,prior=7] ; 脱炭素[cur=8,grow=5,prior=7] ; 資源開発[cur=8,grow=5,prior=7] ; 風力発電[cur=8,grow=5,prior=7]"
1,1662,"Japan Petroleum Exploration Co., Ltd.",https://www.japex.co.jp,"レアアース[cur=8,grow=5,prior=7] ; レアメタル[cur=8,grow=5,prior=7] ; 資源開発[cur=8,grow=5,prior=7]"
1,166A,TASUKI Holdings Inc.,https://tasuki-holdings.co.jp,"フィンテック[cur=8,grow=5,prior=7] ; マンション関連[cur=8,grow=5,prior=7] ; 不動産テック[cur=8,grow=5,prior=7] ; 住宅関連[cur=42,grow=42,prior=42] ; 生成AI[cur=8,grow=5,prior=7]"
1,167A,"Ryoyo Ryosan Holdings, Inc.",https://www.rr-hds.co.jp,"IoT[cur=8,grow=5,prior=7] ; サイバーセキュリティ[cur=8,grow=5,prior=7] ; 半導体商社[cur=42,grow=40,prior=41] ; 自動車部材・部品[cur=8,grow=5,prior=7] ; 自動運転車[cur=8,grow=5,prior=7]"
1,1718,"Mikikogyo Co., Ltd.",https://www.mikikogyo.co.jp,"不動産関連[cur=42,grow=30,prior=38] ; 太陽光発電関連[cur=42,grow=30,prior=38]"
1,1719,Hazama Ando Corporation,https://www.ad-hzm.co.jp,"国土強靱化[cur=54,grow=58,prior=55]"
1,1720,"Tokyu Construction Co., Ltd.",https://www.tokyu-cnst.co.jp,"マンション関連[cur=42,grow=40,prior=41]"
1,1721,COMSYS Holdings Corporation,https://www.comsys-hd.co.jp,"電力設備投資関連[cur=46,grow=44,prior=45] ; 電線地中化[cur=42,grow=40,prior=41] ; 風力発電[cur=8,grow=5,prior=7]"
1,1724,Synclayer Inc.,https://www.synclayer.co.jp,"光ファイバー[cur=8,grow=5,prior=7] ; 防災[cur=8,grow=5,prior=7]"
1,1738,,,"太陽光発電関連[cur=8,grow=5,prior=7]"
1,1758,"Taiyo Kisokogyo Co.,Ltd.",https://taiyoukiso.co.jp,"下水道[cur=8,grow=5,prior=7] ; 電力設備投資関連[cur=8,grow=5,prior=7]"
1,1766,Token Corporation,https://www.token.co.jp,"住宅関連[cur=42,grow=40,prior=41] ; 耐震化[cur=8,grow=5,prior=7]"
1,1771,,,"国土強靱化[cur=8,grow=5,prior=7] ; 建設[cur=8,grow=5,prior=7] ; 防災[cur=8,grow=5,prior=7]"
1,1773,YTL Corporation Berhad,https://www.ytl.com,"不動産関連[cur=42,grow=42,prior=42] ; 建設[cur=42,grow=42,prior=42] ; 鉄道関連[cur=8,grow=5,prior=7] ; 電力会社[cur=8,grow=5,prior=7]"
1,1777,,,"下水道[cur=8,grow=5,prior=7] ; 建設[cur=8,grow=5,prior=7]"
1,1786,Oriental Shiraishi Corporation,https://www.orsc.co.jp,"国土強靱化[cur=46,grow=34,prior=42] ; 耐震化[cur=46,grow=34,prior=42]"
1,1787,"Nakabohtec Corrosion Protecting Co.,Ltd.",https://www.nakabohtec.co.jp,"国土強靱化[cur=42,grow=30,prior=38]"
1,1798,Moriya Corporation,https://www.moriya-s.co.jp,"再生可能エネルギー[cur=8,grow=5,prior=7]"
1,1801,Taisei Corporation,https://www.taisei.co.jp,"サーバー冷却[cur=8,grow=5,prior=7] ; サービスロボット[cur=8,grow=5,prior=7] ; マンション関連[cur=8,grow=5,prior=7] ; 不動産関連[cur=8,grow=5,prior=7] ; 国土強靱化[cur=42,grow=42,prior=42] ; 耐震化[cur=8,grow=5,prior=7] ; 防災[cur=8,grow=5,prior=7] ; 風力発電[cur=8,grow=5,prior=7]"
1,1802,Obayashi Corporation,https://www.obayashi.co.jp,"サーバー冷却[cur=8,grow=5,prior=7] ; 再開発[cur=8,grow=5,prior=7] ; 国土強靱化[cur=50,grow=48,prior=49] ; 核融合発電[cur=8,grow=5,prior=7] ; 水素[cur=8,grow=5,prior=7] ; 耐震化[cur=8,grow=5,prior=7] ; 防災[cur=8,grow=5,prior=7] ; 風力発電[cur=58,grow=56,prior=57]"
1,1803,Shimizu Corporation,https://www.shimz.co.jp,"スマートグリッド[cur=8,grow=5,prior=7] ; 介護関連[cur=8,grow=5,prior=7] ; 国土強靱化[cur=50,grow=50,prior=50] ; 耐震化[cur=8,grow=5,prior=7]"
1,1807,"Watanabe Sato Co., Ltd.",https://www.watanabesato.co.jp,"防災[cur=8,grow=5,prior=7]"
1,1808,HASEKO Corporation,https://www.haseko.co.jp,"介護関連[cur=8,grow=5,prior=7] ; 建設[cur=58,grow=54,prior=57]"
1,1810,"Matsui Construction Co., Ltd.",https://www.matsui-ken.co.jp,"マンション関連[cur=8,grow=5,prior=7] ; 太陽光発電関連[cur=8,grow=5,prior=7] ; 防災[cur=8,grow=5,prior=7]"
1,1811,The Zenitaka Corporation,https://www.zenitaka.co.jp,"耐震化[cur=8,grow=5,prior=7]"
1,1812,Kajima Corporation,https://www.kajima.co.jp,"サーバー冷却[cur=8,grow=5,prior=7] ; ロボット[cur=8,grow=5,prior=7] ; 再開発[cur=8,grow=5,prior=7] ; 国土強靱化[cur=50,grow=54,prior=51] ; 太陽光発電関連[cur=8,grow=5,prior=7] ; 耐震化[cur=8,grow=5,prior=7] ; 脱炭素[cur=42,grow=46,prior=43] ; 防災[cur=8,grow=5,prior=7] ; 風力発電[cur=58,grow=62,prior=59]"
1,1813,Fudo Tetra Corporation,https://www.fudotetra.co.jp,"国土強靱化[cur=42,grow=30,prior=38] ; 防災[cur=8,grow=5,prior=7] ; 風力発電[cur=8,grow=5,prior=7]"
1,1815,Tekken Corporation,https://www.tekken.co.jp,"マンション関連[cur=8,grow=5,prior=7] ; 再開発[cur=8,grow=5,prior=7] ; 国土強靱化[cur=50,grow=50,prior=50] ; 防災[cur=8,grow=5,prior=7]"
1,1820,"Nishimatsu Construction Co., Ltd.",https://www.nishimatsu.co.jp,"ホテル[cur=8,grow=5,prior=7] ; 不動産関連[cur=42,grow=40,prior=41] ; 国土強靱化[cur=8,grow=5,prior=7]"
1,1822,Daiho Corporation,https://www.daiho.co.jp,"国土強靱化[cur=42,grow=42,prior=42] ; 防災[cur=8,grow=5,prior=7]"
1,1832,,,"データセンター[cur=8,grow=5,prior=7] ; 再生可能エネルギー[cur=8,grow=5,prior=7] ; 太陽光発電関連[cur=8,grow=5,prior=7] ; 建設[cur=8,grow=5,prior=7] ; 電力設備投資関連[cur=8,grow=5,prior=7] ; 風力発電[cur=8,grow=5,prior=7]"
1,1833,Okumura Corporation,https://www.okumuragumi.co.jp,"下水道[cur=8,grow=5,prior=7] ; 耐震化[cur=8,grow=5,prior=7] ; 防災[cur=8,grow=5,prior=7]"
1,1835,"Totetsu Kogyo Co., Ltd.",https://www.totetsu.co.jp,"国土強靱化[cur=50,grow=38,prior=46] ; 耐震化[cur=42,grow=30,prior=38] ; 防災[cur=8,grow=5,prior=7]"
1,1844,"Ohmori Co.,Ltd.",https://www.ohmori.co.jp,"電線地中化[cur=42,grow=30,prior=38]"
1,1852,Asanuma Corporation,https://www.asanuma.co.jp,"耐震化[cur=8,grow=5,prior=7]"
1,1853,"Mori-Gumi Co., Ltd.",https://www.morigumi.co.jp,"マンション関連[cur=8,grow=5,prior=7]"
1,1860,Toda Corporation,https://www.toda.co.jp,"介護関連[cur=8,grow=5,prior=7] ; 国土強靱化[cur=42,grow=44,prior=43] ; 脱炭素[cur=42,grow=44,prior=43] ; 風力発電[cur=58,grow=60,prior=59]"
1,1861,"Kumagai Gumi Co.,Ltd.",https://www.kumagaigumi.co.jp,"再開発[cur=8,grow=5,prior=7]"
1,1866,Kitano Construction Corp.,https://www.kitano.co.jp,"ホテル[cur=42,grow=40,prior=41]"
1,1867,UEKI Corporation,https://www.uekigumi.co.jp,"介護関連[cur=8,grow=5,prior=7]"
1,1869,,,"耐震化[cur=8,grow=5,prior=7] ; 鉄道関連[cur=8,grow=5,prior=7] ; 防災[cur=8,grow=5,prior=7]"
1,1870,"Yahagi Construction Co.,Ltd.",https://www.yahagi.co.jp,"国土強靱化[cur=42,grow=42,prior=42] ; 防災[cur=42,grow=42,prior=42]"
1,1871,"PS Construction Co., Ltd.",https://www.psc.co.jp,"国土強靱化[cur=46,grow=34,prior=42] ; 耐震化[cur=8,grow=5,prior=7] ; 防災[cur=8,grow=5,prior=7]"
1,1878,"Daito Trust Construction Co.,Ltd.",https://kentaku.co.jp,"住宅関連[cur=46,grow=46,prior=46]"
1,1879,Shinnihon Corporation,https://www.shinnihon-c.co.jp,"不動産関連[cur=42,grow=42,prior=42] ; 耐震化[cur=8,grow=5,prior=7]"
1,1882,Toa Road Corporation,https://www.toadoro.co.jp,"国土強靱化[cur=50,grow=48,prior=49]"
1,1885,TOA Corporation,https://www.toa-const.co.jp,"レアアース[cur=8,grow=5,prior=7] ; 防災[cur=8,grow=5,prior=7] ; 風力発電[cur=8,grow=5,prior=7]"
1,1887,JDC Corporation,https://www.n-kokudo.co.jp,"不動産関連[cur=42,grow=42,prior=42] ; 再開発[cur=8,grow=5,prior=7] ; 国土強靱化[cur=50,grow=50,prior=50] ; 建設機械[cur=8,grow=5,prior=7] ; 耐震化[cur=8,grow=5,prior=7]"
1,1888,"Wakachiku Construction Co., Ltd.",https://www.wakachiku.co.jp,"国土強靱化[cur=8,grow=5,prior=7]"
1,1892,,,"建設[cur=8,grow=5,prior=7]"
1,1893,"Penta-Ocean Construction Co., Ltd.",https://www.penta-ocean.co.jp,"データセンター[cur=8,grow=5,prior=7] ; ドローン[cur=8,grow=5,prior=7] ; 国土強靱化[cur=50,grow=48,prior=49] ; 防災[cur=8,grow=5,prior=7] ; 風力発電[cur=8,grow=5,prior=7]"
1,1898,"Seikitokyu Kogyo Co., Ltd.",https://www.seikitokyu.co.jp,"国土強靱化[cur=42,grow=30,prior=38]"
1,1899,Fukuda Corporation,https://www.fkd.co.jp,"鉄道関連[cur=8,grow=5,prior=7]"
1,189A,"D & M Company Co., Ltd.",https://www.dmcompany.co.jp,"リース[cur=58,grow=54,prior=57]"
1,1905,Tenox Corporation,https://www.tenox.co.jp,"国土強靱化[cur=42,grow=30,prior=38]"
1,1909,"Nippon Dry-Chemical Co., Ltd.",https://www.ndc-group.co.jp,"機械[cur=42,grow=30,prior=38] ; 設備投資[cur=42,grow=30,prior=38]"
1,1911,"Sumitomo Forestry Co., Ltd.",https://sfc.jp,"耐震化[cur=8,grow=5,prior=7] ; 風力発電[cur=8,grow=5,prior=7]"
1,1914,"Japan Foundation Engineering Co., Ltd.",https://www.jafec.co.jp,"国土強靱化[cur=42,grow=30,prior=38] ; 耐震化[cur=8,grow=5,prior=7]"
1,1921,Tomoe Corporation,https://www.tomoe-corporation.co.jp,"マンション関連[cur=8,grow=5,prior=7] ; 耐震化[cur=8,grow=5,prior=7] ; 送電[cur=8,grow=5,prior=7] ; 電力設備投資関連[cur=8,grow=5,prior=7]"
1,1925,"Daiwa House Industry Co., Ltd.",https://www.daiwahouse.co.jp,"サービスロボット[cur=8,grow=5,prior=7] ; スマートグリッド[cur=8,grow=5,prior=7] ; データセンター[cur=8,grow=5,prior=7] ; リチウムイオン電池[cur=8,grow=5,prior=7] ; ロボット[cur=8,grow=5,prior=7] ; 不動産ファンド[cur=42,grow=42,prior=42] ; 太陽光発電関連[cur=8,grow=5,prior=7] ; 物流[cur=42,grow=42,prior=42] ; 蓄電池[cur=8,grow=5,prior=7] ; 防災[cur=8,grow=5,prior=7] ; 風力発電[cur=8,grow=5,prior=7]"
1,1926,"Raito Kogyo Co., Ltd.",https://www.raito.co.jp,"国土強靱化[cur=42,grow=30,prior=38] ; 耐震化[cur=42,grow=30,prior=38]"
1,1928,"Sekisui House, Ltd.",https://www.sekisuihouse.co.jp,"介護関連[cur=8,grow=5,prior=7] ; 太陽光発電関連[cur=8,grow=5,prior=7] ; 防災[cur=8,grow=5,prior=7]"
1,1930,"Hokuriku Electrical Construction Co.,Ltd.",https://www.rikudenko.co.jp,"データセンター[cur=8,grow=5,prior=7] ; 鉄道関連[cur=8,grow=5,prior=7]"
1,1934,Yurtec Corporation,https://www.yurtec.co.jp,"電力設備投資関連[cur=8,grow=5,prior=7] ; 風力発電[cur=8,grow=5,prior=7]"
1,1941,Chudenko Corporation,https://www.chudenko.co.jp,"電力設備投資関連[cur=42,grow=40,prior=41] ; 電線地中化[cur=8,grow=5,prior=7]"
1,1942,"Kandenko Co.,Ltd.",https://www.kandenko.co.jp,"スマートグリッド[cur=42,grow=40,prior=41] ; データセンター[cur=8,grow=5,prior=7] ; 太陽光発電関連[cur=58,grow=56,prior=57] ; 防災[cur=42,grow=40,prior=41] ; 電力設備投資関連[cur=58,grow=56,prior=57] ; 電線地中化[cur=8,grow=5,prior=7] ; 風力発電[cur=8,grow=5,prior=7]"
1,1944,Kinden Corporation,https://www.kinden.co.jp,"スマートグリッド[cur=8,grow=5,prior=7] ; データセンター[cur=8,grow=5,prior=7] ; 太陽光発電関連[cur=58,grow=56,prior=57] ; 電線地中化[cur=8,grow=5,prior=7] ; 風力発電[cur=58,grow=56,prior=57]"
1,1945,Tokyo Energy & Systems Inc.,https://www.qtes.co.jp,"データセンター[cur=8,grow=5,prior=7] ; 再生可能エネルギー[cur=8,grow=5,prior=7] ; 太陽光発電関連[cur=8,grow=5,prior=7]"
1,1946,Toenec Corporation,https://www.toenec.co.jp,"電力設備投資関連[cur=46,grow=34,prior=42]"
1,194A,"WOLVES HAND Co., Ltd.",https://www.wolveshand.jp,"サブスクリプション[cur=8,grow=5,prior=7] ; 創薬[cur=8,grow=5,prior=7] ; 医療機器[cur=58,grow=58,prior=58]"
1,1950,"Nippon Densetsu Kogyo Co., Ltd.",https://www.densetsuko.co.jp,"再生可能エネルギー[cur=58,grow=46,prior=54] ; 太陽光発電関連[cur=8,grow=5,prior=7]"
1,1951,"EXEO Group, Inc.",https://www.exeo.co.jp,"IoT[cur=8,grow=5,prior=7] ; クラウドコンピューティング[cur=42,grow=40,prior=41] ; 光ファイバー[cur=8,grow=5,prior=7] ; 耐震化[cur=8,grow=5,prior=7] ; 鉄道関連[cur=8,grow=5,prior=7] ; 防災[cur=8,grow=5,prior=7] ; 電線地中化[cur=42,grow=40,prior=41]"
1,1959,Kraftia Corporation,https://www.kraftia.co.jp,"データセンター[cur=8,grow=5,prior=7] ; 太陽光発電関連[cur=8,grow=5,prior=7] ; 送電[cur=8,grow=5,prior=7] ; 電線地中化[cur=8,grow=5,prior=7] ; 風力発電[cur=8,grow=5,prior=7]"
1,195A,MUSCAT GROUP Inc.,https://muscatgroup.co.jp,"クラウドコンピューティング[cur=42,grow=42,prior=42]"
1,1961,"Sanki Engineering Co., Ltd.",https://www.sanki.co.jp,"サーバー冷却[cur=46,grow=34,prior=42] ; データセンター[cur=8,grow=5,prior=7] ; 物流[cur=58,grow=54,prior=57] ; 電力設備投資関連[cur=8,grow=5,prior=7]"
1,1963,JGC Holdings Corporation,https://www.jgc.com,"アンモニア[cur=8,grow=5,prior=7] ; レアアース[cur=8,grow=5,prior=7] ; 原子力発電[cur=8,grow=5,prior=7] ; 核融合発電[cur=8,grow=5,prior=7] ; 水素[cur=8,grow=5,prior=7] ; 脱炭素[cur=8,grow=5,prior=7] ; 蓄電池[cur=8,grow=5,prior=7] ; 資源開発[cur=42,grow=40,prior=41]"
1,1966,Takada Corporation,https://www.takada.co.jp,"半導体製造装置[cur=8,grow=5,prior=7] ; 原子力発電[cur=8,grow=5,prior=7] ; 電力設備投資関連[cur=8,grow=5,prior=7]"
1,1968,"Taihei Dengyo Kaisha, Ltd.",https://www.taihei-dengyo.co.jp,"原子力発電[cur=42,grow=40,prior=41] ; 耐震化[cur=8,grow=5,prior=7] ; 防災[cur=8,grow=5,prior=7] ; 電力設備投資関連[cur=42,grow=40,prior=41]"
1,1969,"Takasago Thermal Engineering Co., Ltd.",https://www.tte-net.com,"サーバー冷却[cur=46,grow=34,prior=42] ; 水素[cur=42,grow=30,prior=38]"
1,1975,"Asahi Kogyosha Co., Ltd.",https://www.asahikogyosha.co.jp,"データセンター[cur=8,grow=5,prior=7] ; 半導体製造装置[cur=42,grow=40,prior=41]"
1,1979,Taikisha Ltd.,https://www.taikisha-group.com,"自動車製造装置[cur=8,grow=5,prior=7]"
1,1980,"Dai-Dan Co., Ltd.",https://www.daidan.co.jp,"クラウドコンピューティング[cur=8,grow=5,prior=7] ; サーバー冷却[cur=42,grow=30,prior=38] ; データセンター[cur=8,grow=5,prior=7] ; 下水道[cur=8,grow=5,prior=7] ; 受変電設備[cur=8,grow=5,prior=7] ; 建設[cur=42,grow=30,prior=38] ; 水道関連[cur=8,grow=5,prior=7]"
1,1982,"Hibiya Engineering, Ltd.",https://www.hibiya-eng.co.jp,"サーバー冷却[cur=42,grow=40,prior=41]"
1,198A,PostPrime Inc.,https://corp.postprime.com,"サブスクリプション[cur=8,grow=5,prior=7]"
1,1997,"Akatsuki Eazima Co., Ltd.",https://www.eazima.co.jp,"下水道[cur=58,grow=46,prior=54]"
1,2001,Nippn Corporation,https://www.nippn.co.jp,"バイオテクノロジー関連[cur=58,grow=58,prior=58]"
1,2002,Nisshin Seifun Group Inc.,https://www.nisshin.com,"機械[cur=8,grow=5,prior=7]"
1,2058,,,"食品[cur=8,grow=5,prior=7]"
1,205A,Logos Holdings Inc.,https://logos-holdings.jp,"建設DX[cur=8,grow=5,prior=7]"
1,208A,KOZO KEIKAKU ENGINEERING HOLDINGS Inc.,https://www.kke-hd.co.jp,"IT関連[cur=58,grow=54,prior=57] ; サブスクリプション[cur=8,grow=5,prior=7] ; データ分析・解析[cur=8,grow=5,prior=7] ; 耐震化[cur=8,grow=5,prior=7] ; 防災[cur=42,grow=40,prior=41] ; 風力発電[cur=8,grow=5,prior=7]"
1,2120,"LIFULL Co.,Ltd.",https://www.lifull.com,"不動産テック[cur=8,grow=5,prior=7]"
1,2122,"Interspace Co.,Ltd.",https://www.interspace.ne.jp,"サブスクリプション[cur=42,grow=30,prior=38]"
1,212A,FIT EASY Inc.,https://fiteasy.co.jp,"サブスクリプション[cur=8,grow=5,prior=7]"
1,2130,"Members Co., Ltd.",https://www.members.co.jp,"IT関連[cur=8,grow=5,prior=7] ; 生成AI[cur=8,grow=5,prior=7]"
1,2134,"Kitahama Capital Partners Co.,Ltd.",https://kitahamabank.co.jp,"不動産ファンド[cur=42,grow=44,prior=43] ; 不動産関連[cur=8,grow=5,prior=7]"
1,2137,,,"介護関連[cur=8,grow=5,prior=7]"
1,2138,"CROOZ, Inc.",https://www.crooz.co.jp,"介護関連[cur=8,grow=5,prior=7]"
1,2148,ITmedia Inc.,https://corp.itmedia.co.jp,"クラウドコンピューティング[cur=8,grow=5,prior=7] ; デジタルトランスフォーメーション[cur=8,grow=5,prior=7] ; データ分析・解析[cur=8,grow=5,prior=7] ; 人工知能[cur=8,grow=5,prior=7]"
1,2153,E J Holdings Inc.,https://www.ej-hds.co.jp,"国土強靱化[cur=42,grow=42,prior=42]"
1,2158,"FRONTEO, Inc.",https://www.fronteo.com,"クラウドコンピューティング[cur=8,grow=5,prior=7] ; ロボット[cur=8,grow=5,prior=7]"
1,2164,"Chiikishinbunsha Co.,Ltd.",https://www.chiikinews.co.jp,"人工知能[cur=8,grow=5,prior=7] ; 生成AI[cur=8,grow=5,prior=7]"
1,2169,"CDS Co.,Ltd.",https://www.cds-japan.jp,"IoT[cur=8,grow=5,prior=7]"
1,2170,Link and Motivation Inc.,https://www.lmi.ne.jp,"サブスクリプション[cur=8,grow=5,prior=7]"
1,2173,Hakuten Corporation,https://www.hakuten.co.jp,"サービスロボット[cur=8,grow=5,prior=7]"
1,2175,"SMS Co., Ltd.",https://www.bm-sms.co.jp,"サブスクリプション[cur=8,grow=5,prior=7]"
1,2183,"Linical Co., Ltd.",https://www.linical.com/ja,"認知症薬[cur=8,grow=5,prior=7]"
1,2186,Sobal Corporation,https://www.sobal.co.jp,"自動運転車[cur=8,grow=5,prior=7]"
1,218A,"Liberaware Co., Ltd.",https://liberaware.co.jp,"データ分析・解析[cur=8,grow=5,prior=7] ; 下水道[cur=8,grow=5,prior=7]"
1,2193,Cookpad Inc.,https://cookpad.com/jp,"宅配[cur=8,grow=5,prior=7]"
1,219A,Heartseed Inc.,https://www.heartseed.jp,"再生医療[cur=8,grow=5,prior=7]"
1,2212,"Yamazaki Baking Co., Ltd.",https://www.yamazakipan.co.jp,"外食[cur=8,grow=5,prior=7]"
1,2220,"Kameda Seika Co.,Ltd.",https://www.kamedaseika.co.jp,"防災[cur=8,grow=5,prior=7]"
1,2222,"Kotobuki Spirits Co., Ltd.",https://www.kotobukispirits.co.jp,"旅行[cur=8,grow=5,prior=7]"
1,2269,"Meiji Holdings Co., Ltd.",https://www.meiji.com,"介護関連[cur=8,grow=5,prior=7] ; 宅配[cur=8,grow=5,prior=7]"
1,228A,"OPRO Co., Ltd.",https://corp.opro.net,"クラウドコンピューティング[cur=42,grow=30,prior=38] ; サブスクリプション[cur=58,grow=46,prior=54] ; データ分析・解析[cur=8,grow=5,prior=7] ; 電子政府[cur=8,grow=5,prior=7]"
1,2294,"Kakiyasu Honten Co., Ltd.",https://www.kakiyasuhonten.co.jp,"外食[cur=58,grow=46,prior=54]"
1,2303,Dawn Corp.,https://www.dawn-corp.co.jp,"ドローン[cur=8,grow=5,prior=7] ; 自動運転車[cur=8,grow=5,prior=7]"
1,2304,"CSS Holdings,Ltd.",https://www.css-holdings.jp,"ホテル[cur=42,grow=30,prior=38]"
1,2307,"Cross Cat Co., Ltd.",https://www.xcat.co.jp,"キャッシュレス決済[cur=8,grow=5,prior=7] ; フィンテック[cur=8,grow=5,prior=7] ; マイナンバー[cur=8,grow=5,prior=7] ; 電子政府[cur=8,grow=5,prior=7]"
1,2311,"EPCO Co.,Ltd.",https://www.epco.co.jp,"下水道[cur=8,grow=5,prior=7]"
1,2315,CAICA DIGITAL Inc.,https://www.caica.jp,"データ分析・解析[cur=8,grow=5,prior=7]"
1,2317,Systena Corporation,https://www.systena.co.jp,"クラウドコンピューティング[cur=42,grow=42,prior=42] ; マイナンバー[cur=8,grow=5,prior=7] ; 自動運転車[cur=8,grow=5,prior=7]"
1,231A,,,"マンション関連[cur=8,grow=5,prior=7] ; 下水道[cur=8,grow=5,prior=7] ; 住宅関連[cur=8,grow=5,prior=7] ; 建設[cur=8,grow=5,prior=7]"
1,2321,Softfront Holdings,https://www.softfront.co.jp,"クラウドコンピューティング[cur=42,grow=40,prior=41] ; サービスロボット[cur=8,grow=5,prior=7] ; データセンター[cur=8,grow=5,prior=7] ; 生成AI[cur=42,grow=40,prior=41]"
1,2325,"NJS Co., Ltd.",https://www.njs.co.jp,"耐震化[cur=8,grow=5,prior=7]"
1,2326,Digital Arts Inc.,https://www.daj.jp,"サブスクリプション[cur=8,grow=5,prior=7] ; マイナンバー[cur=8,grow=5,prior=7]"
1,2327,NS Solutions Corporation,https://www.nssol.nipponsteel.com,"SaaS[cur=8,grow=5,prior=7] ; クラウドコンピューティング[cur=8,grow=5,prior=7] ; サイバーセキュリティ[cur=8,grow=5,prior=7] ; データセンター[cur=8,grow=5,prior=7] ; ドローン[cur=8,grow=5,prior=7] ; 電子政府[cur=8,grow=5,prior=7]"
1,2330,"Forside Co.,Ltd.",https://www.forside.co.jp,"ゲーム関連[cur=8,grow=5,prior=7] ; 物流[cur=58,grow=54,prior=57] ; 生成AI[cur=8,grow=5,prior=7]"
1,2331,"Alsok Co.,Ltd.",https://www.alsok.co.jp,"サブスクリプション[cur=8,grow=5,prior=7] ; サービスロボット[cur=42,grow=30,prior=38] ; ドローン[cur=8,grow=5,prior=7] ; マイナンバー[cur=8,grow=5,prior=7] ; 防災[cur=8,grow=5,prior=7]"
1,2334,eole Inc.,https://www.eole.co.jp,"ゲーム関連[cur=8,grow=5,prior=7] ; データセンター[cur=8,grow=5,prior=7]"
1,2335,Cube System Inc.,https://www.cubesystem.co.jp,"フィンテック[cur=8,grow=5,prior=7]"
1,2337,Ichigo Inc.,https://www.ichigo.gr.jp,"太陽光発電関連[cur=42,grow=46,prior=43]"
1,2338,"Quantum Solutions Co.,Ltd.",https://www.quantum-s.co.jp,"エッジコンピューティング[cur=8,grow=5,prior=7]"
1,2341,"Arbeit-Times Co., Ltd.",https://www.atimes.co.jp,"サブスクリプション[cur=8,grow=5,prior=7]"
1,2349,"Nippon Information Development Co., Ltd.",https://www.nid.co.jp,"クラウドコンピューティング[cur=42,grow=40,prior=41] ; 人工知能[cur=8,grow=5,prior=7]"
1,2351,ASJ Inc.,https://www.asj.ad.jp,"eコマース[cur=8,grow=5,prior=7] ; クラウドコンピューティング[cur=58,grow=60,prior=59] ; サブスクリプション[cur=8,grow=5,prior=7] ; フィンテック[cur=8,grow=5,prior=7]"
1,2354,YE DIGITAL Corporation,https://www.ye-digital.com,"FA関連[cur=8,grow=5,prior=7] ; サイバーセキュリティ[cur=8,grow=5,prior=7]"
1,2359,Core Corporation,https://www.core.co.jp,"エッジコンピューティング[cur=42,grow=30,prior=38] ; マイナンバー[cur=8,grow=5,prior=7] ; 宇宙開発関連[cur=8,grow=5,prior=7] ; 自動運転車[cur=8,grow=5,prior=7]"
1,2371,"Kakaku.com, Inc.",https://corporate.kakaku.com,"サブスクリプション[cur=8,grow=5,prior=7] ; 保険[cur=8,grow=5,prior=7] ; 旅行[cur=42,grow=30,prior=38]"
1,2375,GiG Works Inc.,https://www.gig.co.jp/,"生成AI[cur=8,grow=5,prior=7]"
1,2376,Scinex Corporation,https://www.scinex.co.jp,"キャッシュレス決済[cur=8,grow=5,prior=7] ; 旅行[cur=8,grow=5,prior=7] ; 生成AI[cur=46,grow=46,prior=46]"
1,2384,"SBS Holdings, Inc.",https://www.sbs-group.co.jp,"不動産関連[cur=58,grow=54,prior=57]"
1,2388,"Wedge Holdings CO.,LTD.",https://www.wedge-hd.com,"ゲーム関連[cur=8,grow=5,prior=7] ; リース[cur=8,grow=5,prior=7]"
1,2395,"Shin Nippon Biomedical Laboratories, Ltd.",https://www.snbl.co.jp,"バイオテクノロジー関連[cur=8,grow=5,prior=7] ; ホテル[cur=58,grow=60,prior=59] ; 水素[cur=8,grow=5,prior=7]"
1,2408,"KG Intelligence CO., LTD.",https://www.kg-net.co.jp,"住宅関連[cur=58,grow=54,prior=57]"
1,2411,Gendai Agency Inc.,https://www.gendai-a.co.jp,"不動産関連[cur=42,grow=44,prior=43]"
1,2413,"M3, Inc.",https://corporate.m3.com,"IT関連[cur=8,grow=5,prior=7] ; 人工知能[cur=8,grow=5,prior=7] ; 介護関連[cur=8,grow=5,prior=7] ; 遠隔医療[cur=8,grow=5,prior=7]"
1,241A,"ROXX,inc.",https://roxx.co.jp,"サブスクリプション[cur=8,grow=5,prior=7] ; データベース[cur=8,grow=5,prior=7]"
1,2428,Wellnet Corporation,https://www.wellnet.co.jp,"MaaS[cur=58,grow=56,prior=57] ; eコマース[cur=8,grow=5,prior=7] ; キャッシュレス決済[cur=42,grow=40,prior=41] ; フィンテック[cur=8,grow=5,prior=7]"
1,2432,"DeNA Co., Ltd.",https://dena.com/intl/,"MaaS[cur=8,grow=5,prior=7] ; フィンテック[cur=8,grow=5,prior=7]"
1,2433,Hakuhodo DY Holdings Inc,https://www.hakuhodody-holdings.co.jp,"クラウドコンピューティング[cur=8,grow=5,prior=7]"
1,2436,"Kyodo Public Relations Co., Ltd.",https://www.kyodo-pr.co.jp,"SaaS[cur=8,grow=5,prior=7] ; デジタルトランスフォーメーション[cur=8,grow=5,prior=7] ; データ分析・解析[cur=42,grow=30,prior=38]"
1,2437,"Shinwa Wise Holdings Co.,Ltd.",https://www.shinwa-wise.com,"再生可能エネルギー[cur=42,grow=30,prior=38]"
1,2438,"Asukanet Co., Ltd.",https://www.asukanet.co.jp,"フィンテック[cur=8,grow=5,prior=7]"
1,2440,"Gurunavi, Inc.",https://corporate.gnavi.co.jp,"IT関連[cur=8,grow=5,prior=7]"
2,2445,"Takamiya Co., Ltd.",https://corp.takamiya.co,"国土強靱化[cur=42,grow=40,prior=41] ; 太陽光発電関連[cur=8,grow=5,prior=7] ; 耐震化[cur=8,grow=5,prior=7]"
2,244A,"Growth X Partners,Inc.",https://www.gxp-group.co.jp,"クラウドコンピューティング[cur=8,grow=5,prior=7] ; データ分析・解析[cur=8,grow=5,prior=7]"
2,2454,"All About, Inc.",https://www.allabout.co.jp,"IT関連[cur=8,grow=5,prior=7]"
2,2459,"AUN CONSULTING, Inc.",https://www.auncon.co.jp,"不動産関連[cur=8,grow=5,prior=7] ; 生成AI[cur=8,grow=5,prior=7]"
2,245A,INGS inc.,https://ingsinc.co.jp,"小売り[cur=8,grow=5,prior=7]"
2,2464,"Aoba-BBT, Inc.",https://www.aoba-bbt.com,"教育ICT[cur=42,grow=30,prior=38]"
2,2467,,,"IT関連[cur=8,grow=5,prior=7] ; サイバーセキュリティ[cur=8,grow=5,prior=7] ; マイナンバー[cur=8,grow=5,prior=7] ; 電子政府[cur=8,grow=5,prior=7]"
2,246A,ASUA Inc.,https://www.asua.ne.jp,"データ分析・解析[cur=8,grow=5,prior=7]"
2,2471,"S-Pool, Inc.",https://www.spool.co.jp,"マイナンバー[cur=8,grow=5,prior=7] ; 物流[cur=58,grow=54,prior=57]"
2,2479,JTEC Corporation,https://www.j-tec-cor.co.jp,"IT関連[cur=42,grow=44,prior=43] ; クラウドコンピューティング[cur=8,grow=5,prior=7]"
2,247A,Ai Robotics Inc.,https://ai-robotics.co.jp,"小売り[cur=8,grow=5,prior=7]"
2,2480,"System Location Co.,Ltd.",https://slc.jp,"IT関連[cur=58,grow=54,prior=57] ; クラウドコンピューティング[cur=42,grow=30,prior=38] ; データ分析・解析[cur=8,grow=5,prior=7]"
2,2484,"Demae-Can Co.,Ltd",https://corporate.demae-can.com,"宅配[cur=42,grow=40,prior=41]"
2,2488,"JTP Co.,Ltd.",https://www.jtp.co.jp,"AIエージェント[cur=8,grow=5,prior=7] ; ロボット[cur=8,grow=5,prior=7] ; 教育ICT[cur=8,grow=5,prior=7]"
2,2489,Adways Inc.,https://www.adways.net,"ホテル[cur=8,grow=5,prior=7] ; 蓄電池[cur=8,grow=5,prior=7]"
2,2491,"ValueCommerce Co., Ltd.",https://www.valuecommerce.co.jp,"サブスクリプション[cur=8,grow=5,prior=7] ; 旅行[cur=42,grow=30,prior=38]"
2,2492,Infomart Corporation,https://www.infomart.co.jp,"eコマース[cur=8,grow=5,prior=7] ; クラウドコンピューティング[cur=42,grow=30,prior=38] ; フィンテック[cur=8,grow=5,prior=7] ; 建設DX[cur=8,grow=5,prior=7]"
2,2497,"UNITED, Inc.",https://www.united.jp,"生成AI[cur=8,grow=5,prior=7]"
2,2498,Oriental Consultants Holdings Company Limited,https://www.oriconhd.jp,"国土強靱化[cur=8,grow=5,prior=7]"
2,2503,"Kirin Holdings Company, Limited",https://www.kirinholdings.com/jp/,"再生医療[cur=8,grow=5,prior=7]"
2,250A,Shimadaya Corporation,https://www.shimadaya.co.jp,"外食[cur=58,grow=46,prior=54]"
2,253A,"ETS Group Co.,Ltd",https://ets-group.co.jp,"再生可能エネルギー[cur=8,grow=5,prior=7] ; 太陽光発電関連[cur=8,grow=5,prior=7] ; 風力発電[cur=8,grow=5,prior=7]"
2,254A,Ai Fusion Capital Group Corp.,https://aifcg.jp/,"生成AI[cur=42,grow=40,prior=41]"
2,255A,"Gltechno Holdings, Inc.",https://www.gltechno.co.jp/index.html,"半導体製造装置[cur=42,grow=30,prior=38]"
2,256A,TOBISHIMA HOLDINGS Inc.,https://www.tobishimahd.co.jp/,"下水道[cur=8,grow=5,prior=7] ; 国土強靱化[cur=42,grow=42,prior=42] ; 耐震化[cur=8,grow=5,prior=7] ; 防災[cur=8,grow=5,prior=7]"
2,2594,Key Coffee Inc.,https://www.keycoffee.co.jp,"外食[cur=8,grow=5,prior=7]"
2,259A,,,"小売り[cur=8,grow=5,prior=7]"
